----------------
; Command Info ;
----------------
Report Timing: Found 1 setup paths (1 violated).  Worst case slack is -6.805 

Tcl Command:
    report_timing -append -setup -file output_files/setup_clk_sys_keys.rpt -panel_name {clk_sys setup: accm} -to [get_registers {*wpms_formation:*|accm*}] -to_clock [get_clocks {*u_pll_sys*PLL_OUTPUT_COUNTER*}] -npaths 1 -detail full_path

Options:
    -to [get_registers {*wpms_formation:*|accm*}] 
    -to_clock [get_clocks {*u_pll_sys*PLL_OUTPUT_COUNTER*}] 
    -setup 
    -npaths 1 
    -detail full_path 
    -panel_name {clk_sys setup: accm} 
    -file {output_files/setup_clk_sys_keys.rpt} 
    -append 

Delay Model:
    Slow 1100mV 85C Model

+-----------------------------------------------------------------------------------------------------------------------------------------------------------------------------------------------------------------------------------------------------------------------------------------------------------------------------------------------------------------------------------------+
; Summary of Paths                                                                                                                                                                                                                                                                                                                                                                        ;
+--------+-------------------------------------------------------------------------------------------+---------------------------------------------------------------------------------------+-------------------------------------------------------------------------+-------------------------------------------------------------------------+--------------+------------+------------+
; Slack  ; From Node                                                                                 ; To Node                                                                               ; Launch Clock                                                            ; Latch Clock                                                             ; Relationship ; Clock Skew ; Data Delay ;
+--------+-------------------------------------------------------------------------------------------+---------------------------------------------------------------------------------------+-------------------------------------------------------------------------+-------------------------------------------------------------------------+--------------+------------+------------+
; -6.805 ; wpms_system:u_sys|wpms_synth_top:u_synth|wpms_l2_top:u_l2|wpms_formation:form|pmask[1][0] ; wpms_system:u_sys|wpms_synth_top:u_synth|wpms_l2_top:u_l2|wpms_formation:form|accm[8] ; u_pll_sys|g_intel.g_one.u_pll|general[0].gpll~PLL_OUTPUT_COUNTER|divclk ; u_pll_sys|g_intel.g_one.u_pll|general[0].gpll~PLL_OUTPUT_COUNTER|divclk ; 20.000       ; -0.546     ; 26.179     ;
+--------+-------------------------------------------------------------------------------------------+---------------------------------------------------------------------------------------+-------------------------------------------------------------------------+-------------------------------------------------------------------------+--------------+------------+------------+

Path #1: Setup slack is -6.805 (VIOLATED)
===============================================================================
+----------------------------------------------------------------------------------------------------------------+
; Path Summary                                                                                                   ;
+--------------------+-------------------------------------------------------------------------------------------+
; Property           ; Value                                                                                     ;
+--------------------+-------------------------------------------------------------------------------------------+
; From Node          ; wpms_system:u_sys|wpms_synth_top:u_synth|wpms_l2_top:u_l2|wpms_formation:form|pmask[1][0] ;
; To Node            ; wpms_system:u_sys|wpms_synth_top:u_synth|wpms_l2_top:u_l2|wpms_formation:form|accm[8]     ;
; Launch Clock       ; u_pll_sys|g_intel.g_one.u_pll|general[0].gpll~PLL_OUTPUT_COUNTER|divclk                   ;
; Latch Clock        ; u_pll_sys|g_intel.g_one.u_pll|general[0].gpll~PLL_OUTPUT_COUNTER|divclk                   ;
; Data Arrival Time  ; 30.666                                                                                    ;
; Data Required Time ; 23.861                                                                                    ;
; Slack              ; -6.805 (VIOLATED)                                                                         ;
+--------------------+-------------------------------------------------------------------------------------------+

+--------------------------------------------------------------------------------------+
; Statistics                                                                           ;
+------------------------+--------+-------+-------------+------------+--------+--------+
; Property               ; Value  ; Count ; Total Delay ; % of Total ; Min    ; Max    ;
+------------------------+--------+-------+-------------+------------+--------+--------+
; Setup Relationship     ; 20.000 ;       ;             ;            ;        ;        ;
; Clock Skew             ; -0.546 ;       ;             ;            ;        ;        ;
; Data Delay             ; 26.179 ;       ;             ;            ;        ;        ;
; Number of Logic Levels ;        ; 17    ;             ;            ;        ;        ;
; Physical Delays        ;        ;       ;             ;            ;        ;        ;
;  Arrival Path          ;        ;       ;             ;            ;        ;        ;
;   Clock                ;        ;       ;             ;            ;        ;        ;
;    IC                  ;        ; 6     ; 4.694       ; 56         ; 0.000  ; 2.364  ;
;    Cell                ;        ; 5     ; 3.734       ; 44         ; 0.329  ; 1.738  ;
;    PLL Compensation    ;        ; 1     ; -3.941      ; 0          ; -3.941 ; -3.941 ;
;   Data                 ;        ;       ;             ;            ;        ;        ;
;    IC                  ;        ; 41    ; 13.535      ; 52         ; 0.000  ; 1.494  ;
;    Cell                ;        ; 42    ; 12.644      ; 48         ; 0.000  ; 4.263  ;
;    uTco                ;        ; 1     ; 0.000       ; 0          ; 0.000  ; 0.000  ;
;  Required Path         ;        ;       ;             ;            ;        ;        ;
;   Clock                ;        ;       ;             ;            ;        ;        ;
;    IC                  ;        ; 6     ; 4.021       ; 55         ; 0.000  ; 1.918  ;
;    Cell                ;        ; 5     ; 3.318       ; 45         ; 0.304  ; 1.470  ;
;    PLL Compensation    ;        ; 1     ; -5.095      ; 0          ; -5.095 ; -5.095 ;
+------------------------+--------+-------+-------------+------------+--------+--------+
Note: Negative delays are omitted from totals when calculating percentages

+------------------------------------------------------------------------------------------------------------------------------------------------------------------+
; Data Arrival Path                                                                                                                                                ;
+----------+----------+----+------+--------+---------------------------+-------------------------------------------------------------------------------------------+
; Total    ; Incr     ; RF ; Type ; Fanout ; Location                  ; Element                                                                                   ;
+----------+----------+----+------+--------+---------------------------+-------------------------------------------------------------------------------------------+
; 0.000    ; 0.000    ;    ;      ;        ;                           ; launch edge time                                                                          ;
; 4.487    ; 4.487    ;    ;      ;        ;                           ; clock path                                                                                ;
;   0.000  ;   0.000  ;    ;      ;        ;                           ; source latency                                                                            ;
;   0.000  ;   0.000  ;    ;      ; 1      ; PIN_V11                   ; FPGA_CLK1_50                                                                              ;
;   0.000  ;   0.000  ; RR ; IC   ; 1      ; IOIBUF_X32_Y0_N1          ; FPGA_CLK1_50~input|i                                                                      ;
;   0.766  ;   0.766  ; RR ; CELL ; 2      ; IOIBUF_X32_Y0_N1          ; FPGA_CLK1_50~input|o                                                                      ;
;   2.087  ;   1.321  ; RR ; IC   ; 1      ; PLLREFCLKSELECT_X0_Y7_N0  ; u_pll_sys|g_intel.g_one.u_pll|general[0].gpll~PLL_REFCLK_SELECT|clkin[0]                  ;
;   2.420  ;   0.333  ; RR ; CELL ; 1      ; PLLREFCLKSELECT_X0_Y7_N0  ; u_pll_sys|g_intel.g_one.u_pll|general[0].gpll~PLL_REFCLK_SELECT|clkout                    ;
;   2.420  ;   0.000  ; RR ; IC   ; 10     ; FRACTIONALPLL_X0_Y1_N0    ; u_pll_sys|g_intel.g_one.u_pll|general[0].gpll~FRACTIONAL_PLL|refclkin                     ;
;   -1.521 ;   -3.941 ; RR ; COMP ; 1      ; FRACTIONALPLL_X0_Y1_N0    ; u_pll_sys|g_intel.g_one.u_pll|general[0].gpll~FRACTIONAL_PLL|vcoph[0]                     ;
;   -1.521 ;   0.000  ; RR ; IC   ; 1      ; PLLOUTPUTCOUNTER_X0_Y4_N1 ; u_pll_sys|g_intel.g_one.u_pll|general[0].gpll~PLL_OUTPUT_COUNTER|vco0ph[0]                ;
;   0.217  ;   1.738  ; RR ; CELL ; 1      ; PLLOUTPUTCOUNTER_X0_Y4_N1 ; u_pll_sys|g_intel.g_one.u_pll|general[0].gpll~PLL_OUTPUT_COUNTER|divclk                   ;
;   1.226  ;   1.009  ; RR ; IC   ; 1      ; CLKCTRL_G3                ; u_pll_sys|g_intel.g_one.u_pll|outclk_wire[0]~CLKENA0|inclk                                ;
;   1.555  ;   0.329  ; RR ; CELL ; 9864   ; CLKCTRL_G3                ; u_pll_sys|g_intel.g_one.u_pll|outclk_wire[0]~CLKENA0|outclk                               ;
;   3.919  ;   2.364  ; RR ; IC   ; 1      ; FF_X45_Y18_N20            ; u_sys|u_synth|u_l2|form|pmask[1][0]|clk                                                   ;
;   4.487  ;   0.568  ; RR ; CELL ; 1      ; FF_X45_Y18_N20            ; wpms_system:u_sys|wpms_synth_top:u_synth|wpms_l2_top:u_l2|wpms_formation:form|pmask[1][0] ;
; 30.666   ; 26.179   ;    ;      ;        ;                           ; data path                                                                                 ;
;   4.487  ;   0.000  ;    ; uTco ; 1      ; FF_X45_Y18_N20            ; wpms_system:u_sys|wpms_synth_top:u_synth|wpms_l2_top:u_l2|wpms_formation:form|pmask[1][0] ;
;   4.487  ;   0.000  ; FF ; CELL ; 6      ; FF_X45_Y18_N20            ; u_sys|u_synth|u_l2|form|pmask[1][0]|q                                                     ;
;   5.725  ;   1.238  ; FF ; IC   ; 1      ; LABCELL_X40_Y19_N24       ; u_sys|u_synth|u_l2|form|Mux1729~65|datad                                                  ;
;   6.241  ;   0.516  ; FF ; CELL ; 1      ; LABCELL_X40_Y19_N24       ; u_sys|u_synth|u_l2|form|Mux1729~65|combout                                                ;
;   6.457  ;   0.216  ; FF ; IC   ; 1      ; LABCELL_X40_Y19_N42       ; u_sys|u_synth|u_l2|form|Mux1729~0|dataf                                                   ;
;   6.539  ;   0.082  ; FF ; CELL ; 1      ; LABCELL_X40_Y19_N42       ; u_sys|u_synth|u_l2|form|Mux1729~0|combout                                                 ;
;   6.770  ;   0.231  ; FF ; IC   ; 1      ; LABCELL_X40_Y19_N12       ; u_sys|u_synth|u_l2|form|Mux1729~16|datad                                                  ;
;   7.284  ;   0.514  ; FF ; CELL ; 1      ; LABCELL_X40_Y19_N12       ; u_sys|u_synth|u_l2|form|Mux1729~16|combout                                                ;
;   8.198  ;   0.914  ; FF ; IC   ; 1      ; LABCELL_X40_Y21_N12       ; u_sys|u_synth|u_l2|form|Mux1729~64|datac                                                  ;
;   8.708  ;   0.510  ; FF ; CELL ; 14     ; LABCELL_X40_Y21_N12       ; u_sys|u_synth|u_l2|form|Mux1729~64|combout                                                ;
;   9.108  ;   0.400  ; FF ; IC   ; 1      ; MLABCELL_X39_Y21_N48      ; u_sys|u_synth|u_l2|form|Mux1799~4|dataf                                                   ;
;   9.205  ;   0.097  ; FR ; CELL ; 15     ; MLABCELL_X39_Y21_N48      ; u_sys|u_synth|u_l2|form|Mux1799~4|combout                                                 ;
;   10.268 ;   1.063  ; RR ; IC   ; 1      ; LABCELL_X45_Y22_N18       ; u_sys|u_synth|u_l2|form|Mux1802~15|datad                                                  ;
;   10.768 ;   0.500  ; RF ; CELL ; 2      ; LABCELL_X45_Y22_N18       ; u_sys|u_synth|u_l2|form|Mux1802~15|combout                                                ;
;   11.973 ;   1.205  ; FF ; IC   ; 1      ; LABCELL_X33_Y22_N24       ; u_sys|u_synth|u_l2|form|Mux1836~0|dataf                                                   ;
;   12.058 ;   0.085  ; FF ; CELL ; 2      ; LABCELL_X33_Y22_N24       ; u_sys|u_synth|u_l2|form|Mux1836~0|combout                                                 ;
;   12.262 ;   0.204  ; FF ; IC   ; 1      ; LABCELL_X33_Y22_N0        ; u_sys|u_synth|u_l2|form|m_b[10]~9|dataf                                                   ;
;   12.343 ;   0.081  ; FF ; CELL ; 2      ; LABCELL_X33_Y22_N0        ; u_sys|u_synth|u_l2|form|m_b[10]~9|combout                                                 ;
;   13.132 ;   0.789  ; FF ; IC   ; 33     ; DSP_X32_Y22_N0            ; u_sys|u_synth|u_l2|form|Mult0~140|ay[10]                                                  ;
;   17.395 ;   4.263  ; FF ; CELL ; 1      ; DSP_X32_Y22_N0            ; u_sys|u_synth|u_l2|form|Mult0~140|resulta[19]                                             ;
;   18.889 ;   1.494  ; FF ; IC   ; 2      ; LABCELL_X31_Y23_N27       ; u_sys|u_synth|u_l2|form|Mult0~105|datac                                                   ;
;   19.723 ;   0.834  ; FF ; CELL ; 1      ; LABCELL_X31_Y23_N27       ; u_sys|u_synth|u_l2|form|Mult0~105|cout                                                    ;
;   19.723 ;   0.000  ; FF ; IC   ; 2      ; LABCELL_X31_Y23_N30       ; u_sys|u_synth|u_l2|form|Mult0~113|cin                                                     ;
;   19.842 ;   0.119  ; FF ; CELL ; 1      ; LABCELL_X31_Y23_N30       ; u_sys|u_synth|u_l2|form|Mult0~113|cout                                                    ;
;   19.842 ;   0.000  ; FF ; IC   ; 2      ; LABCELL_X31_Y23_N33       ; u_sys|u_synth|u_l2|form|Mult0~85|cin                                                      ;
;   19.842 ;   0.000  ; FF ; CELL ; 1      ; LABCELL_X31_Y23_N33       ; u_sys|u_synth|u_l2|form|Mult0~85|cout                                                     ;
;   19.842 ;   0.000  ; FF ; IC   ; 2      ; LABCELL_X31_Y23_N36       ; u_sys|u_synth|u_l2|form|Mult0~93|cin                                                      ;
;   19.888 ;   0.046  ; FF ; CELL ; 1      ; LABCELL_X31_Y23_N36       ; u_sys|u_synth|u_l2|form|Mult0~93|cout                                                     ;
;   19.888 ;   0.000  ; FF ; IC   ; 2      ; LABCELL_X31_Y23_N39       ; u_sys|u_synth|u_l2|form|Mult0~89|cin                                                      ;
;   19.888 ;   0.000  ; FF ; CELL ; 1      ; LABCELL_X31_Y23_N39       ; u_sys|u_synth|u_l2|form|Mult0~89|cout                                                     ;
;   19.888 ;   0.000  ; FF ; IC   ; 2      ; LABCELL_X31_Y23_N42       ; u_sys|u_synth|u_l2|form|Mult0~97|cin                                                      ;
;   19.934 ;   0.046  ; FF ; CELL ; 1      ; LABCELL_X31_Y23_N42       ; u_sys|u_synth|u_l2|form|Mult0~97|cout                                                     ;
;   19.934 ;   0.000  ; FF ; IC   ; 2      ; LABCELL_X31_Y23_N45       ; u_sys|u_synth|u_l2|form|Mult0~117|cin                                                     ;
;   19.934 ;   0.000  ; FF ; CELL ; 1      ; LABCELL_X31_Y23_N45       ; u_sys|u_synth|u_l2|form|Mult0~117|cout                                                    ;
;   19.934 ;   0.000  ; FF ; IC   ; 2      ; LABCELL_X31_Y23_N48       ; u_sys|u_synth|u_l2|form|Mult0~125|cin                                                     ;
;   19.980 ;   0.046  ; FF ; CELL ; 1      ; LABCELL_X31_Y23_N48       ; u_sys|u_synth|u_l2|form|Mult0~125|cout                                                    ;
;   19.980 ;   0.000  ; FF ; IC   ; 2      ; LABCELL_X31_Y23_N51       ; u_sys|u_synth|u_l2|form|Mult0~121|cin                                                     ;
;   19.980 ;   0.000  ; FF ; CELL ; 1      ; LABCELL_X31_Y23_N51       ; u_sys|u_synth|u_l2|form|Mult0~121|cout                                                    ;
;   19.980 ;   0.000  ; FF ; IC   ; 2      ; LABCELL_X31_Y23_N54       ; u_sys|u_synth|u_l2|form|Mult0~129|cin                                                     ;
;   20.023 ;   0.043  ; FF ; CELL ; 1      ; LABCELL_X31_Y23_N54       ; u_sys|u_synth|u_l2|form|Mult0~129|cout                                                    ;
;   20.023 ;   0.000  ; FF ; IC   ; 2      ; LABCELL_X31_Y23_N57       ; u_sys|u_synth|u_l2|form|Mult0~5|cin                                                       ;
;   20.023 ;   0.000  ; FF ; CELL ; 1      ; LABCELL_X31_Y23_N57       ; u_sys|u_synth|u_l2|form|Mult0~5|cout                                                      ;
;   20.023 ;   0.000  ; FF ; IC   ; 2      ; LABCELL_X31_Y22_N0        ; u_sys|u_synth|u_l2|form|Mult0~13|cin                                                      ;
;   20.149 ;   0.126  ; FF ; CELL ; 1      ; LABCELL_X31_Y22_N0        ; u_sys|u_synth|u_l2|form|Mult0~13|cout                                                     ;
;   20.149 ;   0.000  ; FF ; IC   ; 2      ; LABCELL_X31_Y22_N3        ; u_sys|u_synth|u_l2|form|Mult0~9|cin                                                       ;
;   20.149 ;   0.000  ; FF ; CELL ; 1      ; LABCELL_X31_Y22_N3        ; u_sys|u_synth|u_l2|form|Mult0~9|cout                                                      ;
;   20.149 ;   0.000  ; FF ; IC   ; 2      ; LABCELL_X31_Y22_N6        ; u_sys|u_synth|u_l2|form|Mult0~17|cin                                                      ;
;   20.195 ;   0.046  ; FF ; CELL ; 1      ; LABCELL_X31_Y22_N6        ; u_sys|u_synth|u_l2|form|Mult0~17|cout                                                     ;
;   20.195 ;   0.000  ; FF ; IC   ; 2      ; LABCELL_X31_Y22_N9        ; u_sys|u_synth|u_l2|form|Mult0~37|cin                                                      ;
;   20.195 ;   0.000  ; FF ; CELL ; 1      ; LABCELL_X31_Y22_N9        ; u_sys|u_synth|u_l2|form|Mult0~37|cout                                                     ;
;   20.195 ;   0.000  ; FF ; IC   ; 2      ; LABCELL_X31_Y22_N12       ; u_sys|u_synth|u_l2|form|Mult0~45|cin                                                      ;
;   20.241 ;   0.046  ; FF ; CELL ; 1      ; LABCELL_X31_Y22_N12       ; u_sys|u_synth|u_l2|form|Mult0~45|cout                                                     ;
;   20.241 ;   0.000  ; FF ; IC   ; 2      ; LABCELL_X31_Y22_N15       ; u_sys|u_synth|u_l2|form|Mult0~41|cin                                                      ;
;   20.241 ;   0.000  ; FF ; CELL ; 1      ; LABCELL_X31_Y22_N15       ; u_sys|u_synth|u_l2|form|Mult0~41|cout                                                     ;
;   20.241 ;   0.000  ; FF ; IC   ; 2      ; LABCELL_X31_Y22_N18       ; u_sys|u_synth|u_l2|form|Mult0~49|cin                                                      ;
;   20.287 ;   0.046  ; FF ; CELL ; 1      ; LABCELL_X31_Y22_N18       ; u_sys|u_synth|u_l2|form|Mult0~49|cout                                                     ;
;   20.287 ;   0.000  ; FF ; IC   ; 2      ; LABCELL_X31_Y22_N21       ; u_sys|u_synth|u_l2|form|Mult0~21|cin                                                      ;
;   20.287 ;   0.000  ; FF ; CELL ; 1      ; LABCELL_X31_Y22_N21       ; u_sys|u_synth|u_l2|form|Mult0~21|cout                                                     ;
;   20.287 ;   0.000  ; FF ; IC   ; 2      ; LABCELL_X31_Y22_N24       ; u_sys|u_synth|u_l2|form|Mult0~29|cin                                                      ;
;   20.345 ;   0.058  ; FF ; CELL ; 1      ; LABCELL_X31_Y22_N24       ; u_sys|u_synth|u_l2|form|Mult0~29|cout                                                     ;
;   20.345 ;   0.000  ; FF ; IC   ; 2      ; LABCELL_X31_Y22_N27       ; u_sys|u_synth|u_l2|form|Mult0~25|cin                                                      ;
;   20.345 ;   0.000  ; FF ; CELL ; 1      ; LABCELL_X31_Y22_N27       ; u_sys|u_synth|u_l2|form|Mult0~25|cout                                                     ;
;   20.345 ;   0.000  ; FF ; IC   ; 2      ; LABCELL_X31_Y22_N30       ; u_sys|u_synth|u_l2|form|Mult0~33|cin                                                      ;
;   20.766 ;   0.421  ; FF ; CELL ; 4      ; LABCELL_X31_Y22_N30       ; u_sys|u_synth|u_l2|form|Mult0~33|sumout                                                   ;
;   21.680 ;   0.914  ; FF ; IC   ; 1      ; LABCELL_X30_Y25_N48       ; u_sys|u_synth|u_l2|form|ShiftRight1~10|datac                                              ;
;   22.195 ;   0.515  ; FF ; CELL ; 5      ; LABCELL_X30_Y25_N48       ; u_sys|u_synth|u_l2|form|ShiftRight1~10|combout                                            ;
;   23.385 ;   1.190  ; FF ; IC   ; 1      ; LABCELL_X30_Y19_N54       ; u_sys|u_synth|u_l2|form|ShiftRight1~13|datae                                              ;
;   23.605 ;   0.220  ; FF ; CELL ; 2      ; LABCELL_X30_Y19_N54       ; u_sys|u_synth|u_l2|form|ShiftRight1~13|combout                                            ;
;   24.420 ;   0.815  ; FF ; IC   ; 2      ; LABCELL_X29_Y21_N30       ; u_sys|u_synth|u_l2|form|Add0~49|datad                                                     ;
;   25.038 ;   0.618  ; FF ; CELL ; 1      ; LABCELL_X29_Y21_N30       ; u_sys|u_synth|u_l2|form|Add0~49|cout                                                      ;
;   25.038 ;   0.000  ; FF ; IC   ; 2      ; LABCELL_X29_Y21_N33       ; u_sys|u_synth|u_l2|form|Add0~21|cin                                                       ;
;   25.038 ;   0.000  ; FF ; CELL ; 1      ; LABCELL_X29_Y21_N33       ; u_sys|u_synth|u_l2|form|Add0~21|cout                                                      ;
;   25.038 ;   0.000  ; FF ; IC   ; 2      ; LABCELL_X29_Y21_N36       ; u_sys|u_synth|u_l2|form|Add0~69|cin                                                       ;
;   25.399 ;   0.361  ; FF ; CELL ; 1      ; LABCELL_X29_Y21_N36       ; u_sys|u_synth|u_l2|form|Add0~69|sumout                                                    ;
;   25.973 ;   0.574  ; FF ; IC   ; 1      ; MLABCELL_X28_Y21_N24      ; u_sys|u_synth|u_l2|form|Equal26~1|datad                                                   ;
;   26.551 ;   0.578  ; FF ; CELL ; 1      ; MLABCELL_X28_Y21_N24      ; u_sys|u_synth|u_l2|form|Equal26~1|combout                                                 ;
;   26.753 ;   0.202  ; FF ; IC   ; 1      ; MLABCELL_X28_Y21_N54      ; u_sys|u_synth|u_l2|form|Equal26~2|dataa                                                   ;
;   27.323 ;   0.570  ; FF ; CELL ; 5      ; MLABCELL_X28_Y21_N54      ; u_sys|u_synth|u_l2|form|Equal26~2|combout                                                 ;
;   27.565 ;   0.242  ; FF ; IC   ; 1      ; MLABCELL_X28_Y21_N0       ; u_sys|u_synth|u_l2|form|always41~28|datac                                                 ;
;   28.055 ;   0.490  ; FF ; CELL ; 2      ; MLABCELL_X28_Y21_N0       ; u_sys|u_synth|u_l2|form|always41~28|combout                                               ;
;   28.845 ;   0.790  ; FF ; IC   ; 1      ; LABCELL_X27_Y22_N42       ; u_sys|u_synth|u_l2|form|accm[8]~16|dataf                                                  ;
;   28.929 ;   0.084  ; FF ; CELL ; 34     ; LABCELL_X27_Y22_N42       ; u_sys|u_synth|u_l2|form|accm[8]~16|combout                                                ;
;   29.983 ;   1.054  ; FF ; IC   ; 1      ; FF_X25_Y24_N19            ; u_sys|u_synth|u_l2|form|accm[8]|ena                                                       ;
;   30.666 ;   0.683  ; FF ; CELL ; 1      ; FF_X25_Y24_N19            ; wpms_system:u_sys|wpms_synth_top:u_synth|wpms_l2_top:u_l2|wpms_formation:form|accm[8]     ;
+----------+----------+----+------+--------+---------------------------+-------------------------------------------------------------------------------------------+

+--------------------------------------------------------------------------------------------------------------------------------------------------------------+
; Data Required Path                                                                                                                                           ;
+----------+----------+----+------+--------+---------------------------+---------------------------------------------------------------------------------------+
; Total    ; Incr     ; RF ; Type ; Fanout ; Location                  ; Element                                                                               ;
+----------+----------+----+------+--------+---------------------------+---------------------------------------------------------------------------------------+
; 20.000   ; 20.000   ;    ;      ;        ;                           ; latch edge time                                                                       ;
; 23.941   ; 3.941    ;    ;      ;        ;                           ; clock path                                                                            ;
;   20.000 ;   0.000  ;    ;      ;        ;                           ; source latency                                                                        ;
;   20.000 ;   0.000  ;    ;      ; 1      ; PIN_V11                   ; FPGA_CLK1_50                                                                          ;
;   20.000 ;   0.000  ; RR ; IC   ; 1      ; IOIBUF_X32_Y0_N1          ; FPGA_CLK1_50~input|i                                                                  ;
;   20.766 ;   0.766  ; RR ; CELL ; 2      ; IOIBUF_X32_Y0_N1          ; FPGA_CLK1_50~input|o                                                                  ;
;   21.929 ;   1.163  ; RR ; IC   ; 1      ; PLLREFCLKSELECT_X0_Y7_N0  ; u_pll_sys|g_intel.g_one.u_pll|general[0].gpll~PLL_REFCLK_SELECT|clkin[0]              ;
;   22.239 ;   0.310  ; RR ; CELL ; 1      ; PLLREFCLKSELECT_X0_Y7_N0  ; u_pll_sys|g_intel.g_one.u_pll|general[0].gpll~PLL_REFCLK_SELECT|clkout                ;
;   22.239 ;   0.000  ; RR ; IC   ; 10     ; FRACTIONALPLL_X0_Y1_N0    ; u_pll_sys|g_intel.g_one.u_pll|general[0].gpll~FRACTIONAL_PLL|refclkin                 ;
;   17.144 ;   -5.095 ; RR ; COMP ; 1      ; FRACTIONALPLL_X0_Y1_N0    ; u_pll_sys|g_intel.g_one.u_pll|general[0].gpll~FRACTIONAL_PLL|vcoph[0]                 ;
;   17.144 ;   0.000  ; RR ; IC   ; 1      ; PLLOUTPUTCOUNTER_X0_Y4_N1 ; u_pll_sys|g_intel.g_one.u_pll|general[0].gpll~PLL_OUTPUT_COUNTER|vco0ph[0]            ;
;   18.614 ;   1.470  ; RR ; CELL ; 1      ; PLLOUTPUTCOUNTER_X0_Y4_N1 ; u_pll_sys|g_intel.g_one.u_pll|general[0].gpll~PLL_OUTPUT_COUNTER|divclk               ;
;   19.554 ;   0.940  ; RR ; IC   ; 1      ; CLKCTRL_G3                ; u_pll_sys|g_intel.g_one.u_pll|outclk_wire[0]~CLKENA0|inclk                            ;
;   19.858 ;   0.304  ; RR ; CELL ; 9864   ; CLKCTRL_G3                ; u_pll_sys|g_intel.g_one.u_pll|outclk_wire[0]~CLKENA0|outclk                           ;
;   21.776 ;   1.918  ; RR ; IC   ; 1      ; FF_X25_Y24_N19            ; u_sys|u_synth|u_l2|form|accm[8]|clk                                                   ;
;   22.244 ;   0.468  ; RR ; CELL ; 1      ; FF_X25_Y24_N19            ; wpms_system:u_sys|wpms_synth_top:u_synth|wpms_l2_top:u_l2|wpms_formation:form|accm[8] ;
;   23.941 ;   1.697  ;    ;      ;        ;                           ; clock pessimism removed                                                               ;
; 23.861   ; -0.080   ;    ;      ;        ;                           ; clock uncertainty                                                                     ;
; 23.861   ; 0.000    ;    ; uTsu ; 1      ; FF_X25_Y24_N19            ; wpms_system:u_sys|wpms_synth_top:u_synth|wpms_l2_top:u_l2|wpms_formation:form|accm[8] ;
+----------+----------+----+------+--------+---------------------------+---------------------------------------------------------------------------------------+

----------------------------
; Extra Fitter Information ;
----------------------------
HTML report is unavailable in plain text report export.


----------------
; Command Info ;
----------------
Report Timing: Found 1 setup paths (0 violated).  Worst case slack is 9.716 

Tcl Command:
    report_timing -append -setup -file output_files/setup_clk_sys_keys.rpt -panel_name {clk_sys setup: temp} -to [get_registers {*wpms_formation:*|temp*}] -to_clock [get_clocks {*u_pll_sys*PLL_OUTPUT_COUNTER*}] -npaths 1 -detail full_path

Options:
    -to [get_registers {*wpms_formation:*|temp*}] 
    -to_clock [get_clocks {*u_pll_sys*PLL_OUTPUT_COUNTER*}] 
    -setup 
    -npaths 1 
    -detail full_path 
    -panel_name {clk_sys setup: temp} 
    -file {output_files/setup_clk_sys_keys.rpt} 
    -append 

Delay Model:
    Slow 1100mV 85C Model

+-----------------------------------------------------------------------------------------------------------------------------------------------------------------------------------------------------------------------------------------------------------------------------------------------------------------------------------------------------------------------------------------------+
; Summary of Paths                                                                                                                                                                                                                                                                                                                                                                              ;
+-------+--------------------------------------------------------------------------------------------------+---------------------------------------------------------------------------------------+-------------------------------------------------------------------------+-------------------------------------------------------------------------+--------------+------------+------------+
; Slack ; From Node                                                                                        ; To Node                                                                               ; Launch Clock                                                            ; Latch Clock                                                             ; Relationship ; Clock Skew ; Data Delay ;
+-------+--------------------------------------------------------------------------------------------------+---------------------------------------------------------------------------------------+-------------------------------------------------------------------------+-------------------------------------------------------------------------+--------------+------------+------------+
; 9.716 ; wpms_system:u_sys|wpms_synth_top:u_synth|wpms_l2_top:u_l2|wpms_formation:form|x_imm[2]~DUPLICATE ; wpms_system:u_sys|wpms_synth_top:u_synth|wpms_l2_top:u_l2|wpms_formation:form|temp[5] ; u_pll_sys|g_intel.g_one.u_pll|general[0].gpll~PLL_OUTPUT_COUNTER|divclk ; u_pll_sys|g_intel.g_one.u_pll|general[0].gpll~PLL_OUTPUT_COUNTER|divclk ; 20.000       ; -0.508     ; 9.696      ;
+-------+--------------------------------------------------------------------------------------------------+---------------------------------------------------------------------------------------+-------------------------------------------------------------------------+-------------------------------------------------------------------------+--------------+------------+------------+

Path #1: Setup slack is 9.716 
===============================================================================
+-----------------------------------------------------------------------------------------------------------------------+
; Path Summary                                                                                                          ;
+--------------------+--------------------------------------------------------------------------------------------------+
; Property           ; Value                                                                                            ;
+--------------------+--------------------------------------------------------------------------------------------------+
; From Node          ; wpms_system:u_sys|wpms_synth_top:u_synth|wpms_l2_top:u_l2|wpms_formation:form|x_imm[2]~DUPLICATE ;
; To Node            ; wpms_system:u_sys|wpms_synth_top:u_synth|wpms_l2_top:u_l2|wpms_formation:form|temp[5]            ;
; Launch Clock       ; u_pll_sys|g_intel.g_one.u_pll|general[0].gpll~PLL_OUTPUT_COUNTER|divclk                          ;
; Latch Clock        ; u_pll_sys|g_intel.g_one.u_pll|general[0].gpll~PLL_OUTPUT_COUNTER|divclk                          ;
; Data Arrival Time  ; 14.175                                                                                           ;
; Data Required Time ; 23.891                                                                                           ;
; Slack              ; 9.716                                                                                            ;
+--------------------+--------------------------------------------------------------------------------------------------+

+--------------------------------------------------------------------------------------+
; Statistics                                                                           ;
+------------------------+--------+-------+-------------+------------+--------+--------+
; Property               ; Value  ; Count ; Total Delay ; % of Total ; Min    ; Max    ;
+------------------------+--------+-------+-------------+------------+--------+--------+
; Setup Relationship     ; 20.000 ;       ;             ;            ;        ;        ;
; Clock Skew             ; -0.508 ;       ;             ;            ;        ;        ;
; Data Delay             ; 9.696  ;       ;             ;            ;        ;        ;
; Number of Logic Levels ;        ; 5     ;             ;            ;        ;        ;
; Physical Delays        ;        ;       ;             ;            ;        ;        ;
;  Arrival Path          ;        ;       ;             ;            ;        ;        ;
;   Clock                ;        ;       ;             ;            ;        ;        ;
;    IC                  ;        ; 6     ; 4.696       ; 56         ; 0.000  ; 2.366  ;
;    Cell                ;        ; 5     ; 3.724       ; 44         ; 0.329  ; 1.738  ;
;    PLL Compensation    ;        ; 1     ; -3.941      ; 0          ; -3.941 ; -3.941 ;
;   Data                 ;        ;       ;             ;            ;        ;        ;
;    IC                  ;        ; 6     ; 7.197       ; 74         ; 0.188  ; 2.593  ;
;    Cell                ;        ; 7     ; 2.499       ; 26         ; 0.000  ; 0.709  ;
;    uTco                ;        ; 1     ; 0.000       ; 0          ; 0.000  ; 0.000  ;
;  Required Path         ;        ;       ;             ;            ;        ;        ;
;   Clock                ;        ;       ;             ;            ;        ;        ;
;    IC                  ;        ; 6     ; 4.018       ; 55         ; 0.000  ; 1.915  ;
;    Cell                ;        ; 5     ; 3.351       ; 45         ; 0.304  ; 1.470  ;
;    PLL Compensation    ;        ; 1     ; -5.095      ; 0          ; -5.095 ; -5.095 ;
+------------------------+--------+-------+-------------+------------+--------+--------+
Note: Negative delays are omitted from totals when calculating percentages

+-------------------------------------------------------------------------------------------------------------------------------------------------------------------------+
; Data Arrival Path                                                                                                                                                       ;
+----------+----------+----+------+--------+---------------------------+--------------------------------------------------------------------------------------------------+
; Total    ; Incr     ; RF ; Type ; Fanout ; Location                  ; Element                                                                                          ;
+----------+----------+----+------+--------+---------------------------+--------------------------------------------------------------------------------------------------+
; 0.000    ; 0.000    ;    ;      ;        ;                           ; launch edge time                                                                                 ;
; 4.479    ; 4.479    ;    ;      ;        ;                           ; clock path                                                                                       ;
;   0.000  ;   0.000  ;    ;      ;        ;                           ; source latency                                                                                   ;
;   0.000  ;   0.000  ;    ;      ; 1      ; PIN_V11                   ; FPGA_CLK1_50                                                                                     ;
;   0.000  ;   0.000  ; RR ; IC   ; 1      ; IOIBUF_X32_Y0_N1          ; FPGA_CLK1_50~input|i                                                                             ;
;   0.766  ;   0.766  ; RR ; CELL ; 2      ; IOIBUF_X32_Y0_N1          ; FPGA_CLK1_50~input|o                                                                             ;
;   2.087  ;   1.321  ; RR ; IC   ; 1      ; PLLREFCLKSELECT_X0_Y7_N0  ; u_pll_sys|g_intel.g_one.u_pll|general[0].gpll~PLL_REFCLK_SELECT|clkin[0]                         ;
;   2.420  ;   0.333  ; RR ; CELL ; 1      ; PLLREFCLKSELECT_X0_Y7_N0  ; u_pll_sys|g_intel.g_one.u_pll|general[0].gpll~PLL_REFCLK_SELECT|clkout                           ;
;   2.420  ;   0.000  ; RR ; IC   ; 10     ; FRACTIONALPLL_X0_Y1_N0    ; u_pll_sys|g_intel.g_one.u_pll|general[0].gpll~FRACTIONAL_PLL|refclkin                            ;
;   -1.521 ;   -3.941 ; RR ; COMP ; 1      ; FRACTIONALPLL_X0_Y1_N0    ; u_pll_sys|g_intel.g_one.u_pll|general[0].gpll~FRACTIONAL_PLL|vcoph[0]                            ;
;   -1.521 ;   0.000  ; RR ; IC   ; 1      ; PLLOUTPUTCOUNTER_X0_Y4_N1 ; u_pll_sys|g_intel.g_one.u_pll|general[0].gpll~PLL_OUTPUT_COUNTER|vco0ph[0]                       ;
;   0.217  ;   1.738  ; RR ; CELL ; 1      ; PLLOUTPUTCOUNTER_X0_Y4_N1 ; u_pll_sys|g_intel.g_one.u_pll|general[0].gpll~PLL_OUTPUT_COUNTER|divclk                          ;
;   1.226  ;   1.009  ; RR ; IC   ; 1      ; CLKCTRL_G3                ; u_pll_sys|g_intel.g_one.u_pll|outclk_wire[0]~CLKENA0|inclk                                       ;
;   1.555  ;   0.329  ; RR ; CELL ; 9864   ; CLKCTRL_G3                ; u_pll_sys|g_intel.g_one.u_pll|outclk_wire[0]~CLKENA0|outclk                                      ;
;   3.921  ;   2.366  ; RR ; IC   ; 1      ; FF_X33_Y16_N53            ; u_sys|u_synth|u_l2|form|x_imm[2]~DUPLICATE|clk                                                   ;
;   4.479  ;   0.558  ; RR ; CELL ; 1      ; FF_X33_Y16_N53            ; wpms_system:u_sys|wpms_synth_top:u_synth|wpms_l2_top:u_l2|wpms_formation:form|x_imm[2]~DUPLICATE ;
; 14.175   ; 9.696    ;    ;      ;        ;                           ; data path                                                                                        ;
;   4.479  ;   0.000  ;    ; uTco ; 1      ; FF_X33_Y16_N53            ; wpms_system:u_sys|wpms_synth_top:u_synth|wpms_l2_top:u_l2|wpms_formation:form|x_imm[2]~DUPLICATE ;
;   4.479  ;   0.000  ; RR ; CELL ; 11     ; FF_X33_Y16_N53            ; u_sys|u_synth|u_l2|form|x_imm[2]~DUPLICATE|q                                                     ;
;   5.849  ;   1.370  ; RR ; IC   ; 1      ; LABCELL_X22_Y18_N48       ; u_sys|u_synth|u_l2|form|Equal0~2|datac                                                           ;
;   6.349  ;   0.500  ; RF ; CELL ; 3      ; LABCELL_X22_Y18_N48       ; u_sys|u_synth|u_l2|form|Equal0~2|combout                                                         ;
;   7.101  ;   0.752  ; FF ; IC   ; 1      ; LABCELL_X29_Y18_N57       ; u_sys|u_synth|u_l2|form|e4~4|datab                                                               ;
;   7.639  ;   0.538  ; FF ; CELL ; 1      ; LABCELL_X29_Y18_N57       ; u_sys|u_synth|u_l2|form|e4~4|combout                                                             ;
;   7.827  ;   0.188  ; FF ; IC   ; 1      ; LABCELL_X29_Y18_N42       ; u_sys|u_synth|u_l2|form|Mux0~0|datab                                                             ;
;   8.407  ;   0.580  ; FR ; CELL ; 2      ; LABCELL_X29_Y18_N42       ; u_sys|u_synth|u_l2|form|Mux0~0|combout                                                           ;
;   8.674  ;   0.267  ; RR ; IC   ; 1      ; LABCELL_X29_Y18_N18       ; u_sys|u_synth|u_l2|form|x_ok0~0|dataf                                                            ;
;   8.767  ;   0.093  ; RF ; CELL ; 17     ; LABCELL_X29_Y18_N18       ; u_sys|u_synth|u_l2|form|x_ok0~0|combout                                                          ;
;   10.794 ;   2.027  ; FF ; IC   ; 1      ; LABCELL_X24_Y22_N9        ; u_sys|u_synth|u_l2|form|temp[0]~1|dataf                                                          ;
;   10.873 ;   0.079  ; FF ; CELL ; 43     ; LABCELL_X24_Y22_N9        ; u_sys|u_synth|u_l2|form|temp[0]~1|combout                                                        ;
;   13.466 ;   2.593  ; FF ; IC   ; 1      ; FF_X33_Y23_N2             ; u_sys|u_synth|u_l2|form|temp[5]|ena                                                              ;
;   14.175 ;   0.709  ; FF ; CELL ; 1      ; FF_X33_Y23_N2             ; wpms_system:u_sys|wpms_synth_top:u_synth|wpms_l2_top:u_l2|wpms_formation:form|temp[5]            ;
+----------+----------+----+------+--------+---------------------------+--------------------------------------------------------------------------------------------------+

+--------------------------------------------------------------------------------------------------------------------------------------------------------------+
; Data Required Path                                                                                                                                           ;
+----------+----------+----+------+--------+---------------------------+---------------------------------------------------------------------------------------+
; Total    ; Incr     ; RF ; Type ; Fanout ; Location                  ; Element                                                                               ;
+----------+----------+----+------+--------+---------------------------+---------------------------------------------------------------------------------------+
; 20.000   ; 20.000   ;    ;      ;        ;                           ; latch edge time                                                                       ;
; 23.971   ; 3.971    ;    ;      ;        ;                           ; clock path                                                                            ;
;   20.000 ;   0.000  ;    ;      ;        ;                           ; source latency                                                                        ;
;   20.000 ;   0.000  ;    ;      ; 1      ; PIN_V11                   ; FPGA_CLK1_50                                                                          ;
;   20.000 ;   0.000  ; RR ; IC   ; 1      ; IOIBUF_X32_Y0_N1          ; FPGA_CLK1_50~input|i                                                                  ;
;   20.766 ;   0.766  ; RR ; CELL ; 2      ; IOIBUF_X32_Y0_N1          ; FPGA_CLK1_50~input|o                                                                  ;
;   21.929 ;   1.163  ; RR ; IC   ; 1      ; PLLREFCLKSELECT_X0_Y7_N0  ; u_pll_sys|g_intel.g_one.u_pll|general[0].gpll~PLL_REFCLK_SELECT|clkin[0]              ;
;   22.239 ;   0.310  ; RR ; CELL ; 1      ; PLLREFCLKSELECT_X0_Y7_N0  ; u_pll_sys|g_intel.g_one.u_pll|general[0].gpll~PLL_REFCLK_SELECT|clkout                ;
;   22.239 ;   0.000  ; RR ; IC   ; 10     ; FRACTIONALPLL_X0_Y1_N0    ; u_pll_sys|g_intel.g_one.u_pll|general[0].gpll~FRACTIONAL_PLL|refclkin                 ;
;   17.144 ;   -5.095 ; RR ; COMP ; 1      ; FRACTIONALPLL_X0_Y1_N0    ; u_pll_sys|g_intel.g_one.u_pll|general[0].gpll~FRACTIONAL_PLL|vcoph[0]                 ;
;   17.144 ;   0.000  ; RR ; IC   ; 1      ; PLLOUTPUTCOUNTER_X0_Y4_N1 ; u_pll_sys|g_intel.g_one.u_pll|general[0].gpll~PLL_OUTPUT_COUNTER|vco0ph[0]            ;
;   18.614 ;   1.470  ; RR ; CELL ; 1      ; PLLOUTPUTCOUNTER_X0_Y4_N1 ; u_pll_sys|g_intel.g_one.u_pll|general[0].gpll~PLL_OUTPUT_COUNTER|divclk               ;
;   19.554 ;   0.940  ; RR ; IC   ; 1      ; CLKCTRL_G3                ; u_pll_sys|g_intel.g_one.u_pll|outclk_wire[0]~CLKENA0|inclk                            ;
;   19.858 ;   0.304  ; RR ; CELL ; 9864   ; CLKCTRL_G3                ; u_pll_sys|g_intel.g_one.u_pll|outclk_wire[0]~CLKENA0|outclk                           ;
;   21.773 ;   1.915  ; RR ; IC   ; 1      ; FF_X33_Y23_N2             ; u_sys|u_synth|u_l2|form|temp[5]|clk                                                   ;
;   22.274 ;   0.501  ; RR ; CELL ; 1      ; FF_X33_Y23_N2             ; wpms_system:u_sys|wpms_synth_top:u_synth|wpms_l2_top:u_l2|wpms_formation:form|temp[5] ;
;   23.971 ;   1.697  ;    ;      ;        ;                           ; clock pessimism removed                                                               ;
; 23.891   ; -0.080   ;    ;      ;        ;                           ; clock uncertainty                                                                     ;
; 23.891   ; 0.000    ;    ; uTsu ; 1      ; FF_X33_Y23_N2             ; wpms_system:u_sys|wpms_synth_top:u_synth|wpms_l2_top:u_l2|wpms_formation:form|temp[5] ;
+----------+----------+----+------+--------+---------------------------+---------------------------------------------------------------------------------------+

----------------------------
; Extra Fitter Information ;
----------------------------
HTML report is unavailable in plain text report export.


----------------
; Command Info ;
----------------
Report Timing: Found 1 setup paths (0 violated).  Worst case slack is 8.092 

Tcl Command:
    report_timing -append -setup -file output_files/setup_clk_sys_keys.rpt -panel_name {clk_sys setup: adrs} -to [get_registers {*wpms_formation:*|adrs*}] -to_clock [get_clocks {*u_pll_sys*PLL_OUTPUT_COUNTER*}] -npaths 1 -detail full_path

Options:
    -to [get_registers {*wpms_formation:*|adrs*}] 
    -to_clock [get_clocks {*u_pll_sys*PLL_OUTPUT_COUNTER*}] 
    -setup 
    -npaths 1 
    -detail full_path 
    -panel_name {clk_sys setup: adrs} 
    -file {output_files/setup_clk_sys_keys.rpt} 
    -append 

Delay Model:
    Slow 1100mV 85C Model

+---------------------------------------------------------------------------------------------------------------------------------------------------------------------------------------------------------------------------------------------------------------------------------------------------------------------------------------------------------------------------------------------------------+
; Summary of Paths                                                                                                                                                                                                                                                                                                                                                                                        ;
+-------+--------------------------------------------------------------------------------------------------+-------------------------------------------------------------------------------------------------+-------------------------------------------------------------------------+-------------------------------------------------------------------------+--------------+------------+------------+
; Slack ; From Node                                                                                        ; To Node                                                                                         ; Launch Clock                                                            ; Latch Clock                                                             ; Relationship ; Clock Skew ; Data Delay ;
+-------+--------------------------------------------------------------------------------------------------+-------------------------------------------------------------------------------------------------+-------------------------------------------------------------------------+-------------------------------------------------------------------------+--------------+------------+------------+
; 8.092 ; wpms_system:u_sys|wpms_synth_top:u_synth|wpms_l2_top:u_l2|wpms_formation:form|x_imm[2]~DUPLICATE ; wpms_system:u_sys|wpms_synth_top:u_synth|wpms_l2_top:u_l2|wpms_formation:form|adrs[3]~DUPLICATE ; u_pll_sys|g_intel.g_one.u_pll|general[0].gpll~PLL_OUTPUT_COUNTER|divclk ; u_pll_sys|g_intel.g_one.u_pll|general[0].gpll~PLL_OUTPUT_COUNTER|divclk ; 20.000       ; -0.503     ; 11.325     ;
+-------+--------------------------------------------------------------------------------------------------+-------------------------------------------------------------------------------------------------+-------------------------------------------------------------------------+-------------------------------------------------------------------------+--------------+------------+------------+

Path #1: Setup slack is 8.092 
===============================================================================
+-----------------------------------------------------------------------------------------------------------------------+
; Path Summary                                                                                                          ;
+--------------------+--------------------------------------------------------------------------------------------------+
; Property           ; Value                                                                                            ;
+--------------------+--------------------------------------------------------------------------------------------------+
; From Node          ; wpms_system:u_sys|wpms_synth_top:u_synth|wpms_l2_top:u_l2|wpms_formation:form|x_imm[2]~DUPLICATE ;
; To Node            ; wpms_system:u_sys|wpms_synth_top:u_synth|wpms_l2_top:u_l2|wpms_formation:form|adrs[3]~DUPLICATE  ;
; Launch Clock       ; u_pll_sys|g_intel.g_one.u_pll|general[0].gpll~PLL_OUTPUT_COUNTER|divclk                          ;
; Latch Clock        ; u_pll_sys|g_intel.g_one.u_pll|general[0].gpll~PLL_OUTPUT_COUNTER|divclk                          ;
; Data Arrival Time  ; 15.804                                                                                           ;
; Data Required Time ; 23.896                                                                                           ;
; Slack              ; 8.092                                                                                            ;
+--------------------+--------------------------------------------------------------------------------------------------+

+--------------------------------------------------------------------------------------+
; Statistics                                                                           ;
+------------------------+--------+-------+-------------+------------+--------+--------+
; Property               ; Value  ; Count ; Total Delay ; % of Total ; Min    ; Max    ;
+------------------------+--------+-------+-------------+------------+--------+--------+
; Setup Relationship     ; 20.000 ;       ;             ;            ;        ;        ;
; Clock Skew             ; -0.503 ;       ;             ;            ;        ;        ;
; Data Delay             ; 11.325 ;       ;             ;            ;        ;        ;
; Number of Logic Levels ;        ; 6     ;             ;            ;        ;        ;
; Physical Delays        ;        ;       ;             ;            ;        ;        ;
;  Arrival Path          ;        ;       ;             ;            ;        ;        ;
;   Clock                ;        ;       ;             ;            ;        ;        ;
;    IC                  ;        ; 6     ; 4.696       ; 56         ; 0.000  ; 2.366  ;
;    Cell                ;        ; 5     ; 3.724       ; 44         ; 0.329  ; 1.738  ;
;    PLL Compensation    ;        ; 1     ; -3.941      ; 0          ; -3.941 ; -3.941 ;
;   Data                 ;        ;       ;             ;            ;        ;        ;
;    IC                  ;        ; 7     ; 7.789       ; 69         ; 0.188  ; 2.497  ;
;    Cell                ;        ; 8     ; 3.536       ; 31         ; 0.000  ; 0.690  ;
;    uTco                ;        ; 1     ; 0.000       ; 0          ; 0.000  ; 0.000  ;
;  Required Path         ;        ;       ;             ;            ;        ;        ;
;   Clock                ;        ;       ;             ;            ;        ;        ;
;    IC                  ;        ; 6     ; 4.032       ; 55         ; 0.000  ; 1.929  ;
;    Cell                ;        ; 5     ; 3.342       ; 45         ; 0.304  ; 1.470  ;
;    PLL Compensation    ;        ; 1     ; -5.095      ; 0          ; -5.095 ; -5.095 ;
+------------------------+--------+-------+-------------+------------+--------+--------+
Note: Negative delays are omitted from totals when calculating percentages

+-------------------------------------------------------------------------------------------------------------------------------------------------------------------------+
; Data Arrival Path                                                                                                                                                       ;
+----------+----------+----+------+--------+---------------------------+--------------------------------------------------------------------------------------------------+
; Total    ; Incr     ; RF ; Type ; Fanout ; Location                  ; Element                                                                                          ;
+----------+----------+----+------+--------+---------------------------+--------------------------------------------------------------------------------------------------+
; 0.000    ; 0.000    ;    ;      ;        ;                           ; launch edge time                                                                                 ;
; 4.479    ; 4.479    ;    ;      ;        ;                           ; clock path                                                                                       ;
;   0.000  ;   0.000  ;    ;      ;        ;                           ; source latency                                                                                   ;
;   0.000  ;   0.000  ;    ;      ; 1      ; PIN_V11                   ; FPGA_CLK1_50                                                                                     ;
;   0.000  ;   0.000  ; RR ; IC   ; 1      ; IOIBUF_X32_Y0_N1          ; FPGA_CLK1_50~input|i                                                                             ;
;   0.766  ;   0.766  ; RR ; CELL ; 2      ; IOIBUF_X32_Y0_N1          ; FPGA_CLK1_50~input|o                                                                             ;
;   2.087  ;   1.321  ; RR ; IC   ; 1      ; PLLREFCLKSELECT_X0_Y7_N0  ; u_pll_sys|g_intel.g_one.u_pll|general[0].gpll~PLL_REFCLK_SELECT|clkin[0]                         ;
;   2.420  ;   0.333  ; RR ; CELL ; 1      ; PLLREFCLKSELECT_X0_Y7_N0  ; u_pll_sys|g_intel.g_one.u_pll|general[0].gpll~PLL_REFCLK_SELECT|clkout                           ;
;   2.420  ;   0.000  ; RR ; IC   ; 10     ; FRACTIONALPLL_X0_Y1_N0    ; u_pll_sys|g_intel.g_one.u_pll|general[0].gpll~FRACTIONAL_PLL|refclkin                            ;
;   -1.521 ;   -3.941 ; RR ; COMP ; 1      ; FRACTIONALPLL_X0_Y1_N0    ; u_pll_sys|g_intel.g_one.u_pll|general[0].gpll~FRACTIONAL_PLL|vcoph[0]                            ;
;   -1.521 ;   0.000  ; RR ; IC   ; 1      ; PLLOUTPUTCOUNTER_X0_Y4_N1 ; u_pll_sys|g_intel.g_one.u_pll|general[0].gpll~PLL_OUTPUT_COUNTER|vco0ph[0]                       ;
;   0.217  ;   1.738  ; RR ; CELL ; 1      ; PLLOUTPUTCOUNTER_X0_Y4_N1 ; u_pll_sys|g_intel.g_one.u_pll|general[0].gpll~PLL_OUTPUT_COUNTER|divclk                          ;
;   1.226  ;   1.009  ; RR ; IC   ; 1      ; CLKCTRL_G3                ; u_pll_sys|g_intel.g_one.u_pll|outclk_wire[0]~CLKENA0|inclk                                       ;
;   1.555  ;   0.329  ; RR ; CELL ; 9864   ; CLKCTRL_G3                ; u_pll_sys|g_intel.g_one.u_pll|outclk_wire[0]~CLKENA0|outclk                                      ;
;   3.921  ;   2.366  ; RR ; IC   ; 1      ; FF_X33_Y16_N53            ; u_sys|u_synth|u_l2|form|x_imm[2]~DUPLICATE|clk                                                   ;
;   4.479  ;   0.558  ; RR ; CELL ; 1      ; FF_X33_Y16_N53            ; wpms_system:u_sys|wpms_synth_top:u_synth|wpms_l2_top:u_l2|wpms_formation:form|x_imm[2]~DUPLICATE ;
; 15.804   ; 11.325   ;    ;      ;        ;                           ; data path                                                                                        ;
;   4.479  ;   0.000  ;    ; uTco ; 1      ; FF_X33_Y16_N53            ; wpms_system:u_sys|wpms_synth_top:u_synth|wpms_l2_top:u_l2|wpms_formation:form|x_imm[2]~DUPLICATE ;
;   4.479  ;   0.000  ; RR ; CELL ; 11     ; FF_X33_Y16_N53            ; u_sys|u_synth|u_l2|form|x_imm[2]~DUPLICATE|q                                                     ;
;   5.849  ;   1.370  ; RR ; IC   ; 1      ; LABCELL_X22_Y18_N48       ; u_sys|u_synth|u_l2|form|Equal0~2|datac                                                           ;
;   6.349  ;   0.500  ; RF ; CELL ; 3      ; LABCELL_X22_Y18_N48       ; u_sys|u_synth|u_l2|form|Equal0~2|combout                                                         ;
;   7.101  ;   0.752  ; FF ; IC   ; 1      ; LABCELL_X29_Y18_N57       ; u_sys|u_synth|u_l2|form|e4~4|datab                                                               ;
;   7.639  ;   0.538  ; FF ; CELL ; 1      ; LABCELL_X29_Y18_N57       ; u_sys|u_synth|u_l2|form|e4~4|combout                                                             ;
;   7.827  ;   0.188  ; FF ; IC   ; 1      ; LABCELL_X29_Y18_N42       ; u_sys|u_synth|u_l2|form|Mux0~0|datab                                                             ;
;   8.407  ;   0.580  ; FR ; CELL ; 2      ; LABCELL_X29_Y18_N42       ; u_sys|u_synth|u_l2|form|Mux0~0|combout                                                           ;
;   8.674  ;   0.267  ; RR ; IC   ; 1      ; LABCELL_X29_Y18_N18       ; u_sys|u_synth|u_l2|form|x_ok0~0|dataf                                                            ;
;   8.767  ;   0.093  ; RF ; CELL ; 17     ; LABCELL_X29_Y18_N18       ; u_sys|u_synth|u_l2|form|x_ok0~0|combout                                                          ;
;   9.589  ;   0.822  ; FF ; IC   ; 1      ; LABCELL_X27_Y19_N45       ; u_sys|u_synth|u_l2|form|we_sad|datab                                                             ;
;   10.152 ;   0.563  ; FF ; CELL ; 14     ; LABCELL_X27_Y19_N45       ; u_sys|u_synth|u_l2|form|we_sad|combout                                                           ;
;   12.045 ;   1.893  ; FF ; IC   ; 1      ; MLABCELL_X39_Y17_N12      ; u_sys|u_synth|u_l2|form|adrs[7]~1|dataa                                                          ;
;   12.617 ;   0.572  ; FF ; CELL ; 10     ; MLABCELL_X39_Y17_N12      ; u_sys|u_synth|u_l2|form|adrs[7]~1|combout                                                        ;
;   15.114 ;   2.497  ; FF ; IC   ; 1      ; FF_X40_Y21_N58            ; u_sys|u_synth|u_l2|form|adrs[3]~DUPLICATE|ena                                                    ;
;   15.804 ;   0.690  ; FF ; CELL ; 1      ; FF_X40_Y21_N58            ; wpms_system:u_sys|wpms_synth_top:u_synth|wpms_l2_top:u_l2|wpms_formation:form|adrs[3]~DUPLICATE  ;
+----------+----------+----+------+--------+---------------------------+--------------------------------------------------------------------------------------------------+

+------------------------------------------------------------------------------------------------------------------------------------------------------------------------+
; Data Required Path                                                                                                                                                     ;
+----------+----------+----+------+--------+---------------------------+-------------------------------------------------------------------------------------------------+
; Total    ; Incr     ; RF ; Type ; Fanout ; Location                  ; Element                                                                                         ;
+----------+----------+----+------+--------+---------------------------+-------------------------------------------------------------------------------------------------+
; 20.000   ; 20.000   ;    ;      ;        ;                           ; latch edge time                                                                                 ;
; 23.976   ; 3.976    ;    ;      ;        ;                           ; clock path                                                                                      ;
;   20.000 ;   0.000  ;    ;      ;        ;                           ; source latency                                                                                  ;
;   20.000 ;   0.000  ;    ;      ; 1      ; PIN_V11                   ; FPGA_CLK1_50                                                                                    ;
;   20.000 ;   0.000  ; RR ; IC   ; 1      ; IOIBUF_X32_Y0_N1          ; FPGA_CLK1_50~input|i                                                                            ;
;   20.766 ;   0.766  ; RR ; CELL ; 2      ; IOIBUF_X32_Y0_N1          ; FPGA_CLK1_50~input|o                                                                            ;
;   21.929 ;   1.163  ; RR ; IC   ; 1      ; PLLREFCLKSELECT_X0_Y7_N0  ; u_pll_sys|g_intel.g_one.u_pll|general[0].gpll~PLL_REFCLK_SELECT|clkin[0]                        ;
;   22.239 ;   0.310  ; RR ; CELL ; 1      ; PLLREFCLKSELECT_X0_Y7_N0  ; u_pll_sys|g_intel.g_one.u_pll|general[0].gpll~PLL_REFCLK_SELECT|clkout                          ;
;   22.239 ;   0.000  ; RR ; IC   ; 10     ; FRACTIONALPLL_X0_Y1_N0    ; u_pll_sys|g_intel.g_one.u_pll|general[0].gpll~FRACTIONAL_PLL|refclkin                           ;
;   17.144 ;   -5.095 ; RR ; COMP ; 1      ; FRACTIONALPLL_X0_Y1_N0    ; u_pll_sys|g_intel.g_one.u_pll|general[0].gpll~FRACTIONAL_PLL|vcoph[0]                           ;
;   17.144 ;   0.000  ; RR ; IC   ; 1      ; PLLOUTPUTCOUNTER_X0_Y4_N1 ; u_pll_sys|g_intel.g_one.u_pll|general[0].gpll~PLL_OUTPUT_COUNTER|vco0ph[0]                      ;
;   18.614 ;   1.470  ; RR ; CELL ; 1      ; PLLOUTPUTCOUNTER_X0_Y4_N1 ; u_pll_sys|g_intel.g_one.u_pll|general[0].gpll~PLL_OUTPUT_COUNTER|divclk                         ;
;   19.554 ;   0.940  ; RR ; IC   ; 1      ; CLKCTRL_G3                ; u_pll_sys|g_intel.g_one.u_pll|outclk_wire[0]~CLKENA0|inclk                                      ;
;   19.858 ;   0.304  ; RR ; CELL ; 9864   ; CLKCTRL_G3                ; u_pll_sys|g_intel.g_one.u_pll|outclk_wire[0]~CLKENA0|outclk                                     ;
;   21.787 ;   1.929  ; RR ; IC   ; 1      ; FF_X40_Y21_N58            ; u_sys|u_synth|u_l2|form|adrs[3]~DUPLICATE|clk                                                   ;
;   22.279 ;   0.492  ; RR ; CELL ; 1      ; FF_X40_Y21_N58            ; wpms_system:u_sys|wpms_synth_top:u_synth|wpms_l2_top:u_l2|wpms_formation:form|adrs[3]~DUPLICATE ;
;   23.976 ;   1.697  ;    ;      ;        ;                           ; clock pessimism removed                                                                         ;
; 23.896   ; -0.080   ;    ;      ;        ;                           ; clock uncertainty                                                                               ;
; 23.896   ; 0.000    ;    ; uTsu ; 1      ; FF_X40_Y21_N58            ; wpms_system:u_sys|wpms_synth_top:u_synth|wpms_l2_top:u_l2|wpms_formation:form|adrs[3]~DUPLICATE ;
+----------+----------+----+------+--------+---------------------------+-------------------------------------------------------------------------------------------------+

----------------------------
; Extra Fitter Information ;
----------------------------
HTML report is unavailable in plain text report export.


----------------
; Command Info ;
----------------
Report Timing: Found 1 setup paths (0 violated).  Worst case slack is 3.798 

Tcl Command:
    report_timing -append -setup -file output_files/setup_clk_sys_keys.rpt -panel_name {clk_sys setup: store} -to [get_registers {*wpms_formation:*|g_store*}] -to_clock [get_clocks {*u_pll_sys*PLL_OUTPUT_COUNTER*}] -npaths 1 -detail full_path

Options:
    -to [get_registers {*wpms_formation:*|g_store*}] 
    -to_clock [get_clocks {*u_pll_sys*PLL_OUTPUT_COUNTER*}] 
    -setup 
    -npaths 1 
    -detail full_path 
    -panel_name {clk_sys setup: store} 
    -file {output_files/setup_clk_sys_keys.rpt} 
    -append 

Delay Model:
    Slow 1100mV 85C Model

+--------------------------------------------------------------------------------------------------------------------------------------------------------------------------------------------------------------------------------------------------------------------------------------------------------------------------------------------------------------------------------------------------------------+
; Summary of Paths                                                                                                                                                                                                                                                                                                                                                                                             ;
+-------+-------------------------------------------------------------------------------------------+-------------------------------------------------------------------------------------------------------------+-------------------------------------------------------------------------+-------------------------------------------------------------------------+--------------+------------+------------+
; Slack ; From Node                                                                                 ; To Node                                                                                                     ; Launch Clock                                                            ; Latch Clock                                                             ; Relationship ; Clock Skew ; Data Delay ;
+-------+-------------------------------------------------------------------------------------------+-------------------------------------------------------------------------------------------------------------+-------------------------------------------------------------------------+-------------------------------------------------------------------------+--------------+------------+------------+
; 3.798 ; wpms_system:u_sys|wpms_synth_top:u_synth|wpms_l2_top:u_l2|wpms_formation:form|pmask[2][2] ; wpms_system:u_sys|wpms_synth_top:u_synth|wpms_l2_top:u_l2|wpms_formation:form|g_store_4_.m_rtl_0_bypass[33] ; u_pll_sys|g_intel.g_one.u_pll|general[0].gpll~PLL_OUTPUT_COUNTER|divclk ; u_pll_sys|g_intel.g_one.u_pll|general[0].gpll~PLL_OUTPUT_COUNTER|divclk ; 20.000       ; -0.481     ; 15.641     ;
+-------+-------------------------------------------------------------------------------------------+-------------------------------------------------------------------------------------------------------------+-------------------------------------------------------------------------+-------------------------------------------------------------------------+--------------+------------+------------+

Path #1: Setup slack is 3.798 
===============================================================================
+----------------------------------------------------------------------------------------------------------------------------------+
; Path Summary                                                                                                                     ;
+--------------------+-------------------------------------------------------------------------------------------------------------+
; Property           ; Value                                                                                                       ;
+--------------------+-------------------------------------------------------------------------------------------------------------+
; From Node          ; wpms_system:u_sys|wpms_synth_top:u_synth|wpms_l2_top:u_l2|wpms_formation:form|pmask[2][2]                   ;
; To Node            ; wpms_system:u_sys|wpms_synth_top:u_synth|wpms_l2_top:u_l2|wpms_formation:form|g_store_4_.m_rtl_0_bypass[33] ;
; Launch Clock       ; u_pll_sys|g_intel.g_one.u_pll|general[0].gpll~PLL_OUTPUT_COUNTER|divclk                                     ;
; Latch Clock        ; u_pll_sys|g_intel.g_one.u_pll|general[0].gpll~PLL_OUTPUT_COUNTER|divclk                                     ;
; Data Arrival Time  ; 20.134                                                                                                      ;
; Data Required Time ; 23.932                                                                                                      ;
; Slack              ; 3.798                                                                                                       ;
+--------------------+-------------------------------------------------------------------------------------------------------------+

+--------------------------------------------------------------------------------------+
; Statistics                                                                           ;
+------------------------+--------+-------+-------------+------------+--------+--------+
; Property               ; Value  ; Count ; Total Delay ; % of Total ; Min    ; Max    ;
+------------------------+--------+-------+-------------+------------+--------+--------+
; Setup Relationship     ; 20.000 ;       ;             ;            ;        ;        ;
; Clock Skew             ; -0.481 ;       ;             ;            ;        ;        ;
; Data Delay             ; 15.641 ;       ;             ;            ;        ;        ;
; Number of Logic Levels ;        ; 7     ;             ;            ;        ;        ;
; Physical Delays        ;        ;       ;             ;            ;        ;        ;
;  Arrival Path          ;        ;       ;             ;            ;        ;        ;
;   Clock                ;        ;       ;             ;            ;        ;        ;
;    IC                  ;        ; 6     ; 4.710       ; 56         ; 0.000  ; 2.380  ;
;    Cell                ;        ; 5     ; 3.724       ; 44         ; 0.329  ; 1.738  ;
;    PLL Compensation    ;        ; 1     ; -3.941      ; 0          ; -3.941 ; -3.941 ;
;   Data                 ;        ;       ;             ;            ;        ;        ;
;    IC                  ;        ; 8     ; 11.860      ; 76         ; 0.000  ; 4.124  ;
;    Cell                ;        ; 9     ; 3.781       ; 24         ; 0.000  ; 0.555  ;
;    uTco                ;        ; 1     ; 0.000       ; 0          ; 0.000  ; 0.000  ;
;  Required Path         ;        ;       ;             ;            ;        ;        ;
;   Clock                ;        ;       ;             ;            ;        ;        ;
;    IC                  ;        ; 6     ; 4.042       ; 55         ; 0.000  ; 1.939  ;
;    Cell                ;        ; 5     ; 3.368       ; 45         ; 0.304  ; 1.470  ;
;    PLL Compensation    ;        ; 1     ; -5.095      ; 0          ; -5.095 ; -5.095 ;
+------------------------+--------+-------+-------------+------------+--------+--------+
Note: Negative delays are omitted from totals when calculating percentages

+------------------------------------------------------------------------------------------------------------------------------------------------------------------------------------+
; Data Arrival Path                                                                                                                                                                  ;
+----------+----------+----+------+--------+---------------------------+-------------------------------------------------------------------------------------------------------------+
; Total    ; Incr     ; RF ; Type ; Fanout ; Location                  ; Element                                                                                                     ;
+----------+----------+----+------+--------+---------------------------+-------------------------------------------------------------------------------------------------------------+
; 0.000    ; 0.000    ;    ;      ;        ;                           ; launch edge time                                                                                            ;
; 4.493    ; 4.493    ;    ;      ;        ;                           ; clock path                                                                                                  ;
;   0.000  ;   0.000  ;    ;      ;        ;                           ; source latency                                                                                              ;
;   0.000  ;   0.000  ;    ;      ; 1      ; PIN_V11                   ; FPGA_CLK1_50                                                                                                ;
;   0.000  ;   0.000  ; RR ; IC   ; 1      ; IOIBUF_X32_Y0_N1          ; FPGA_CLK1_50~input|i                                                                                        ;
;   0.766  ;   0.766  ; RR ; CELL ; 2      ; IOIBUF_X32_Y0_N1          ; FPGA_CLK1_50~input|o                                                                                        ;
;   2.087  ;   1.321  ; RR ; IC   ; 1      ; PLLREFCLKSELECT_X0_Y7_N0  ; u_pll_sys|g_intel.g_one.u_pll|general[0].gpll~PLL_REFCLK_SELECT|clkin[0]                                    ;
;   2.420  ;   0.333  ; RR ; CELL ; 1      ; PLLREFCLKSELECT_X0_Y7_N0  ; u_pll_sys|g_intel.g_one.u_pll|general[0].gpll~PLL_REFCLK_SELECT|clkout                                      ;
;   2.420  ;   0.000  ; RR ; IC   ; 10     ; FRACTIONALPLL_X0_Y1_N0    ; u_pll_sys|g_intel.g_one.u_pll|general[0].gpll~FRACTIONAL_PLL|refclkin                                       ;
;   -1.521 ;   -3.941 ; RR ; COMP ; 1      ; FRACTIONALPLL_X0_Y1_N0    ; u_pll_sys|g_intel.g_one.u_pll|general[0].gpll~FRACTIONAL_PLL|vcoph[0]                                       ;
;   -1.521 ;   0.000  ; RR ; IC   ; 1      ; PLLOUTPUTCOUNTER_X0_Y4_N1 ; u_pll_sys|g_intel.g_one.u_pll|general[0].gpll~PLL_OUTPUT_COUNTER|vco0ph[0]                                  ;
;   0.217  ;   1.738  ; RR ; CELL ; 1      ; PLLOUTPUTCOUNTER_X0_Y4_N1 ; u_pll_sys|g_intel.g_one.u_pll|general[0].gpll~PLL_OUTPUT_COUNTER|divclk                                     ;
;   1.226  ;   1.009  ; RR ; IC   ; 1      ; CLKCTRL_G3                ; u_pll_sys|g_intel.g_one.u_pll|outclk_wire[0]~CLKENA0|inclk                                                  ;
;   1.555  ;   0.329  ; RR ; CELL ; 9864   ; CLKCTRL_G3                ; u_pll_sys|g_intel.g_one.u_pll|outclk_wire[0]~CLKENA0|outclk                                                 ;
;   3.935  ;   2.380  ; RR ; IC   ; 1      ; FF_X40_Y17_N17            ; u_sys|u_synth|u_l2|form|pmask[2][2]|clk                                                                     ;
;   4.493  ;   0.558  ; RR ; CELL ; 1      ; FF_X40_Y17_N17            ; wpms_system:u_sys|wpms_synth_top:u_synth|wpms_l2_top:u_l2|wpms_formation:form|pmask[2][2]                   ;
; 20.134   ; 15.641   ;    ;      ;        ;                           ; data path                                                                                                   ;
;   4.493  ;   0.000  ;    ; uTco ; 1      ; FF_X40_Y17_N17            ; wpms_system:u_sys|wpms_synth_top:u_synth|wpms_l2_top:u_l2|wpms_formation:form|pmask[2][2]                   ;
;   4.493  ;   0.000  ; RR ; CELL ; 3      ; FF_X40_Y17_N17            ; u_sys|u_synth|u_l2|form|pmask[2][2]|q                                                                       ;
;   5.435  ;   0.942  ; RR ; IC   ; 1      ; LABCELL_X45_Y17_N0        ; u_sys|u_synth|u_l2|form|Equal65~0|datab                                                                     ;
;   5.990  ;   0.555  ; RF ; CELL ; 1      ; LABCELL_X45_Y17_N0        ; u_sys|u_synth|u_l2|form|Equal65~0|combout                                                                   ;
;   6.319  ;   0.329  ; FF ; IC   ; 1      ; LABCELL_X45_Y17_N54       ; u_sys|u_synth|u_l2|form|Equal65~2|dataa                                                                     ;
;   6.859  ;   0.540  ; FF ; CELL ; 1      ; LABCELL_X45_Y17_N54       ; u_sys|u_synth|u_l2|form|Equal65~2|combout                                                                   ;
;   8.158  ;   1.299  ; FF ; IC   ; 1      ; LABCELL_X43_Y14_N21       ; u_sys|u_synth|u_l2|form|Equal65~3|datac                                                                     ;
;   8.671  ;   0.513  ; FF ; CELL ; 2      ; LABCELL_X43_Y14_N21       ; u_sys|u_synth|u_l2|form|Equal65~3|combout                                                                   ;
;   10.140 ;   1.469  ; FF ; IC   ; 1      ; LABCELL_X50_Y14_N42       ; u_sys|u_synth|u_l2|form|cp_b[0]~7|datad                                                                     ;
;   10.654 ;   0.514  ; FF ; CELL ; 967    ; LABCELL_X50_Y14_N42       ; u_sys|u_synth|u_l2|form|cp_b[0]~7|combout                                                                   ;
;   14.778 ;   4.124  ; FF ; IC   ; 1      ; LABCELL_X27_Y33_N36       ; u_sys|u_synth|u_l2|form|st_wd[4][5]~886|datad                                                               ;
;   15.292 ;   0.514  ; FF ; CELL ; 2      ; LABCELL_X27_Y33_N36       ; u_sys|u_synth|u_l2|form|st_wd[4][5]~886|combout                                                             ;
;   17.199 ;   1.907  ; FF ; IC   ; 1      ; LABCELL_X42_Y23_N33       ; u_sys|u_synth|u_l2|form|st_wd[4][5]~888|dataa                                                               ;
;   17.741 ;   0.542  ; FF ; CELL ; 2      ; LABCELL_X42_Y23_N33       ; u_sys|u_synth|u_l2|form|st_wd[4][5]~888|combout                                                             ;
;   19.531 ;   1.790  ; FF ; IC   ; 1      ; MLABCELL_X47_Y27_N12      ; u_sys|u_synth|u_l2|form|g_store_4_.m_rtl_0_bypass[33]~feeder|datad                                          ;
;   19.874 ;   0.343  ; FF ; CELL ; 1      ; MLABCELL_X47_Y27_N12      ; u_sys|u_synth|u_l2|form|g_store_4_.m_rtl_0_bypass[33]~feeder|combout                                        ;
;   19.874 ;   0.000  ; FF ; IC   ; 1      ; FF_X47_Y27_N13            ; u_sys|u_synth|u_l2|form|g_store_4_.m_rtl_0_bypass[33]|d                                                     ;
;   20.134 ;   0.260  ; FF ; CELL ; 1      ; FF_X47_Y27_N13            ; wpms_system:u_sys|wpms_synth_top:u_synth|wpms_l2_top:u_l2|wpms_formation:form|g_store_4_.m_rtl_0_bypass[33] ;
+----------+----------+----+------+--------+---------------------------+-------------------------------------------------------------------------------------------------------------+

+------------------------------------------------------------------------------------------------------------------------------------------------------------------------------------+
; Data Required Path                                                                                                                                                                 ;
+----------+----------+----+------+--------+---------------------------+-------------------------------------------------------------------------------------------------------------+
; Total    ; Incr     ; RF ; Type ; Fanout ; Location                  ; Element                                                                                                     ;
+----------+----------+----+------+--------+---------------------------+-------------------------------------------------------------------------------------------------------------+
; 20.000   ; 20.000   ;    ;      ;        ;                           ; latch edge time                                                                                             ;
; 24.012   ; 4.012    ;    ;      ;        ;                           ; clock path                                                                                                  ;
;   20.000 ;   0.000  ;    ;      ;        ;                           ; source latency                                                                                              ;
;   20.000 ;   0.000  ;    ;      ; 1      ; PIN_V11                   ; FPGA_CLK1_50                                                                                                ;
;   20.000 ;   0.000  ; RR ; IC   ; 1      ; IOIBUF_X32_Y0_N1          ; FPGA_CLK1_50~input|i                                                                                        ;
;   20.766 ;   0.766  ; RR ; CELL ; 2      ; IOIBUF_X32_Y0_N1          ; FPGA_CLK1_50~input|o                                                                                        ;
;   21.929 ;   1.163  ; RR ; IC   ; 1      ; PLLREFCLKSELECT_X0_Y7_N0  ; u_pll_sys|g_intel.g_one.u_pll|general[0].gpll~PLL_REFCLK_SELECT|clkin[0]                                    ;
;   22.239 ;   0.310  ; RR ; CELL ; 1      ; PLLREFCLKSELECT_X0_Y7_N0  ; u_pll_sys|g_intel.g_one.u_pll|general[0].gpll~PLL_REFCLK_SELECT|clkout                                      ;
;   22.239 ;   0.000  ; RR ; IC   ; 10     ; FRACTIONALPLL_X0_Y1_N0    ; u_pll_sys|g_intel.g_one.u_pll|general[0].gpll~FRACTIONAL_PLL|refclkin                                       ;
;   17.144 ;   -5.095 ; RR ; COMP ; 1      ; FRACTIONALPLL_X0_Y1_N0    ; u_pll_sys|g_intel.g_one.u_pll|general[0].gpll~FRACTIONAL_PLL|vcoph[0]                                       ;
;   17.144 ;   0.000  ; RR ; IC   ; 1      ; PLLOUTPUTCOUNTER_X0_Y4_N1 ; u_pll_sys|g_intel.g_one.u_pll|general[0].gpll~PLL_OUTPUT_COUNTER|vco0ph[0]                                  ;
;   18.614 ;   1.470  ; RR ; CELL ; 1      ; PLLOUTPUTCOUNTER_X0_Y4_N1 ; u_pll_sys|g_intel.g_one.u_pll|general[0].gpll~PLL_OUTPUT_COUNTER|divclk                                     ;
;   19.554 ;   0.940  ; RR ; IC   ; 1      ; CLKCTRL_G3                ; u_pll_sys|g_intel.g_one.u_pll|outclk_wire[0]~CLKENA0|inclk                                                  ;
;   19.858 ;   0.304  ; RR ; CELL ; 9864   ; CLKCTRL_G3                ; u_pll_sys|g_intel.g_one.u_pll|outclk_wire[0]~CLKENA0|outclk                                                 ;
;   21.797 ;   1.939  ; RR ; IC   ; 1      ; FF_X47_Y27_N13            ; u_sys|u_synth|u_l2|form|g_store_4_.m_rtl_0_bypass[33]|clk                                                   ;
;   22.315 ;   0.518  ; RR ; CELL ; 1      ; FF_X47_Y27_N13            ; wpms_system:u_sys|wpms_synth_top:u_synth|wpms_l2_top:u_l2|wpms_formation:form|g_store_4_.m_rtl_0_bypass[33] ;
;   24.012 ;   1.697  ;    ;      ;        ;                           ; clock pessimism removed                                                                                     ;
; 23.932   ; -0.080   ;    ;      ;        ;                           ; clock uncertainty                                                                                           ;
; 23.932   ; 0.000    ;    ; uTsu ; 1      ; FF_X47_Y27_N13            ; wpms_system:u_sys|wpms_synth_top:u_synth|wpms_l2_top:u_l2|wpms_formation:form|g_store_4_.m_rtl_0_bypass[33] ;
+----------+----------+----+------+--------+---------------------------+-------------------------------------------------------------------------------------------------------------+

----------------------------
; Extra Fitter Information ;
----------------------------
HTML report is unavailable in plain text report export.


----------------
; Command Info ;
----------------
Report Timing: Found 1 setup paths (0 violated).  Worst case slack is 2.498 

Tcl Command:
    report_timing -append -setup -file output_files/setup_clk_sys_keys.rpt -panel_name {clk_sys setup: store_n} -to [get_registers {*wpms_formation:*|st_n*}] -to_clock [get_clocks {*u_pll_sys*PLL_OUTPUT_COUNTER*}] -npaths 1 -detail full_path

Options:
    -to [get_registers {*wpms_formation:*|st_n*}] 
    -to_clock [get_clocks {*u_pll_sys*PLL_OUTPUT_COUNTER*}] 
    -setup 
    -npaths 1 
    -detail full_path 
    -panel_name {clk_sys setup: store_n} 
    -file {output_files/setup_clk_sys_keys.rpt} 
    -append 

Delay Model:
    Slow 1100mV 85C Model

+---------------------------------------------------------------------------------------------------------------------------------------------------------------------------------------------------------------------------------------------------------------------------------------------------------------------------------------------------------------------------------------------------+
; Summary of Paths                                                                                                                                                                                                                                                                                                                                                                                  ;
+-------+--------------------------------------------------------------------------------------------------+-------------------------------------------------------------------------------------------+-------------------------------------------------------------------------+-------------------------------------------------------------------------+--------------+------------+------------+
; Slack ; From Node                                                                                        ; To Node                                                                                   ; Launch Clock                                                            ; Latch Clock                                                             ; Relationship ; Clock Skew ; Data Delay ;
+-------+--------------------------------------------------------------------------------------------------+-------------------------------------------------------------------------------------------+-------------------------------------------------------------------------+-------------------------------------------------------------------------+--------------+------------+------------+
; 2.498 ; wpms_system:u_sys|wpms_synth_top:u_synth|wpms_l2_top:u_l2|wpms_formation:form|x_imm[1]~DUPLICATE ; wpms_system:u_sys|wpms_synth_top:u_synth|wpms_l2_top:u_l2|wpms_formation:form|st_n[3][22] ; u_pll_sys|g_intel.g_one.u_pll|general[0].gpll~PLL_OUTPUT_COUNTER|divclk ; u_pll_sys|g_intel.g_one.u_pll|general[0].gpll~PLL_OUTPUT_COUNTER|divclk ; 20.000       ; -0.507     ; 16.915     ;
+-------+--------------------------------------------------------------------------------------------------+-------------------------------------------------------------------------------------------+-------------------------------------------------------------------------+-------------------------------------------------------------------------+--------------+------------+------------+

Path #1: Setup slack is 2.498 
===============================================================================
+-----------------------------------------------------------------------------------------------------------------------+
; Path Summary                                                                                                          ;
+--------------------+--------------------------------------------------------------------------------------------------+
; Property           ; Value                                                                                            ;
+--------------------+--------------------------------------------------------------------------------------------------+
; From Node          ; wpms_system:u_sys|wpms_synth_top:u_synth|wpms_l2_top:u_l2|wpms_formation:form|x_imm[1]~DUPLICATE ;
; To Node            ; wpms_system:u_sys|wpms_synth_top:u_synth|wpms_l2_top:u_l2|wpms_formation:form|st_n[3][22]        ;
; Launch Clock       ; u_pll_sys|g_intel.g_one.u_pll|general[0].gpll~PLL_OUTPUT_COUNTER|divclk                          ;
; Latch Clock        ; u_pll_sys|g_intel.g_one.u_pll|general[0].gpll~PLL_OUTPUT_COUNTER|divclk                          ;
; Data Arrival Time  ; 21.384                                                                                           ;
; Data Required Time ; 23.882                                                                                           ;
; Slack              ; 2.498                                                                                            ;
+--------------------+--------------------------------------------------------------------------------------------------+

+--------------------------------------------------------------------------------------+
; Statistics                                                                           ;
+------------------------+--------+-------+-------------+------------+--------+--------+
; Property               ; Value  ; Count ; Total Delay ; % of Total ; Min    ; Max    ;
+------------------------+--------+-------+-------------+------------+--------+--------+
; Setup Relationship     ; 20.000 ;       ;             ;            ;        ;        ;
; Clock Skew             ; -0.507 ;       ;             ;            ;        ;        ;
; Data Delay             ; 16.915 ;       ;             ;            ;        ;        ;
; Number of Logic Levels ;        ; 8     ;             ;            ;        ;        ;
; Physical Delays        ;        ;       ;             ;            ;        ;        ;
;  Arrival Path          ;        ;       ;             ;            ;        ;        ;
;   Clock                ;        ;       ;             ;            ;        ;        ;
;    IC                  ;        ; 6     ; 4.692       ; 56         ; 0.000  ; 2.362  ;
;    Cell                ;        ; 5     ; 3.718       ; 44         ; 0.329  ; 1.738  ;
;    PLL Compensation    ;        ; 1     ; -3.941      ; 0          ; -3.941 ; -3.941 ;
;   Data                 ;        ;       ;             ;            ;        ;        ;
;    IC                  ;        ; 9     ; 12.384      ; 73         ; 0.188  ; 2.624  ;
;    Cell                ;        ; 10    ; 4.531       ; 27         ; 0.000  ; 0.707  ;
;    uTco                ;        ; 1     ; 0.000       ; 0          ; 0.000  ; 0.000  ;
;  Required Path         ;        ;       ;             ;            ;        ;        ;
;   Clock                ;        ;       ;             ;            ;        ;        ;
;    IC                  ;        ; 6     ; 4.029       ; 55         ; 0.000  ; 1.926  ;
;    Cell                ;        ; 5     ; 3.331       ; 45         ; 0.304  ; 1.470  ;
;    PLL Compensation    ;        ; 1     ; -5.095      ; 0          ; -5.095 ; -5.095 ;
+------------------------+--------+-------+-------------+------------+--------+--------+
Note: Negative delays are omitted from totals when calculating percentages

+-------------------------------------------------------------------------------------------------------------------------------------------------------------------------+
; Data Arrival Path                                                                                                                                                       ;
+----------+----------+----+------+--------+---------------------------+--------------------------------------------------------------------------------------------------+
; Total    ; Incr     ; RF ; Type ; Fanout ; Location                  ; Element                                                                                          ;
+----------+----------+----+------+--------+---------------------------+--------------------------------------------------------------------------------------------------+
; 0.000    ; 0.000    ;    ;      ;        ;                           ; launch edge time                                                                                 ;
; 4.469    ; 4.469    ;    ;      ;        ;                           ; clock path                                                                                       ;
;   0.000  ;   0.000  ;    ;      ;        ;                           ; source latency                                                                                   ;
;   0.000  ;   0.000  ;    ;      ; 1      ; PIN_V11                   ; FPGA_CLK1_50                                                                                     ;
;   0.000  ;   0.000  ; RR ; IC   ; 1      ; IOIBUF_X32_Y0_N1          ; FPGA_CLK1_50~input|i                                                                             ;
;   0.766  ;   0.766  ; RR ; CELL ; 2      ; IOIBUF_X32_Y0_N1          ; FPGA_CLK1_50~input|o                                                                             ;
;   2.087  ;   1.321  ; RR ; IC   ; 1      ; PLLREFCLKSELECT_X0_Y7_N0  ; u_pll_sys|g_intel.g_one.u_pll|general[0].gpll~PLL_REFCLK_SELECT|clkin[0]                         ;
;   2.420  ;   0.333  ; RR ; CELL ; 1      ; PLLREFCLKSELECT_X0_Y7_N0  ; u_pll_sys|g_intel.g_one.u_pll|general[0].gpll~PLL_REFCLK_SELECT|clkout                           ;
;   2.420  ;   0.000  ; RR ; IC   ; 10     ; FRACTIONALPLL_X0_Y1_N0    ; u_pll_sys|g_intel.g_one.u_pll|general[0].gpll~FRACTIONAL_PLL|refclkin                            ;
;   -1.521 ;   -3.941 ; RR ; COMP ; 1      ; FRACTIONALPLL_X0_Y1_N0    ; u_pll_sys|g_intel.g_one.u_pll|general[0].gpll~FRACTIONAL_PLL|vcoph[0]                            ;
;   -1.521 ;   0.000  ; RR ; IC   ; 1      ; PLLOUTPUTCOUNTER_X0_Y4_N1 ; u_pll_sys|g_intel.g_one.u_pll|general[0].gpll~PLL_OUTPUT_COUNTER|vco0ph[0]                       ;
;   0.217  ;   1.738  ; RR ; CELL ; 1      ; PLLOUTPUTCOUNTER_X0_Y4_N1 ; u_pll_sys|g_intel.g_one.u_pll|general[0].gpll~PLL_OUTPUT_COUNTER|divclk                          ;
;   1.226  ;   1.009  ; RR ; IC   ; 1      ; CLKCTRL_G3                ; u_pll_sys|g_intel.g_one.u_pll|outclk_wire[0]~CLKENA0|inclk                                       ;
;   1.555  ;   0.329  ; RR ; CELL ; 9864   ; CLKCTRL_G3                ; u_pll_sys|g_intel.g_one.u_pll|outclk_wire[0]~CLKENA0|outclk                                      ;
;   3.917  ;   2.362  ; RR ; IC   ; 1      ; FF_X36_Y19_N56            ; u_sys|u_synth|u_l2|form|x_imm[1]~DUPLICATE|clk                                                   ;
;   4.469  ;   0.552  ; RR ; CELL ; 1      ; FF_X36_Y19_N56            ; wpms_system:u_sys|wpms_synth_top:u_synth|wpms_l2_top:u_l2|wpms_formation:form|x_imm[1]~DUPLICATE ;
; 21.384   ; 16.915   ;    ;      ;        ;                           ; data path                                                                                        ;
;   4.469  ;   0.000  ;    ; uTco ; 1      ; FF_X36_Y19_N56            ; wpms_system:u_sys|wpms_synth_top:u_synth|wpms_l2_top:u_l2|wpms_formation:form|x_imm[1]~DUPLICATE ;
;   4.469  ;   0.000  ; RR ; CELL ; 6      ; FF_X36_Y19_N56            ; u_sys|u_synth|u_l2|form|x_imm[1]~DUPLICATE|q                                                     ;
;   6.126  ;   1.657  ; RR ; IC   ; 1      ; LABCELL_X22_Y18_N48       ; u_sys|u_synth|u_l2|form|Equal0~2|dataa                                                           ;
;   6.721  ;   0.595  ; RF ; CELL ; 3      ; LABCELL_X22_Y18_N48       ; u_sys|u_synth|u_l2|form|Equal0~2|combout                                                         ;
;   7.473  ;   0.752  ; FF ; IC   ; 1      ; LABCELL_X29_Y18_N57       ; u_sys|u_synth|u_l2|form|e4~4|datab                                                               ;
;   8.011  ;   0.538  ; FF ; CELL ; 1      ; LABCELL_X29_Y18_N57       ; u_sys|u_synth|u_l2|form|e4~4|combout                                                             ;
;   8.199  ;   0.188  ; FF ; IC   ; 1      ; LABCELL_X29_Y18_N42       ; u_sys|u_synth|u_l2|form|Mux0~0|datab                                                             ;
;   8.779  ;   0.580  ; FR ; CELL ; 2      ; LABCELL_X29_Y18_N42       ; u_sys|u_synth|u_l2|form|Mux0~0|combout                                                           ;
;   9.046  ;   0.267  ; RR ; IC   ; 1      ; LABCELL_X29_Y18_N18       ; u_sys|u_synth|u_l2|form|x_ok0~0|dataf                                                            ;
;   9.139  ;   0.093  ; RF ; CELL ; 17     ; LABCELL_X29_Y18_N18       ; u_sys|u_synth|u_l2|form|x_ok0~0|combout                                                          ;
;   9.981  ;   0.842  ; FF ; IC   ; 1      ; LABCELL_X27_Y19_N57       ; u_sys|u_synth|u_l2|form|dp_st_we~2|datac                                                         ;
;   10.462 ;   0.481  ; FF ; CELL ; 15     ; LABCELL_X27_Y19_N57       ; u_sys|u_synth|u_l2|form|dp_st_we~2|combout                                                       ;
;   12.717 ;   2.255  ; FF ; IC   ; 1      ; LABCELL_X50_Y14_N18       ; u_sys|u_synth|u_l2|form|st_wd[0][31]~0|datac                                                     ;
;   13.095 ;   0.378  ; FR ; CELL ; 1226   ; LABCELL_X50_Y14_N18       ; u_sys|u_synth|u_l2|form|st_wd[0][31]~0|combout                                                   ;
;   14.397 ;   1.302  ; RR ; IC   ; 1      ; LABCELL_X42_Y16_N54       ; u_sys|u_synth|u_l2|form|st_wa[2][0]~2|dataa                                                      ;
;   14.992 ;   0.595  ; RF ; CELL ; 43     ; LABCELL_X42_Y16_N54       ; u_sys|u_synth|u_l2|form|st_wa[2][0]~2|combout                                                    ;
;   17.489 ;   2.497  ; FF ; IC   ; 1      ; MLABCELL_X59_Y18_N9       ; u_sys|u_synth|u_l2|form|Decoder16~5|datab                                                        ;
;   18.053 ;   0.564  ; FF ; CELL ; 32     ; MLABCELL_X59_Y18_N9       ; u_sys|u_synth|u_l2|form|Decoder16~5|combout                                                      ;
;   20.677 ;   2.624  ; FF ; IC   ; 1      ; FF_X63_Y25_N14            ; u_sys|u_synth|u_l2|form|st_n[3][22]|ena                                                          ;
;   21.384 ;   0.707  ; FF ; CELL ; 1      ; FF_X63_Y25_N14            ; wpms_system:u_sys|wpms_synth_top:u_synth|wpms_l2_top:u_l2|wpms_formation:form|st_n[3][22]        ;
+----------+----------+----+------+--------+---------------------------+--------------------------------------------------------------------------------------------------+

+------------------------------------------------------------------------------------------------------------------------------------------------------------------+
; Data Required Path                                                                                                                                               ;
+----------+----------+----+------+--------+---------------------------+-------------------------------------------------------------------------------------------+
; Total    ; Incr     ; RF ; Type ; Fanout ; Location                  ; Element                                                                                   ;
+----------+----------+----+------+--------+---------------------------+-------------------------------------------------------------------------------------------+
; 20.000   ; 20.000   ;    ;      ;        ;                           ; latch edge time                                                                           ;
; 23.962   ; 3.962    ;    ;      ;        ;                           ; clock path                                                                                ;
;   20.000 ;   0.000  ;    ;      ;        ;                           ; source latency                                                                            ;
;   20.000 ;   0.000  ;    ;      ; 1      ; PIN_V11                   ; FPGA_CLK1_50                                                                              ;
;   20.000 ;   0.000  ; RR ; IC   ; 1      ; IOIBUF_X32_Y0_N1          ; FPGA_CLK1_50~input|i                                                                      ;
;   20.766 ;   0.766  ; RR ; CELL ; 2      ; IOIBUF_X32_Y0_N1          ; FPGA_CLK1_50~input|o                                                                      ;
;   21.929 ;   1.163  ; RR ; IC   ; 1      ; PLLREFCLKSELECT_X0_Y7_N0  ; u_pll_sys|g_intel.g_one.u_pll|general[0].gpll~PLL_REFCLK_SELECT|clkin[0]                  ;
;   22.239 ;   0.310  ; RR ; CELL ; 1      ; PLLREFCLKSELECT_X0_Y7_N0  ; u_pll_sys|g_intel.g_one.u_pll|general[0].gpll~PLL_REFCLK_SELECT|clkout                    ;
;   22.239 ;   0.000  ; RR ; IC   ; 10     ; FRACTIONALPLL_X0_Y1_N0    ; u_pll_sys|g_intel.g_one.u_pll|general[0].gpll~FRACTIONAL_PLL|refclkin                     ;
;   17.144 ;   -5.095 ; RR ; COMP ; 1      ; FRACTIONALPLL_X0_Y1_N0    ; u_pll_sys|g_intel.g_one.u_pll|general[0].gpll~FRACTIONAL_PLL|vcoph[0]                     ;
;   17.144 ;   0.000  ; RR ; IC   ; 1      ; PLLOUTPUTCOUNTER_X0_Y4_N1 ; u_pll_sys|g_intel.g_one.u_pll|general[0].gpll~PLL_OUTPUT_COUNTER|vco0ph[0]                ;
;   18.614 ;   1.470  ; RR ; CELL ; 1      ; PLLOUTPUTCOUNTER_X0_Y4_N1 ; u_pll_sys|g_intel.g_one.u_pll|general[0].gpll~PLL_OUTPUT_COUNTER|divclk                   ;
;   19.554 ;   0.940  ; RR ; IC   ; 1      ; CLKCTRL_G3                ; u_pll_sys|g_intel.g_one.u_pll|outclk_wire[0]~CLKENA0|inclk                                ;
;   19.858 ;   0.304  ; RR ; CELL ; 9864   ; CLKCTRL_G3                ; u_pll_sys|g_intel.g_one.u_pll|outclk_wire[0]~CLKENA0|outclk                               ;
;   21.784 ;   1.926  ; RR ; IC   ; 1      ; FF_X63_Y25_N14            ; u_sys|u_synth|u_l2|form|st_n[3][22]|clk                                                   ;
;   22.265 ;   0.481  ; RR ; CELL ; 1      ; FF_X63_Y25_N14            ; wpms_system:u_sys|wpms_synth_top:u_synth|wpms_l2_top:u_l2|wpms_formation:form|st_n[3][22] ;
;   23.962 ;   1.697  ;    ;      ;        ;                           ; clock pessimism removed                                                                   ;
; 23.882   ; -0.080   ;    ;      ;        ;                           ; clock uncertainty                                                                         ;
; 23.882   ; 0.000    ;    ; uTsu ; 1      ; FF_X63_Y25_N14            ; wpms_system:u_sys|wpms_synth_top:u_synth|wpms_l2_top:u_l2|wpms_formation:form|st_n[3][22] ;
+----------+----------+----+------+--------+---------------------------+-------------------------------------------------------------------------------------------+

----------------------------
; Extra Fitter Information ;
----------------------------
HTML report is unavailable in plain text report export.


----------------
; Command Info ;
----------------
Report Timing: Found 1 setup paths (1 violated).  Worst case slack is -3.246 

Tcl Command:
    report_timing -append -setup -file output_files/setup_clk_sys_keys.rpt -panel_name {clk_sys setup: pmask} -to [get_registers {*wpms_formation:*|pmask*}] -to_clock [get_clocks {*u_pll_sys*PLL_OUTPUT_COUNTER*}] -npaths 1 -detail full_path

Options:
    -to [get_registers {*wpms_formation:*|pmask*}] 
    -to_clock [get_clocks {*u_pll_sys*PLL_OUTPUT_COUNTER*}] 
    -setup 
    -npaths 1 
    -detail full_path 
    -panel_name {clk_sys setup: pmask} 
    -file {output_files/setup_clk_sys_keys.rpt} 
    -append 

Delay Model:
    Slow 1100mV 85C Model

+--------------------------------------------------------------------------------------------------------------------------------------------------------------------------------------------------------------------------------------------------------------------------------------------------------------------------------------------+
; Summary of Paths                                                                                                                                                                                                                                                                                                                           ;
+--------+------------------------------------------+-------------------------------------------------------------------------------------------+-------------------------------------------------------------------------+-------------------------------------------------------------------------+--------------+------------+------------+
; Slack  ; From Node                                ; To Node                                                                                   ; Launch Clock                                                            ; Latch Clock                                                             ; Relationship ; Clock Skew ; Data Delay ;
+--------+------------------------------------------+-------------------------------------------------------------------------------------------+-------------------------------------------------------------------------+-------------------------------------------------------------------------+--------------+------------+------------+
; -3.246 ; wpms_system:u_sys|wpms_switch:u_sw|ft[8] ; wpms_system:u_sys|wpms_synth_top:u_synth|wpms_l2_top:u_l2|wpms_formation:form|pmask[3][4] ; u_pll_sys|g_intel.g_one.u_pll|general[0].gpll~PLL_OUTPUT_COUNTER|divclk ; u_pll_sys|g_intel.g_one.u_pll|general[0].gpll~PLL_OUTPUT_COUNTER|divclk ; 20.000       ; -0.506     ; 22.660     ;
+--------+------------------------------------------+-------------------------------------------------------------------------------------------+-------------------------------------------------------------------------+-------------------------------------------------------------------------+--------------+------------+------------+

Path #1: Setup slack is -3.246 (VIOLATED)
===============================================================================
+----------------------------------------------------------------------------------------------------------------+
; Path Summary                                                                                                   ;
+--------------------+-------------------------------------------------------------------------------------------+
; Property           ; Value                                                                                     ;
+--------------------+-------------------------------------------------------------------------------------------+
; From Node          ; wpms_system:u_sys|wpms_switch:u_sw|ft[8]                                                  ;
; To Node            ; wpms_system:u_sys|wpms_synth_top:u_synth|wpms_l2_top:u_l2|wpms_formation:form|pmask[3][4] ;
; Launch Clock       ; u_pll_sys|g_intel.g_one.u_pll|general[0].gpll~PLL_OUTPUT_COUNTER|divclk                   ;
; Latch Clock        ; u_pll_sys|g_intel.g_one.u_pll|general[0].gpll~PLL_OUTPUT_COUNTER|divclk                   ;
; Data Arrival Time  ; 27.146                                                                                    ;
; Data Required Time ; 23.900                                                                                    ;
; Slack              ; -3.246 (VIOLATED)                                                                         ;
+--------------------+-------------------------------------------------------------------------------------------+

+--------------------------------------------------------------------------------------+
; Statistics                                                                           ;
+------------------------+--------+-------+-------------+------------+--------+--------+
; Property               ; Value  ; Count ; Total Delay ; % of Total ; Min    ; Max    ;
+------------------------+--------+-------+-------------+------------+--------+--------+
; Setup Relationship     ; 20.000 ;       ;             ;            ;        ;        ;
; Clock Skew             ; -0.506 ;       ;             ;            ;        ;        ;
; Data Delay             ; 22.660 ;       ;             ;            ;        ;        ;
; Number of Logic Levels ;        ; 13    ;             ;            ;        ;        ;
; Physical Delays        ;        ;       ;             ;            ;        ;        ;
;  Arrival Path          ;        ;       ;             ;            ;        ;        ;
;   Clock                ;        ;       ;             ;            ;        ;        ;
;    IC                  ;        ; 6     ; 4.701       ; 56         ; 0.000  ; 2.371  ;
;    Cell                ;        ; 5     ; 3.726       ; 44         ; 0.329  ; 1.738  ;
;    PLL Compensation    ;        ; 1     ; -3.941      ; 0          ; -3.941 ; -3.941 ;
;   Data                 ;        ;       ;             ;            ;        ;        ;
;    IC                  ;        ; 15    ; 14.450      ; 64         ; 0.000  ; 2.399  ;
;    Cell                ;        ; 16    ; 8.210       ; 36         ; 0.000  ; 1.225  ;
;    uTco                ;        ; 1     ; 0.000       ; 0          ; 0.000  ; 0.000  ;
;  Required Path         ;        ;       ;             ;            ;        ;        ;
;   Clock                ;        ;       ;             ;            ;        ;        ;
;    IC                  ;        ; 6     ; 4.033       ; 55         ; 0.000  ; 1.930  ;
;    Cell                ;        ; 5     ; 3.345       ; 45         ; 0.304  ; 1.470  ;
;    PLL Compensation    ;        ; 1     ; -5.095      ; 0          ; -5.095 ; -5.095 ;
+------------------------+--------+-------+-------------+------------+--------+--------+
Note: Negative delays are omitted from totals when calculating percentages

+------------------------------------------------------------------------------------------------------------------------------------------------------------------+
; Data Arrival Path                                                                                                                                                ;
+----------+----------+----+------+--------+---------------------------+-------------------------------------------------------------------------------------------+
; Total    ; Incr     ; RF ; Type ; Fanout ; Location                  ; Element                                                                                   ;
+----------+----------+----+------+--------+---------------------------+-------------------------------------------------------------------------------------------+
; 0.000    ; 0.000    ;    ;      ;        ;                           ; launch edge time                                                                          ;
; 4.486    ; 4.486    ;    ;      ;        ;                           ; clock path                                                                                ;
;   0.000  ;   0.000  ;    ;      ;        ;                           ; source latency                                                                            ;
;   0.000  ;   0.000  ;    ;      ; 1      ; PIN_V11                   ; FPGA_CLK1_50                                                                              ;
;   0.000  ;   0.000  ; RR ; IC   ; 1      ; IOIBUF_X32_Y0_N1          ; FPGA_CLK1_50~input|i                                                                      ;
;   0.766  ;   0.766  ; RR ; CELL ; 2      ; IOIBUF_X32_Y0_N1          ; FPGA_CLK1_50~input|o                                                                      ;
;   2.087  ;   1.321  ; RR ; IC   ; 1      ; PLLREFCLKSELECT_X0_Y7_N0  ; u_pll_sys|g_intel.g_one.u_pll|general[0].gpll~PLL_REFCLK_SELECT|clkin[0]                  ;
;   2.420  ;   0.333  ; RR ; CELL ; 1      ; PLLREFCLKSELECT_X0_Y7_N0  ; u_pll_sys|g_intel.g_one.u_pll|general[0].gpll~PLL_REFCLK_SELECT|clkout                    ;
;   2.420  ;   0.000  ; RR ; IC   ; 10     ; FRACTIONALPLL_X0_Y1_N0    ; u_pll_sys|g_intel.g_one.u_pll|general[0].gpll~FRACTIONAL_PLL|refclkin                     ;
;   -1.521 ;   -3.941 ; RR ; COMP ; 1      ; FRACTIONALPLL_X0_Y1_N0    ; u_pll_sys|g_intel.g_one.u_pll|general[0].gpll~FRACTIONAL_PLL|vcoph[0]                     ;
;   -1.521 ;   0.000  ; RR ; IC   ; 1      ; PLLOUTPUTCOUNTER_X0_Y4_N1 ; u_pll_sys|g_intel.g_one.u_pll|general[0].gpll~PLL_OUTPUT_COUNTER|vco0ph[0]                ;
;   0.217  ;   1.738  ; RR ; CELL ; 1      ; PLLOUTPUTCOUNTER_X0_Y4_N1 ; u_pll_sys|g_intel.g_one.u_pll|general[0].gpll~PLL_OUTPUT_COUNTER|divclk                   ;
;   1.226  ;   1.009  ; RR ; IC   ; 1      ; CLKCTRL_G3                ; u_pll_sys|g_intel.g_one.u_pll|outclk_wire[0]~CLKENA0|inclk                                ;
;   1.555  ;   0.329  ; RR ; CELL ; 9864   ; CLKCTRL_G3                ; u_pll_sys|g_intel.g_one.u_pll|outclk_wire[0]~CLKENA0|outclk                               ;
;   3.926  ;   2.371  ; RR ; IC   ; 1      ; FF_X63_Y21_N37            ; u_sys|u_sw|ft[8]|clk                                                                      ;
;   4.486  ;   0.560  ; RR ; CELL ; 1      ; FF_X63_Y21_N37            ; wpms_system:u_sys|wpms_switch:u_sw|ft[8]                                                  ;
; 27.146   ; 22.660   ;    ;      ;        ;                           ; data path                                                                                 ;
;   4.486  ;   0.000  ;    ; uTco ; 1      ; FF_X63_Y21_N37            ; wpms_system:u_sys|wpms_switch:u_sw|ft[8]                                                  ;
;   4.486  ;   0.000  ; FF ; CELL ; 33     ; FF_X63_Y21_N37            ; u_sys|u_sw|ft[8]|q                                                                        ;
;   5.794  ;   1.308  ; FF ; IC   ; 1      ; LABCELL_X53_Y21_N0        ; u_sys|u_synth|u_l2|form|sweep_new[0]~0|datac                                              ;
;   6.309  ;   0.515  ; FF ; CELL ; 7      ; LABCELL_X53_Y21_N0        ; u_sys|u_synth|u_l2|form|sweep_new[0]~0|combout                                            ;
;   7.659  ;   1.350  ; FF ; IC   ; 1      ; LABCELL_X63_Y21_N42       ; u_sys|u_synth|u_l2|form|LessThan20~0|datab                                                ;
;   8.211  ;   0.552  ; FR ; CELL ; 2      ; LABCELL_X63_Y21_N42       ; u_sys|u_synth|u_l2|form|LessThan20~0|combout                                              ;
;   8.456  ;   0.245  ; RR ; IC   ; 1      ; LABCELL_X63_Y21_N27       ; u_sys|u_synth|u_l2|form|t~196|datac                                                       ;
;   8.923  ;   0.467  ; RF ; CELL ; 32     ; LABCELL_X63_Y21_N27       ; u_sys|u_synth|u_l2|form|t~196|combout                                                     ;
;   9.912  ;   0.989  ; FF ; IC   ; 1      ; LABCELL_X61_Y19_N57       ; u_sys|u_synth|u_l2|form|t~408|dataf                                                       ;
;   9.991  ;   0.079  ; FF ; CELL ; 1      ; LABCELL_X61_Y19_N57       ; u_sys|u_synth|u_l2|form|t~408|combout                                                     ;
;   11.233 ;   1.242  ; FF ; IC   ; 2      ; MLABCELL_X65_Y24_N3       ; u_sys|u_synth|u_l2|form|Add8~45|datac                                                     ;
;   12.166 ;   0.933  ; FF ; CELL ; 1      ; MLABCELL_X65_Y24_N3       ; u_sys|u_synth|u_l2|form|Add8~45|sumout                                                    ;
;   13.551 ;   1.385  ; FF ; IC   ; 3      ; LABCELL_X66_Y29_N33       ; u_sys|u_synth|u_l2|form|Add4~45|dataa                                                     ;
;   14.776 ;   1.225  ; FR ; CELL ; 1      ; LABCELL_X66_Y29_N33       ; u_sys|u_synth|u_l2|form|Add4~45|sumout                                                    ;
;   15.549 ;   0.773  ; RR ; IC   ; 2      ; LABCELL_X67_Y32_N3        ; u_sys|u_synth|u_l2|form|Add5~49|dataa                                                     ;
;   16.645 ;   1.096  ; RR ; CELL ; 1      ; LABCELL_X67_Y32_N3        ; u_sys|u_synth|u_l2|form|Add5~49|cout                                                      ;
;   16.645 ;   0.000  ; RR ; IC   ; 2      ; LABCELL_X67_Y32_N6        ; u_sys|u_synth|u_l2|form|Add5~53|cin                                                       ;
;   16.993 ;   0.348  ; RR ; CELL ; 1      ; LABCELL_X67_Y32_N6        ; u_sys|u_synth|u_l2|form|Add5~53|sumout                                                    ;
;   17.316 ;   0.323  ; RR ; IC   ; 1      ; LABCELL_X66_Y32_N36       ; u_sys|u_synth|u_l2|form|LessThan22~0|dataa                                                ;
;   17.912 ;   0.596  ; RF ; CELL ; 1      ; LABCELL_X66_Y32_N36       ; u_sys|u_synth|u_l2|form|LessThan22~0|combout                                              ;
;   18.111 ;   0.199  ; FF ; IC   ; 1      ; LABCELL_X66_Y32_N0        ; u_sys|u_synth|u_l2|form|LessThan22~6|dataa                                                ;
;   18.687 ;   0.576  ; FR ; CELL ; 1      ; LABCELL_X66_Y32_N0        ; u_sys|u_synth|u_l2|form|LessThan22~6|combout                                              ;
;   18.903 ;   0.216  ; RR ; IC   ; 1      ; LABCELL_X66_Y32_N30       ; u_sys|u_synth|u_l2|form|LessThan22~7|dataa                                                ;
;   19.499 ;   0.596  ; RF ; CELL ; 1      ; LABCELL_X66_Y32_N30       ; u_sys|u_synth|u_l2|form|LessThan22~7|combout                                              ;
;   19.733 ;   0.234  ; FF ; IC   ; 1      ; LABCELL_X66_Y32_N9        ; u_sys|u_synth|u_l2|form|LessThan22~1|datac                                                ;
;   20.246 ;   0.513  ; FF ; CELL ; 2      ; LABCELL_X66_Y32_N9        ; u_sys|u_synth|u_l2|form|LessThan22~1|combout                                              ;
;   22.296 ;   2.050  ; FF ; IC   ; 1      ; LABCELL_X46_Y19_N18       ; u_sys|u_synth|u_l2|form|bcp_commit~2|dataf                                                ;
;   22.383 ;   0.087  ; FF ; CELL ; 131    ; LABCELL_X46_Y19_N18       ; u_sys|u_synth|u_l2|form|bcp_commit~2|combout                                              ;
;   24.120 ;   1.737  ; FF ; IC   ; 1      ; LABCELL_X40_Y17_N6        ; u_sys|u_synth|u_l2|form|pm_next[3][4]~53|dataf                                            ;
;   24.205 ;   0.085  ; FF ; CELL ; 2      ; LABCELL_X40_Y17_N6        ; u_sys|u_synth|u_l2|form|pm_next[3][4]~53|combout                                          ;
;   26.604 ;   2.399  ; FF ; IC   ; 1      ; FF_X40_Y19_N14            ; u_sys|u_synth|u_l2|form|pmask[3][4]|asdata                                                ;
;   27.146 ;   0.542  ; FF ; CELL ; 1      ; FF_X40_Y19_N14            ; wpms_system:u_sys|wpms_synth_top:u_synth|wpms_l2_top:u_l2|wpms_formation:form|pmask[3][4] ;
+----------+----------+----+------+--------+---------------------------+-------------------------------------------------------------------------------------------+

+------------------------------------------------------------------------------------------------------------------------------------------------------------------+
; Data Required Path                                                                                                                                               ;
+----------+----------+----+------+--------+---------------------------+-------------------------------------------------------------------------------------------+
; Total    ; Incr     ; RF ; Type ; Fanout ; Location                  ; Element                                                                                   ;
+----------+----------+----+------+--------+---------------------------+-------------------------------------------------------------------------------------------+
; 20.000   ; 20.000   ;    ;      ;        ;                           ; latch edge time                                                                           ;
; 23.980   ; 3.980    ;    ;      ;        ;                           ; clock path                                                                                ;
;   20.000 ;   0.000  ;    ;      ;        ;                           ; source latency                                                                            ;
;   20.000 ;   0.000  ;    ;      ; 1      ; PIN_V11                   ; FPGA_CLK1_50                                                                              ;
;   20.000 ;   0.000  ; RR ; IC   ; 1      ; IOIBUF_X32_Y0_N1          ; FPGA_CLK1_50~input|i                                                                      ;
;   20.766 ;   0.766  ; RR ; CELL ; 2      ; IOIBUF_X32_Y0_N1          ; FPGA_CLK1_50~input|o                                                                      ;
;   21.929 ;   1.163  ; RR ; IC   ; 1      ; PLLREFCLKSELECT_X0_Y7_N0  ; u_pll_sys|g_intel.g_one.u_pll|general[0].gpll~PLL_REFCLK_SELECT|clkin[0]                  ;
;   22.239 ;   0.310  ; RR ; CELL ; 1      ; PLLREFCLKSELECT_X0_Y7_N0  ; u_pll_sys|g_intel.g_one.u_pll|general[0].gpll~PLL_REFCLK_SELECT|clkout                    ;
;   22.239 ;   0.000  ; RR ; IC   ; 10     ; FRACTIONALPLL_X0_Y1_N0    ; u_pll_sys|g_intel.g_one.u_pll|general[0].gpll~FRACTIONAL_PLL|refclkin                     ;
;   17.144 ;   -5.095 ; RR ; COMP ; 1      ; FRACTIONALPLL_X0_Y1_N0    ; u_pll_sys|g_intel.g_one.u_pll|general[0].gpll~FRACTIONAL_PLL|vcoph[0]                     ;
;   17.144 ;   0.000  ; RR ; IC   ; 1      ; PLLOUTPUTCOUNTER_X0_Y4_N1 ; u_pll_sys|g_intel.g_one.u_pll|general[0].gpll~PLL_OUTPUT_COUNTER|vco0ph[0]                ;
;   18.614 ;   1.470  ; RR ; CELL ; 1      ; PLLOUTPUTCOUNTER_X0_Y4_N1 ; u_pll_sys|g_intel.g_one.u_pll|general[0].gpll~PLL_OUTPUT_COUNTER|divclk                   ;
;   19.554 ;   0.940  ; RR ; IC   ; 1      ; CLKCTRL_G3                ; u_pll_sys|g_intel.g_one.u_pll|outclk_wire[0]~CLKENA0|inclk                                ;
;   19.858 ;   0.304  ; RR ; CELL ; 9864   ; CLKCTRL_G3                ; u_pll_sys|g_intel.g_one.u_pll|outclk_wire[0]~CLKENA0|outclk                               ;
;   21.788 ;   1.930  ; RR ; IC   ; 1      ; FF_X40_Y19_N14            ; u_sys|u_synth|u_l2|form|pmask[3][4]|clk                                                   ;
;   22.283 ;   0.495  ; RR ; CELL ; 1      ; FF_X40_Y19_N14            ; wpms_system:u_sys|wpms_synth_top:u_synth|wpms_l2_top:u_l2|wpms_formation:form|pmask[3][4] ;
;   23.980 ;   1.697  ;    ;      ;        ;                           ; clock pessimism removed                                                                   ;
; 23.900   ; -0.080   ;    ;      ;        ;                           ; clock uncertainty                                                                         ;
; 23.900   ; 0.000    ;    ; uTsu ; 1      ; FF_X40_Y19_N14            ; wpms_system:u_sys|wpms_synth_top:u_synth|wpms_l2_top:u_l2|wpms_formation:form|pmask[3][4] ;
+----------+----------+----+------+--------+---------------------------+-------------------------------------------------------------------------------------------+

----------------------------
; Extra Fitter Information ;
----------------------------
HTML report is unavailable in plain text report export.


----------------
; Command Info ;
----------------
Report Timing: Found 1 setup paths (1 violated).  Worst case slack is -4.756 

Tcl Command:
    report_timing -append -setup -file output_files/setup_clk_sys_keys.rpt -panel_name {clk_sys setup: inbox_taken} -to [get_registers {*wpms_formation:*|inbox_taken*}] -to_clock [get_clocks {*u_pll_sys*PLL_OUTPUT_COUNTER*}] -npaths 1 -detail full_path

Options:
    -to [get_registers {*wpms_formation:*|inbox_taken*}] 
    -to_clock [get_clocks {*u_pll_sys*PLL_OUTPUT_COUNTER*}] 
    -setup 
    -npaths 1 
    -detail full_path 
    -panel_name {clk_sys setup: inbox_taken} 
    -file {output_files/setup_clk_sys_keys.rpt} 
    -append 

Delay Model:
    Slow 1100mV 85C Model

+--------------------------------------------------------------------------------------------------------------------------------------------------------------------------------------------------------------------------------------------------------------------------------------------------------------------------------------------+
; Summary of Paths                                                                                                                                                                                                                                                                                                                           ;
+--------+------------------------------------------+-------------------------------------------------------------------------------------------+-------------------------------------------------------------------------+-------------------------------------------------------------------------+--------------+------------+------------+
; Slack  ; From Node                                ; To Node                                                                                   ; Launch Clock                                                            ; Latch Clock                                                             ; Relationship ; Clock Skew ; Data Delay ;
+--------+------------------------------------------+-------------------------------------------------------------------------------------------+-------------------------------------------------------------------------+-------------------------------------------------------------------------+--------------+------------+------------+
; -4.756 ; wpms_system:u_sys|wpms_switch:u_sw|ft[8] ; wpms_system:u_sys|wpms_synth_top:u_synth|wpms_l2_top:u_l2|wpms_formation:form|inbox_taken ; u_pll_sys|g_intel.g_one.u_pll|general[0].gpll~PLL_OUTPUT_COUNTER|divclk ; u_pll_sys|g_intel.g_one.u_pll|general[0].gpll~PLL_OUTPUT_COUNTER|divclk ; 20.000       ; -0.493     ; 24.183     ;
+--------+------------------------------------------+-------------------------------------------------------------------------------------------+-------------------------------------------------------------------------+-------------------------------------------------------------------------+--------------+------------+------------+

Path #1: Setup slack is -4.756 (VIOLATED)
===============================================================================
+----------------------------------------------------------------------------------------------------------------+
; Path Summary                                                                                                   ;
+--------------------+-------------------------------------------------------------------------------------------+
; Property           ; Value                                                                                     ;
+--------------------+-------------------------------------------------------------------------------------------+
; From Node          ; wpms_system:u_sys|wpms_switch:u_sw|ft[8]                                                  ;
; To Node            ; wpms_system:u_sys|wpms_synth_top:u_synth|wpms_l2_top:u_l2|wpms_formation:form|inbox_taken ;
; Launch Clock       ; u_pll_sys|g_intel.g_one.u_pll|general[0].gpll~PLL_OUTPUT_COUNTER|divclk                   ;
; Latch Clock        ; u_pll_sys|g_intel.g_one.u_pll|general[0].gpll~PLL_OUTPUT_COUNTER|divclk                   ;
; Data Arrival Time  ; 28.669                                                                                    ;
; Data Required Time ; 23.913                                                                                    ;
; Slack              ; -4.756 (VIOLATED)                                                                         ;
+--------------------+-------------------------------------------------------------------------------------------+

+--------------------------------------------------------------------------------------+
; Statistics                                                                           ;
+------------------------+--------+-------+-------------+------------+--------+--------+
; Property               ; Value  ; Count ; Total Delay ; % of Total ; Min    ; Max    ;
+------------------------+--------+-------+-------------+------------+--------+--------+
; Setup Relationship     ; 20.000 ;       ;             ;            ;        ;        ;
; Clock Skew             ; -0.493 ;       ;             ;            ;        ;        ;
; Data Delay             ; 24.183 ;       ;             ;            ;        ;        ;
; Number of Logic Levels ;        ; 16    ;             ;            ;        ;        ;
; Physical Delays        ;        ;       ;             ;            ;        ;        ;
;  Arrival Path          ;        ;       ;             ;            ;        ;        ;
;   Clock                ;        ;       ;             ;            ;        ;        ;
;    IC                  ;        ; 6     ; 4.701       ; 56         ; 0.000  ; 2.371  ;
;    Cell                ;        ; 5     ; 3.726       ; 44         ; 0.329  ; 1.738  ;
;    PLL Compensation    ;        ; 1     ; -3.941      ; 0          ; -3.941 ; -3.941 ;
;   Data                 ;        ;       ;             ;            ;        ;        ;
;    IC                  ;        ; 18    ; 14.717      ; 61         ; 0.000  ; 2.050  ;
;    Cell                ;        ; 19    ; 9.466       ; 39         ; 0.000  ; 1.225  ;
;    uTco                ;        ; 1     ; 0.000       ; 0          ; 0.000  ; 0.000  ;
;  Required Path         ;        ;       ;             ;            ;        ;        ;
;   Clock                ;        ;       ;             ;            ;        ;        ;
;    IC                  ;        ; 6     ; 4.046       ; 55         ; 0.000  ; 1.943  ;
;    Cell                ;        ; 5     ; 3.345       ; 45         ; 0.304  ; 1.470  ;
;    PLL Compensation    ;        ; 1     ; -5.095      ; 0          ; -5.095 ; -5.095 ;
+------------------------+--------+-------+-------------+------------+--------+--------+
Note: Negative delays are omitted from totals when calculating percentages

+------------------------------------------------------------------------------------------------------------------------------------------------------------------+
; Data Arrival Path                                                                                                                                                ;
+----------+----------+----+------+--------+---------------------------+-------------------------------------------------------------------------------------------+
; Total    ; Incr     ; RF ; Type ; Fanout ; Location                  ; Element                                                                                   ;
+----------+----------+----+------+--------+---------------------------+-------------------------------------------------------------------------------------------+
; 0.000    ; 0.000    ;    ;      ;        ;                           ; launch edge time                                                                          ;
; 4.486    ; 4.486    ;    ;      ;        ;                           ; clock path                                                                                ;
;   0.000  ;   0.000  ;    ;      ;        ;                           ; source latency                                                                            ;
;   0.000  ;   0.000  ;    ;      ; 1      ; PIN_V11                   ; FPGA_CLK1_50                                                                              ;
;   0.000  ;   0.000  ; RR ; IC   ; 1      ; IOIBUF_X32_Y0_N1          ; FPGA_CLK1_50~input|i                                                                      ;
;   0.766  ;   0.766  ; RR ; CELL ; 2      ; IOIBUF_X32_Y0_N1          ; FPGA_CLK1_50~input|o                                                                      ;
;   2.087  ;   1.321  ; RR ; IC   ; 1      ; PLLREFCLKSELECT_X0_Y7_N0  ; u_pll_sys|g_intel.g_one.u_pll|general[0].gpll~PLL_REFCLK_SELECT|clkin[0]                  ;
;   2.420  ;   0.333  ; RR ; CELL ; 1      ; PLLREFCLKSELECT_X0_Y7_N0  ; u_pll_sys|g_intel.g_one.u_pll|general[0].gpll~PLL_REFCLK_SELECT|clkout                    ;
;   2.420  ;   0.000  ; RR ; IC   ; 10     ; FRACTIONALPLL_X0_Y1_N0    ; u_pll_sys|g_intel.g_one.u_pll|general[0].gpll~FRACTIONAL_PLL|refclkin                     ;
;   -1.521 ;   -3.941 ; RR ; COMP ; 1      ; FRACTIONALPLL_X0_Y1_N0    ; u_pll_sys|g_intel.g_one.u_pll|general[0].gpll~FRACTIONAL_PLL|vcoph[0]                     ;
;   -1.521 ;   0.000  ; RR ; IC   ; 1      ; PLLOUTPUTCOUNTER_X0_Y4_N1 ; u_pll_sys|g_intel.g_one.u_pll|general[0].gpll~PLL_OUTPUT_COUNTER|vco0ph[0]                ;
;   0.217  ;   1.738  ; RR ; CELL ; 1      ; PLLOUTPUTCOUNTER_X0_Y4_N1 ; u_pll_sys|g_intel.g_one.u_pll|general[0].gpll~PLL_OUTPUT_COUNTER|divclk                   ;
;   1.226  ;   1.009  ; RR ; IC   ; 1      ; CLKCTRL_G3                ; u_pll_sys|g_intel.g_one.u_pll|outclk_wire[0]~CLKENA0|inclk                                ;
;   1.555  ;   0.329  ; RR ; CELL ; 9864   ; CLKCTRL_G3                ; u_pll_sys|g_intel.g_one.u_pll|outclk_wire[0]~CLKENA0|outclk                               ;
;   3.926  ;   2.371  ; RR ; IC   ; 1      ; FF_X63_Y21_N37            ; u_sys|u_sw|ft[8]|clk                                                                      ;
;   4.486  ;   0.560  ; RR ; CELL ; 1      ; FF_X63_Y21_N37            ; wpms_system:u_sys|wpms_switch:u_sw|ft[8]                                                  ;
; 28.669   ; 24.183   ;    ;      ;        ;                           ; data path                                                                                 ;
;   4.486  ;   0.000  ;    ; uTco ; 1      ; FF_X63_Y21_N37            ; wpms_system:u_sys|wpms_switch:u_sw|ft[8]                                                  ;
;   4.486  ;   0.000  ; FF ; CELL ; 33     ; FF_X63_Y21_N37            ; u_sys|u_sw|ft[8]|q                                                                        ;
;   5.794  ;   1.308  ; FF ; IC   ; 1      ; LABCELL_X53_Y21_N0        ; u_sys|u_synth|u_l2|form|sweep_new[0]~0|datac                                              ;
;   6.309  ;   0.515  ; FF ; CELL ; 7      ; LABCELL_X53_Y21_N0        ; u_sys|u_synth|u_l2|form|sweep_new[0]~0|combout                                            ;
;   7.659  ;   1.350  ; FF ; IC   ; 1      ; LABCELL_X63_Y21_N42       ; u_sys|u_synth|u_l2|form|LessThan20~0|datab                                                ;
;   8.211  ;   0.552  ; FR ; CELL ; 2      ; LABCELL_X63_Y21_N42       ; u_sys|u_synth|u_l2|form|LessThan20~0|combout                                              ;
;   8.456  ;   0.245  ; RR ; IC   ; 1      ; LABCELL_X63_Y21_N27       ; u_sys|u_synth|u_l2|form|t~196|datac                                                       ;
;   8.923  ;   0.467  ; RF ; CELL ; 32     ; LABCELL_X63_Y21_N27       ; u_sys|u_synth|u_l2|form|t~196|combout                                                     ;
;   9.912  ;   0.989  ; FF ; IC   ; 1      ; LABCELL_X61_Y19_N57       ; u_sys|u_synth|u_l2|form|t~408|dataf                                                       ;
;   9.991  ;   0.079  ; FF ; CELL ; 1      ; LABCELL_X61_Y19_N57       ; u_sys|u_synth|u_l2|form|t~408|combout                                                     ;
;   11.233 ;   1.242  ; FF ; IC   ; 2      ; MLABCELL_X65_Y24_N3       ; u_sys|u_synth|u_l2|form|Add8~45|datac                                                     ;
;   12.166 ;   0.933  ; FF ; CELL ; 1      ; MLABCELL_X65_Y24_N3       ; u_sys|u_synth|u_l2|form|Add8~45|sumout                                                    ;
;   13.551 ;   1.385  ; FF ; IC   ; 3      ; LABCELL_X66_Y29_N33       ; u_sys|u_synth|u_l2|form|Add4~45|dataa                                                     ;
;   14.776 ;   1.225  ; FR ; CELL ; 1      ; LABCELL_X66_Y29_N33       ; u_sys|u_synth|u_l2|form|Add4~45|sumout                                                    ;
;   15.549 ;   0.773  ; RR ; IC   ; 2      ; LABCELL_X67_Y32_N3        ; u_sys|u_synth|u_l2|form|Add5~49|dataa                                                     ;
;   16.645 ;   1.096  ; RR ; CELL ; 1      ; LABCELL_X67_Y32_N3        ; u_sys|u_synth|u_l2|form|Add5~49|cout                                                      ;
;   16.645 ;   0.000  ; RR ; IC   ; 2      ; LABCELL_X67_Y32_N6        ; u_sys|u_synth|u_l2|form|Add5~53|cin                                                       ;
;   16.993 ;   0.348  ; RR ; CELL ; 1      ; LABCELL_X67_Y32_N6        ; u_sys|u_synth|u_l2|form|Add5~53|sumout                                                    ;
;   17.316 ;   0.323  ; RR ; IC   ; 1      ; LABCELL_X66_Y32_N36       ; u_sys|u_synth|u_l2|form|LessThan22~0|dataa                                                ;
;   17.912 ;   0.596  ; RF ; CELL ; 1      ; LABCELL_X66_Y32_N36       ; u_sys|u_synth|u_l2|form|LessThan22~0|combout                                              ;
;   18.111 ;   0.199  ; FF ; IC   ; 1      ; LABCELL_X66_Y32_N0        ; u_sys|u_synth|u_l2|form|LessThan22~6|dataa                                                ;
;   18.687 ;   0.576  ; FR ; CELL ; 1      ; LABCELL_X66_Y32_N0        ; u_sys|u_synth|u_l2|form|LessThan22~6|combout                                              ;
;   18.903 ;   0.216  ; RR ; IC   ; 1      ; LABCELL_X66_Y32_N30       ; u_sys|u_synth|u_l2|form|LessThan22~7|dataa                                                ;
;   19.499 ;   0.596  ; RF ; CELL ; 1      ; LABCELL_X66_Y32_N30       ; u_sys|u_synth|u_l2|form|LessThan22~7|combout                                              ;
;   19.733 ;   0.234  ; FF ; IC   ; 1      ; LABCELL_X66_Y32_N9        ; u_sys|u_synth|u_l2|form|LessThan22~1|datac                                                ;
;   20.246 ;   0.513  ; FF ; CELL ; 2      ; LABCELL_X66_Y32_N9        ; u_sys|u_synth|u_l2|form|LessThan22~1|combout                                              ;
;   22.296 ;   2.050  ; FF ; IC   ; 1      ; LABCELL_X46_Y19_N18       ; u_sys|u_synth|u_l2|form|bcp_commit~2|dataf                                                ;
;   22.383 ;   0.087  ; FF ; CELL ; 131    ; LABCELL_X46_Y19_N18       ; u_sys|u_synth|u_l2|form|bcp_commit~2|combout                                              ;
;   23.821 ;   1.438  ; FF ; IC   ; 1      ; LABCELL_X43_Y15_N33       ; u_sys|u_synth|u_l2|form|pm_next[5][15]~13|datab                                           ;
;   24.384 ;   0.563  ; FF ; CELL ; 2      ; LABCELL_X43_Y15_N33       ; u_sys|u_synth|u_l2|form|pm_next[5][15]~13|combout                                         ;
;   25.884 ;   1.500  ; FF ; IC   ; 1      ; LABCELL_X46_Y17_N21       ; u_sys|u_synth|u_l2|form|always41~2|datac                                                  ;
;   26.306 ;   0.422  ; FR ; CELL ; 1      ; LABCELL_X46_Y17_N21       ; u_sys|u_synth|u_l2|form|always41~2|combout                                                ;
;   27.204 ;   0.898  ; RR ; IC   ; 1      ; LABCELL_X40_Y17_N33       ; u_sys|u_synth|u_l2|form|always41~7|datae                                                  ;
;   27.411 ;   0.207  ; RR ; CELL ; 2      ; LABCELL_X40_Y17_N33       ; u_sys|u_synth|u_l2|form|always41~7|combout                                                ;
;   27.978 ;   0.567  ; RR ; IC   ; 1      ; LABCELL_X43_Y17_N24       ; u_sys|u_synth|u_l2|form|inbox_taken~0|datad                                               ;
;   28.407 ;   0.429  ; RR ; CELL ; 1      ; LABCELL_X43_Y17_N24       ; u_sys|u_synth|u_l2|form|inbox_taken~0|combout                                             ;
;   28.407 ;   0.000  ; RR ; IC   ; 1      ; FF_X43_Y17_N26            ; u_sys|u_synth|u_l2|form|inbox_taken|d                                                     ;
;   28.669 ;   0.262  ; RR ; CELL ; 1      ; FF_X43_Y17_N26            ; wpms_system:u_sys|wpms_synth_top:u_synth|wpms_l2_top:u_l2|wpms_formation:form|inbox_taken ;
+----------+----------+----+------+--------+---------------------------+-------------------------------------------------------------------------------------------+

+------------------------------------------------------------------------------------------------------------------------------------------------------------------+
; Data Required Path                                                                                                                                               ;
+----------+----------+----+------+--------+---------------------------+-------------------------------------------------------------------------------------------+
; Total    ; Incr     ; RF ; Type ; Fanout ; Location                  ; Element                                                                                   ;
+----------+----------+----+------+--------+---------------------------+-------------------------------------------------------------------------------------------+
; 20.000   ; 20.000   ;    ;      ;        ;                           ; latch edge time                                                                           ;
; 23.993   ; 3.993    ;    ;      ;        ;                           ; clock path                                                                                ;
;   20.000 ;   0.000  ;    ;      ;        ;                           ; source latency                                                                            ;
;   20.000 ;   0.000  ;    ;      ; 1      ; PIN_V11                   ; FPGA_CLK1_50                                                                              ;
;   20.000 ;   0.000  ; RR ; IC   ; 1      ; IOIBUF_X32_Y0_N1          ; FPGA_CLK1_50~input|i                                                                      ;
;   20.766 ;   0.766  ; RR ; CELL ; 2      ; IOIBUF_X32_Y0_N1          ; FPGA_CLK1_50~input|o                                                                      ;
;   21.929 ;   1.163  ; RR ; IC   ; 1      ; PLLREFCLKSELECT_X0_Y7_N0  ; u_pll_sys|g_intel.g_one.u_pll|general[0].gpll~PLL_REFCLK_SELECT|clkin[0]                  ;
;   22.239 ;   0.310  ; RR ; CELL ; 1      ; PLLREFCLKSELECT_X0_Y7_N0  ; u_pll_sys|g_intel.g_one.u_pll|general[0].gpll~PLL_REFCLK_SELECT|clkout                    ;
;   22.239 ;   0.000  ; RR ; IC   ; 10     ; FRACTIONALPLL_X0_Y1_N0    ; u_pll_sys|g_intel.g_one.u_pll|general[0].gpll~FRACTIONAL_PLL|refclkin                     ;
;   17.144 ;   -5.095 ; RR ; COMP ; 1      ; FRACTIONALPLL_X0_Y1_N0    ; u_pll_sys|g_intel.g_one.u_pll|general[0].gpll~FRACTIONAL_PLL|vcoph[0]                     ;
;   17.144 ;   0.000  ; RR ; IC   ; 1      ; PLLOUTPUTCOUNTER_X0_Y4_N1 ; u_pll_sys|g_intel.g_one.u_pll|general[0].gpll~PLL_OUTPUT_COUNTER|vco0ph[0]                ;
;   18.614 ;   1.470  ; RR ; CELL ; 1      ; PLLOUTPUTCOUNTER_X0_Y4_N1 ; u_pll_sys|g_intel.g_one.u_pll|general[0].gpll~PLL_OUTPUT_COUNTER|divclk                   ;
;   19.554 ;   0.940  ; RR ; IC   ; 1      ; CLKCTRL_G3                ; u_pll_sys|g_intel.g_one.u_pll|outclk_wire[0]~CLKENA0|inclk                                ;
;   19.858 ;   0.304  ; RR ; CELL ; 9864   ; CLKCTRL_G3                ; u_pll_sys|g_intel.g_one.u_pll|outclk_wire[0]~CLKENA0|outclk                               ;
;   21.801 ;   1.943  ; RR ; IC   ; 1      ; FF_X43_Y17_N26            ; u_sys|u_synth|u_l2|form|inbox_taken|clk                                                   ;
;   22.296 ;   0.495  ; RR ; CELL ; 1      ; FF_X43_Y17_N26            ; wpms_system:u_sys|wpms_synth_top:u_synth|wpms_l2_top:u_l2|wpms_formation:form|inbox_taken ;
;   23.993 ;   1.697  ;    ;      ;        ;                           ; clock pessimism removed                                                                   ;
; 23.913   ; -0.080   ;    ;      ;        ;                           ; clock uncertainty                                                                         ;
; 23.913   ; 0.000    ;    ; uTsu ; 1      ; FF_X43_Y17_N26            ; wpms_system:u_sys|wpms_synth_top:u_synth|wpms_l2_top:u_l2|wpms_formation:form|inbox_taken ;
+----------+----------+----+------+--------+---------------------------+-------------------------------------------------------------------------------------------+

----------------------------
; Extra Fitter Information ;
----------------------------
HTML report is unavailable in plain text report export.


----------------
; Command Info ;
----------------
Report Timing: Found 1 setup paths (1 violated).  Worst case slack is -4.812 

Tcl Command:
    report_timing -append -setup -file output_files/setup_clk_sys_keys.rpt -panel_name {clk_sys setup: taken_due} -to [get_registers {*wpms_formation:*|taken_due*}] -to_clock [get_clocks {*u_pll_sys*PLL_OUTPUT_COUNTER*}] -npaths 1 -detail full_path

Options:
    -to [get_registers {*wpms_formation:*|taken_due*}] 
    -to_clock [get_clocks {*u_pll_sys*PLL_OUTPUT_COUNTER*}] 
    -setup 
    -npaths 1 
    -detail full_path 
    -panel_name {clk_sys setup: taken_due} 
    -file {output_files/setup_clk_sys_keys.rpt} 
    -append 

Delay Model:
    Slow 1100mV 85C Model

+------------------------------------------------------------------------------------------------------------------------------------------------------------------------------------------------------------------------------------------------------------------------------------------------------------------------------------------+
; Summary of Paths                                                                                                                                                                                                                                                                                                                         ;
+--------+------------------------------------------+-----------------------------------------------------------------------------------------+-------------------------------------------------------------------------+-------------------------------------------------------------------------+--------------+------------+------------+
; Slack  ; From Node                                ; To Node                                                                                 ; Launch Clock                                                            ; Latch Clock                                                             ; Relationship ; Clock Skew ; Data Delay ;
+--------+------------------------------------------+-----------------------------------------------------------------------------------------+-------------------------------------------------------------------------+-------------------------------------------------------------------------+--------------+------------+------------+
; -4.812 ; wpms_system:u_sys|wpms_switch:u_sw|ft[8] ; wpms_system:u_sys|wpms_synth_top:u_synth|wpms_l2_top:u_l2|wpms_formation:form|taken_due ; u_pll_sys|g_intel.g_one.u_pll|general[0].gpll~PLL_OUTPUT_COUNTER|divclk ; u_pll_sys|g_intel.g_one.u_pll|general[0].gpll~PLL_OUTPUT_COUNTER|divclk ; 20.000       ; -0.489     ; 24.243     ;
+--------+------------------------------------------+-----------------------------------------------------------------------------------------+-------------------------------------------------------------------------+-------------------------------------------------------------------------+--------------+------------+------------+

Path #1: Setup slack is -4.812 (VIOLATED)
===============================================================================
+--------------------------------------------------------------------------------------------------------------+
; Path Summary                                                                                                 ;
+--------------------+-----------------------------------------------------------------------------------------+
; Property           ; Value                                                                                   ;
+--------------------+-----------------------------------------------------------------------------------------+
; From Node          ; wpms_system:u_sys|wpms_switch:u_sw|ft[8]                                                ;
; To Node            ; wpms_system:u_sys|wpms_synth_top:u_synth|wpms_l2_top:u_l2|wpms_formation:form|taken_due ;
; Launch Clock       ; u_pll_sys|g_intel.g_one.u_pll|general[0].gpll~PLL_OUTPUT_COUNTER|divclk                 ;
; Latch Clock        ; u_pll_sys|g_intel.g_one.u_pll|general[0].gpll~PLL_OUTPUT_COUNTER|divclk                 ;
; Data Arrival Time  ; 28.729                                                                                  ;
; Data Required Time ; 23.917                                                                                  ;
; Slack              ; -4.812 (VIOLATED)                                                                       ;
+--------------------+-----------------------------------------------------------------------------------------+

+--------------------------------------------------------------------------------------+
; Statistics                                                                           ;
+------------------------+--------+-------+-------------+------------+--------+--------+
; Property               ; Value  ; Count ; Total Delay ; % of Total ; Min    ; Max    ;
+------------------------+--------+-------+-------------+------------+--------+--------+
; Setup Relationship     ; 20.000 ;       ;             ;            ;        ;        ;
; Clock Skew             ; -0.489 ;       ;             ;            ;        ;        ;
; Data Delay             ; 24.243 ;       ;             ;            ;        ;        ;
; Number of Logic Levels ;        ; 16    ;             ;            ;        ;        ;
; Physical Delays        ;        ;       ;             ;            ;        ;        ;
;  Arrival Path          ;        ;       ;             ;            ;        ;        ;
;   Clock                ;        ;       ;             ;            ;        ;        ;
;    IC                  ;        ; 6     ; 4.701       ; 56         ; 0.000  ; 2.371  ;
;    Cell                ;        ; 5     ; 3.726       ; 44         ; 0.329  ; 1.738  ;
;    PLL Compensation    ;        ; 1     ; -3.941      ; 0          ; -3.941 ; -3.941 ;
;   Data                 ;        ;       ;             ;            ;        ;        ;
;    IC                  ;        ; 18    ; 14.712      ; 61         ; 0.000  ; 2.050  ;
;    Cell                ;        ; 19    ; 9.531       ; 39         ; 0.000  ; 1.225  ;
;    uTco                ;        ; 1     ; 0.000       ; 0          ; 0.000  ; 0.000  ;
;  Required Path         ;        ;       ;             ;            ;        ;        ;
;   Clock                ;        ;       ;             ;            ;        ;        ;
;    IC                  ;        ; 6     ; 4.046       ; 55         ; 0.000  ; 1.943  ;
;    Cell                ;        ; 5     ; 3.349       ; 45         ; 0.304  ; 1.470  ;
;    PLL Compensation    ;        ; 1     ; -5.095      ; 0          ; -5.095 ; -5.095 ;
+------------------------+--------+-------+-------------+------------+--------+--------+
Note: Negative delays are omitted from totals when calculating percentages

+----------------------------------------------------------------------------------------------------------------------------------------------------------------+
; Data Arrival Path                                                                                                                                              ;
+----------+----------+----+------+--------+---------------------------+-----------------------------------------------------------------------------------------+
; Total    ; Incr     ; RF ; Type ; Fanout ; Location                  ; Element                                                                                 ;
+----------+----------+----+------+--------+---------------------------+-----------------------------------------------------------------------------------------+
; 0.000    ; 0.000    ;    ;      ;        ;                           ; launch edge time                                                                        ;
; 4.486    ; 4.486    ;    ;      ;        ;                           ; clock path                                                                              ;
;   0.000  ;   0.000  ;    ;      ;        ;                           ; source latency                                                                          ;
;   0.000  ;   0.000  ;    ;      ; 1      ; PIN_V11                   ; FPGA_CLK1_50                                                                            ;
;   0.000  ;   0.000  ; RR ; IC   ; 1      ; IOIBUF_X32_Y0_N1          ; FPGA_CLK1_50~input|i                                                                    ;
;   0.766  ;   0.766  ; RR ; CELL ; 2      ; IOIBUF_X32_Y0_N1          ; FPGA_CLK1_50~input|o                                                                    ;
;   2.087  ;   1.321  ; RR ; IC   ; 1      ; PLLREFCLKSELECT_X0_Y7_N0  ; u_pll_sys|g_intel.g_one.u_pll|general[0].gpll~PLL_REFCLK_SELECT|clkin[0]                ;
;   2.420  ;   0.333  ; RR ; CELL ; 1      ; PLLREFCLKSELECT_X0_Y7_N0  ; u_pll_sys|g_intel.g_one.u_pll|general[0].gpll~PLL_REFCLK_SELECT|clkout                  ;
;   2.420  ;   0.000  ; RR ; IC   ; 10     ; FRACTIONALPLL_X0_Y1_N0    ; u_pll_sys|g_intel.g_one.u_pll|general[0].gpll~FRACTIONAL_PLL|refclkin                   ;
;   -1.521 ;   -3.941 ; RR ; COMP ; 1      ; FRACTIONALPLL_X0_Y1_N0    ; u_pll_sys|g_intel.g_one.u_pll|general[0].gpll~FRACTIONAL_PLL|vcoph[0]                   ;
;   -1.521 ;   0.000  ; RR ; IC   ; 1      ; PLLOUTPUTCOUNTER_X0_Y4_N1 ; u_pll_sys|g_intel.g_one.u_pll|general[0].gpll~PLL_OUTPUT_COUNTER|vco0ph[0]              ;
;   0.217  ;   1.738  ; RR ; CELL ; 1      ; PLLOUTPUTCOUNTER_X0_Y4_N1 ; u_pll_sys|g_intel.g_one.u_pll|general[0].gpll~PLL_OUTPUT_COUNTER|divclk                 ;
;   1.226  ;   1.009  ; RR ; IC   ; 1      ; CLKCTRL_G3                ; u_pll_sys|g_intel.g_one.u_pll|outclk_wire[0]~CLKENA0|inclk                              ;
;   1.555  ;   0.329  ; RR ; CELL ; 9864   ; CLKCTRL_G3                ; u_pll_sys|g_intel.g_one.u_pll|outclk_wire[0]~CLKENA0|outclk                             ;
;   3.926  ;   2.371  ; RR ; IC   ; 1      ; FF_X63_Y21_N37            ; u_sys|u_sw|ft[8]|clk                                                                    ;
;   4.486  ;   0.560  ; RR ; CELL ; 1      ; FF_X63_Y21_N37            ; wpms_system:u_sys|wpms_switch:u_sw|ft[8]                                                ;
; 28.729   ; 24.243   ;    ;      ;        ;                           ; data path                                                                               ;
;   4.486  ;   0.000  ;    ; uTco ; 1      ; FF_X63_Y21_N37            ; wpms_system:u_sys|wpms_switch:u_sw|ft[8]                                                ;
;   4.486  ;   0.000  ; FF ; CELL ; 33     ; FF_X63_Y21_N37            ; u_sys|u_sw|ft[8]|q                                                                      ;
;   5.794  ;   1.308  ; FF ; IC   ; 1      ; LABCELL_X53_Y21_N0        ; u_sys|u_synth|u_l2|form|sweep_new[0]~0|datac                                            ;
;   6.309  ;   0.515  ; FF ; CELL ; 7      ; LABCELL_X53_Y21_N0        ; u_sys|u_synth|u_l2|form|sweep_new[0]~0|combout                                          ;
;   7.659  ;   1.350  ; FF ; IC   ; 1      ; LABCELL_X63_Y21_N42       ; u_sys|u_synth|u_l2|form|LessThan20~0|datab                                              ;
;   8.211  ;   0.552  ; FR ; CELL ; 2      ; LABCELL_X63_Y21_N42       ; u_sys|u_synth|u_l2|form|LessThan20~0|combout                                            ;
;   8.456  ;   0.245  ; RR ; IC   ; 1      ; LABCELL_X63_Y21_N27       ; u_sys|u_synth|u_l2|form|t~196|datac                                                     ;
;   8.923  ;   0.467  ; RF ; CELL ; 32     ; LABCELL_X63_Y21_N27       ; u_sys|u_synth|u_l2|form|t~196|combout                                                   ;
;   9.912  ;   0.989  ; FF ; IC   ; 1      ; LABCELL_X61_Y19_N57       ; u_sys|u_synth|u_l2|form|t~408|dataf                                                     ;
;   9.991  ;   0.079  ; FF ; CELL ; 1      ; LABCELL_X61_Y19_N57       ; u_sys|u_synth|u_l2|form|t~408|combout                                                   ;
;   11.233 ;   1.242  ; FF ; IC   ; 2      ; MLABCELL_X65_Y24_N3       ; u_sys|u_synth|u_l2|form|Add8~45|datac                                                   ;
;   12.166 ;   0.933  ; FF ; CELL ; 1      ; MLABCELL_X65_Y24_N3       ; u_sys|u_synth|u_l2|form|Add8~45|sumout                                                  ;
;   13.551 ;   1.385  ; FF ; IC   ; 3      ; LABCELL_X66_Y29_N33       ; u_sys|u_synth|u_l2|form|Add4~45|dataa                                                   ;
;   14.776 ;   1.225  ; FR ; CELL ; 1      ; LABCELL_X66_Y29_N33       ; u_sys|u_synth|u_l2|form|Add4~45|sumout                                                  ;
;   15.549 ;   0.773  ; RR ; IC   ; 2      ; LABCELL_X67_Y32_N3        ; u_sys|u_synth|u_l2|form|Add5~49|dataa                                                   ;
;   16.645 ;   1.096  ; RR ; CELL ; 1      ; LABCELL_X67_Y32_N3        ; u_sys|u_synth|u_l2|form|Add5~49|cout                                                    ;
;   16.645 ;   0.000  ; RR ; IC   ; 2      ; LABCELL_X67_Y32_N6        ; u_sys|u_synth|u_l2|form|Add5~53|cin                                                     ;
;   16.993 ;   0.348  ; RR ; CELL ; 1      ; LABCELL_X67_Y32_N6        ; u_sys|u_synth|u_l2|form|Add5~53|sumout                                                  ;
;   17.316 ;   0.323  ; RR ; IC   ; 1      ; LABCELL_X66_Y32_N36       ; u_sys|u_synth|u_l2|form|LessThan22~0|dataa                                              ;
;   17.912 ;   0.596  ; RF ; CELL ; 1      ; LABCELL_X66_Y32_N36       ; u_sys|u_synth|u_l2|form|LessThan22~0|combout                                            ;
;   18.111 ;   0.199  ; FF ; IC   ; 1      ; LABCELL_X66_Y32_N0        ; u_sys|u_synth|u_l2|form|LessThan22~6|dataa                                              ;
;   18.687 ;   0.576  ; FR ; CELL ; 1      ; LABCELL_X66_Y32_N0        ; u_sys|u_synth|u_l2|form|LessThan22~6|combout                                            ;
;   18.903 ;   0.216  ; RR ; IC   ; 1      ; LABCELL_X66_Y32_N30       ; u_sys|u_synth|u_l2|form|LessThan22~7|dataa                                              ;
;   19.499 ;   0.596  ; RF ; CELL ; 1      ; LABCELL_X66_Y32_N30       ; u_sys|u_synth|u_l2|form|LessThan22~7|combout                                            ;
;   19.733 ;   0.234  ; FF ; IC   ; 1      ; LABCELL_X66_Y32_N9        ; u_sys|u_synth|u_l2|form|LessThan22~1|datac                                              ;
;   20.246 ;   0.513  ; FF ; CELL ; 2      ; LABCELL_X66_Y32_N9        ; u_sys|u_synth|u_l2|form|LessThan22~1|combout                                            ;
;   22.296 ;   2.050  ; FF ; IC   ; 1      ; LABCELL_X46_Y19_N18       ; u_sys|u_synth|u_l2|form|bcp_commit~2|dataf                                              ;
;   22.383 ;   0.087  ; FF ; CELL ; 131    ; LABCELL_X46_Y19_N18       ; u_sys|u_synth|u_l2|form|bcp_commit~2|combout                                            ;
;   23.821 ;   1.438  ; FF ; IC   ; 1      ; LABCELL_X43_Y15_N33       ; u_sys|u_synth|u_l2|form|pm_next[5][15]~13|datab                                         ;
;   24.384 ;   0.563  ; FF ; CELL ; 2      ; LABCELL_X43_Y15_N33       ; u_sys|u_synth|u_l2|form|pm_next[5][15]~13|combout                                       ;
;   25.884 ;   1.500  ; FF ; IC   ; 1      ; LABCELL_X46_Y17_N21       ; u_sys|u_synth|u_l2|form|always41~2|datac                                                ;
;   26.306 ;   0.422  ; FR ; CELL ; 1      ; LABCELL_X46_Y17_N21       ; u_sys|u_synth|u_l2|form|always41~2|combout                                              ;
;   27.204 ;   0.898  ; RR ; IC   ; 1      ; LABCELL_X40_Y17_N33       ; u_sys|u_synth|u_l2|form|always41~7|datae                                                ;
;   27.411 ;   0.207  ; RR ; CELL ; 2      ; LABCELL_X40_Y17_N33       ; u_sys|u_synth|u_l2|form|always41~7|combout                                              ;
;   27.973 ;   0.562  ; RR ; IC   ; 1      ; LABCELL_X43_Y17_N54       ; u_sys|u_synth|u_l2|form|taken_due~0|datad                                               ;
;   28.469 ;   0.496  ; RF ; CELL ; 1      ; LABCELL_X43_Y17_N54       ; u_sys|u_synth|u_l2|form|taken_due~0|combout                                             ;
;   28.469 ;   0.000  ; FF ; IC   ; 1      ; FF_X43_Y17_N55            ; u_sys|u_synth|u_l2|form|taken_due|d                                                     ;
;   28.729 ;   0.260  ; FF ; CELL ; 1      ; FF_X43_Y17_N55            ; wpms_system:u_sys|wpms_synth_top:u_synth|wpms_l2_top:u_l2|wpms_formation:form|taken_due ;
+----------+----------+----+------+--------+---------------------------+-----------------------------------------------------------------------------------------+

+----------------------------------------------------------------------------------------------------------------------------------------------------------------+
; Data Required Path                                                                                                                                             ;
+----------+----------+----+------+--------+---------------------------+-----------------------------------------------------------------------------------------+
; Total    ; Incr     ; RF ; Type ; Fanout ; Location                  ; Element                                                                                 ;
+----------+----------+----+------+--------+---------------------------+-----------------------------------------------------------------------------------------+
; 20.000   ; 20.000   ;    ;      ;        ;                           ; latch edge time                                                                         ;
; 23.997   ; 3.997    ;    ;      ;        ;                           ; clock path                                                                              ;
;   20.000 ;   0.000  ;    ;      ;        ;                           ; source latency                                                                          ;
;   20.000 ;   0.000  ;    ;      ; 1      ; PIN_V11                   ; FPGA_CLK1_50                                                                            ;
;   20.000 ;   0.000  ; RR ; IC   ; 1      ; IOIBUF_X32_Y0_N1          ; FPGA_CLK1_50~input|i                                                                    ;
;   20.766 ;   0.766  ; RR ; CELL ; 2      ; IOIBUF_X32_Y0_N1          ; FPGA_CLK1_50~input|o                                                                    ;
;   21.929 ;   1.163  ; RR ; IC   ; 1      ; PLLREFCLKSELECT_X0_Y7_N0  ; u_pll_sys|g_intel.g_one.u_pll|general[0].gpll~PLL_REFCLK_SELECT|clkin[0]                ;
;   22.239 ;   0.310  ; RR ; CELL ; 1      ; PLLREFCLKSELECT_X0_Y7_N0  ; u_pll_sys|g_intel.g_one.u_pll|general[0].gpll~PLL_REFCLK_SELECT|clkout                  ;
;   22.239 ;   0.000  ; RR ; IC   ; 10     ; FRACTIONALPLL_X0_Y1_N0    ; u_pll_sys|g_intel.g_one.u_pll|general[0].gpll~FRACTIONAL_PLL|refclkin                   ;
;   17.144 ;   -5.095 ; RR ; COMP ; 1      ; FRACTIONALPLL_X0_Y1_N0    ; u_pll_sys|g_intel.g_one.u_pll|general[0].gpll~FRACTIONAL_PLL|vcoph[0]                   ;
;   17.144 ;   0.000  ; RR ; IC   ; 1      ; PLLOUTPUTCOUNTER_X0_Y4_N1 ; u_pll_sys|g_intel.g_one.u_pll|general[0].gpll~PLL_OUTPUT_COUNTER|vco0ph[0]              ;
;   18.614 ;   1.470  ; RR ; CELL ; 1      ; PLLOUTPUTCOUNTER_X0_Y4_N1 ; u_pll_sys|g_intel.g_one.u_pll|general[0].gpll~PLL_OUTPUT_COUNTER|divclk                 ;
;   19.554 ;   0.940  ; RR ; IC   ; 1      ; CLKCTRL_G3                ; u_pll_sys|g_intel.g_one.u_pll|outclk_wire[0]~CLKENA0|inclk                              ;
;   19.858 ;   0.304  ; RR ; CELL ; 9864   ; CLKCTRL_G3                ; u_pll_sys|g_intel.g_one.u_pll|outclk_wire[0]~CLKENA0|outclk                             ;
;   21.801 ;   1.943  ; RR ; IC   ; 1      ; FF_X43_Y17_N55            ; u_sys|u_synth|u_l2|form|taken_due|clk                                                   ;
;   22.300 ;   0.499  ; RR ; CELL ; 1      ; FF_X43_Y17_N55            ; wpms_system:u_sys|wpms_synth_top:u_synth|wpms_l2_top:u_l2|wpms_formation:form|taken_due ;
;   23.997 ;   1.697  ;    ;      ;        ;                           ; clock pessimism removed                                                                 ;
; 23.917   ; -0.080   ;    ;      ;        ;                           ; clock uncertainty                                                                       ;
; 23.917   ; 0.000    ;    ; uTsu ; 1      ; FF_X43_Y17_N55            ; wpms_system:u_sys|wpms_synth_top:u_synth|wpms_l2_top:u_l2|wpms_formation:form|taken_due ;
+----------+----------+----+------+--------+---------------------------+-----------------------------------------------------------------------------------------+

----------------------------
; Extra Fitter Information ;
----------------------------
HTML report is unavailable in plain text report export.


----------------
; Command Info ;
----------------
Report Timing: Found 1 setup paths (1 violated).  Worst case slack is -1.753 

Tcl Command:
    report_timing -append -setup -file output_files/setup_clk_sys_keys.rpt -panel_name {clk_sys setup: sweep_a} -to [get_registers {*wpms_formation:*|sweep_a*}] -to_clock [get_clocks {*u_pll_sys*PLL_OUTPUT_COUNTER*}] -npaths 1 -detail full_path

Options:
    -to [get_registers {*wpms_formation:*|sweep_a*}] 
    -to_clock [get_clocks {*u_pll_sys*PLL_OUTPUT_COUNTER*}] 
    -setup 
    -npaths 1 
    -detail full_path 
    -panel_name {clk_sys setup: sweep_a} 
    -file {output_files/setup_clk_sys_keys.rpt} 
    -append 

Delay Model:
    Slow 1100mV 85C Model

+-------------------------------------------------------------------------------------------------------------------------------------------------------------------------------------------------------------------------------------------------------------------------------------------------------------------------------------------------------------------------------------------+
; Summary of Paths                                                                                                                                                                                                                                                                                                                                                                          ;
+--------+-----------------------------------------------------------------------------------------+-------------------------------------------------------------------------------------------+-------------------------------------------------------------------------+-------------------------------------------------------------------------+--------------+------------+------------+
; Slack  ; From Node                                                                               ; To Node                                                                                   ; Launch Clock                                                            ; Latch Clock                                                             ; Relationship ; Clock Skew ; Data Delay ;
+--------+-----------------------------------------------------------------------------------------+-------------------------------------------------------------------------------------------+-------------------------------------------------------------------------+-------------------------------------------------------------------------+--------------+------------+------------+
; -1.753 ; wpms_system:u_sys|wpms_synth_top:u_synth|wpms_l2_top:u_l2|wpms_formation:form|copied[5] ; wpms_system:u_sys|wpms_synth_top:u_synth|wpms_l2_top:u_l2|wpms_formation:form|sweep_a[19] ; u_pll_sys|g_intel.g_one.u_pll|general[0].gpll~PLL_OUTPUT_COUNTER|divclk ; u_pll_sys|g_intel.g_one.u_pll|general[0].gpll~PLL_OUTPUT_COUNTER|divclk ; 20.000       ; -0.485     ; 21.188     ;
+--------+-----------------------------------------------------------------------------------------+-------------------------------------------------------------------------------------------+-------------------------------------------------------------------------+-------------------------------------------------------------------------+--------------+------------+------------+

Path #1: Setup slack is -1.753 (VIOLATED)
===============================================================================
+----------------------------------------------------------------------------------------------------------------+
; Path Summary                                                                                                   ;
+--------------------+-------------------------------------------------------------------------------------------+
; Property           ; Value                                                                                     ;
+--------------------+-------------------------------------------------------------------------------------------+
; From Node          ; wpms_system:u_sys|wpms_synth_top:u_synth|wpms_l2_top:u_l2|wpms_formation:form|copied[5]   ;
; To Node            ; wpms_system:u_sys|wpms_synth_top:u_synth|wpms_l2_top:u_l2|wpms_formation:form|sweep_a[19] ;
; Launch Clock       ; u_pll_sys|g_intel.g_one.u_pll|general[0].gpll~PLL_OUTPUT_COUNTER|divclk                   ;
; Latch Clock        ; u_pll_sys|g_intel.g_one.u_pll|general[0].gpll~PLL_OUTPUT_COUNTER|divclk                   ;
; Data Arrival Time  ; 25.662                                                                                    ;
; Data Required Time ; 23.909                                                                                    ;
; Slack              ; -1.753 (VIOLATED)                                                                         ;
+--------------------+-------------------------------------------------------------------------------------------+

+--------------------------------------------------------------------------------------+
; Statistics                                                                           ;
+------------------------+--------+-------+-------------+------------+--------+--------+
; Property               ; Value  ; Count ; Total Delay ; % of Total ; Min    ; Max    ;
+------------------------+--------+-------+-------------+------------+--------+--------+
; Setup Relationship     ; 20.000 ;       ;             ;            ;        ;        ;
; Clock Skew             ; -0.485 ;       ;             ;            ;        ;        ;
; Data Delay             ; 21.188 ;       ;             ;            ;        ;        ;
; Number of Logic Levels ;        ; 13    ;             ;            ;        ;        ;
; Physical Delays        ;        ;       ;             ;            ;        ;        ;
;  Arrival Path          ;        ;       ;             ;            ;        ;        ;
;   Clock                ;        ;       ;             ;            ;        ;        ;
;    IC                  ;        ; 6     ; 4.692       ; 56         ; 0.000  ; 2.362  ;
;    Cell                ;        ; 5     ; 3.723       ; 44         ; 0.329  ; 1.738  ;
;    PLL Compensation    ;        ; 1     ; -3.941      ; 0          ; -3.941 ; -3.941 ;
;   Data                 ;        ;       ;             ;            ;        ;        ;
;    IC                  ;        ; 15    ; 13.159      ; 62         ; 0.000  ; 2.050  ;
;    Cell                ;        ; 16    ; 8.029       ; 38         ; 0.000  ; 1.225  ;
;    uTco                ;        ; 1     ; 0.000       ; 0          ; 0.000  ; 0.000  ;
;  Required Path         ;        ;       ;             ;            ;        ;        ;
;   Clock                ;        ;       ;             ;            ;        ;        ;
;    IC                  ;        ; 6     ; 4.030       ; 55         ; 0.000  ; 1.927  ;
;    Cell                ;        ; 5     ; 3.357       ; 45         ; 0.304  ; 1.470  ;
;    PLL Compensation    ;        ; 1     ; -5.095      ; 0          ; -5.095 ; -5.095 ;
+------------------------+--------+-------+-------------+------------+--------+--------+
Note: Negative delays are omitted from totals when calculating percentages

+------------------------------------------------------------------------------------------------------------------------------------------------------------------+
; Data Arrival Path                                                                                                                                                ;
+----------+----------+----+------+--------+---------------------------+-------------------------------------------------------------------------------------------+
; Total    ; Incr     ; RF ; Type ; Fanout ; Location                  ; Element                                                                                   ;
+----------+----------+----+------+--------+---------------------------+-------------------------------------------------------------------------------------------+
; 0.000    ; 0.000    ;    ;      ;        ;                           ; launch edge time                                                                          ;
; 4.474    ; 4.474    ;    ;      ;        ;                           ; clock path                                                                                ;
;   0.000  ;   0.000  ;    ;      ;        ;                           ; source latency                                                                            ;
;   0.000  ;   0.000  ;    ;      ; 1      ; PIN_V11                   ; FPGA_CLK1_50                                                                              ;
;   0.000  ;   0.000  ; RR ; IC   ; 1      ; IOIBUF_X32_Y0_N1          ; FPGA_CLK1_50~input|i                                                                      ;
;   0.766  ;   0.766  ; RR ; CELL ; 2      ; IOIBUF_X32_Y0_N1          ; FPGA_CLK1_50~input|o                                                                      ;
;   2.087  ;   1.321  ; RR ; IC   ; 1      ; PLLREFCLKSELECT_X0_Y7_N0  ; u_pll_sys|g_intel.g_one.u_pll|general[0].gpll~PLL_REFCLK_SELECT|clkin[0]                  ;
;   2.420  ;   0.333  ; RR ; CELL ; 1      ; PLLREFCLKSELECT_X0_Y7_N0  ; u_pll_sys|g_intel.g_one.u_pll|general[0].gpll~PLL_REFCLK_SELECT|clkout                    ;
;   2.420  ;   0.000  ; RR ; IC   ; 10     ; FRACTIONALPLL_X0_Y1_N0    ; u_pll_sys|g_intel.g_one.u_pll|general[0].gpll~FRACTIONAL_PLL|refclkin                     ;
;   -1.521 ;   -3.941 ; RR ; COMP ; 1      ; FRACTIONALPLL_X0_Y1_N0    ; u_pll_sys|g_intel.g_one.u_pll|general[0].gpll~FRACTIONAL_PLL|vcoph[0]                     ;
;   -1.521 ;   0.000  ; RR ; IC   ; 1      ; PLLOUTPUTCOUNTER_X0_Y4_N1 ; u_pll_sys|g_intel.g_one.u_pll|general[0].gpll~PLL_OUTPUT_COUNTER|vco0ph[0]                ;
;   0.217  ;   1.738  ; RR ; CELL ; 1      ; PLLOUTPUTCOUNTER_X0_Y4_N1 ; u_pll_sys|g_intel.g_one.u_pll|general[0].gpll~PLL_OUTPUT_COUNTER|divclk                   ;
;   1.226  ;   1.009  ; RR ; IC   ; 1      ; CLKCTRL_G3                ; u_pll_sys|g_intel.g_one.u_pll|outclk_wire[0]~CLKENA0|inclk                                ;
;   1.555  ;   0.329  ; RR ; CELL ; 9864   ; CLKCTRL_G3                ; u_pll_sys|g_intel.g_one.u_pll|outclk_wire[0]~CLKENA0|outclk                               ;
;   3.917  ;   2.362  ; RR ; IC   ; 1      ; FF_X50_Y18_N37            ; u_sys|u_synth|u_l2|form|copied[5]|clk                                                     ;
;   4.474  ;   0.557  ; RR ; CELL ; 1      ; FF_X50_Y18_N37            ; wpms_system:u_sys|wpms_synth_top:u_synth|wpms_l2_top:u_l2|wpms_formation:form|copied[5]   ;
; 25.662   ; 21.188   ;    ;      ;        ;                           ; data path                                                                                 ;
;   4.474  ;   0.000  ;    ; uTco ; 1      ; FF_X50_Y18_N37            ; wpms_system:u_sys|wpms_synth_top:u_synth|wpms_l2_top:u_l2|wpms_formation:form|copied[5]   ;
;   4.474  ;   0.000  ; FF ; CELL ; 19     ; FF_X50_Y18_N37            ; u_sys|u_synth|u_l2|form|copied[5]|q                                                       ;
;   5.546  ;   1.072  ; FF ; IC   ; 1      ; MLABCELL_X47_Y19_N57      ; u_sys|u_synth|u_l2|form|pe~2|dataf                                                        ;
;   5.625  ;   0.079  ; FF ; CELL ; 31     ; MLABCELL_X47_Y19_N57      ; u_sys|u_synth|u_l2|form|pe~2|combout                                                      ;
;   7.357  ;   1.732  ; FF ; IC   ; 1      ; LABCELL_X60_Y20_N45       ; u_sys|u_synth|u_l2|form|n_post[5][1]~90|dataf                                             ;
;   7.440  ;   0.083  ; FF ; CELL ; 8      ; LABCELL_X60_Y20_N45       ; u_sys|u_synth|u_l2|form|n_post[5][1]~90|combout                                           ;
;   8.292  ;   0.852  ; FF ; IC   ; 1      ; LABCELL_X61_Y19_N51       ; u_sys|u_synth|u_l2|form|t~406|datab                                                       ;
;   8.855  ;   0.563  ; FF ; CELL ; 1      ; LABCELL_X61_Y19_N51       ; u_sys|u_synth|u_l2|form|t~406|combout                                                     ;
;   9.169  ;   0.314  ; FF ; IC   ; 1      ; LABCELL_X61_Y19_N57       ; u_sys|u_synth|u_l2|form|t~408|datab                                                       ;
;   9.706  ;   0.537  ; FF ; CELL ; 1      ; LABCELL_X61_Y19_N57       ; u_sys|u_synth|u_l2|form|t~408|combout                                                     ;
;   10.948 ;   1.242  ; FF ; IC   ; 2      ; MLABCELL_X65_Y24_N3       ; u_sys|u_synth|u_l2|form|Add8~45|datac                                                     ;
;   11.881 ;   0.933  ; FF ; CELL ; 1      ; MLABCELL_X65_Y24_N3       ; u_sys|u_synth|u_l2|form|Add8~45|sumout                                                    ;
;   13.266 ;   1.385  ; FF ; IC   ; 3      ; LABCELL_X66_Y29_N33       ; u_sys|u_synth|u_l2|form|Add4~45|dataa                                                     ;
;   14.491 ;   1.225  ; FR ; CELL ; 1      ; LABCELL_X66_Y29_N33       ; u_sys|u_synth|u_l2|form|Add4~45|sumout                                                    ;
;   15.264 ;   0.773  ; RR ; IC   ; 2      ; LABCELL_X67_Y32_N3        ; u_sys|u_synth|u_l2|form|Add5~49|dataa                                                     ;
;   16.360 ;   1.096  ; RR ; CELL ; 1      ; LABCELL_X67_Y32_N3        ; u_sys|u_synth|u_l2|form|Add5~49|cout                                                      ;
;   16.360 ;   0.000  ; RR ; IC   ; 2      ; LABCELL_X67_Y32_N6        ; u_sys|u_synth|u_l2|form|Add5~53|cin                                                       ;
;   16.708 ;   0.348  ; RR ; CELL ; 1      ; LABCELL_X67_Y32_N6        ; u_sys|u_synth|u_l2|form|Add5~53|sumout                                                    ;
;   17.031 ;   0.323  ; RR ; IC   ; 1      ; LABCELL_X66_Y32_N36       ; u_sys|u_synth|u_l2|form|LessThan22~0|dataa                                                ;
;   17.627 ;   0.596  ; RF ; CELL ; 1      ; LABCELL_X66_Y32_N36       ; u_sys|u_synth|u_l2|form|LessThan22~0|combout                                              ;
;   17.826 ;   0.199  ; FF ; IC   ; 1      ; LABCELL_X66_Y32_N0        ; u_sys|u_synth|u_l2|form|LessThan22~6|dataa                                                ;
;   18.402 ;   0.576  ; FR ; CELL ; 1      ; LABCELL_X66_Y32_N0        ; u_sys|u_synth|u_l2|form|LessThan22~6|combout                                              ;
;   18.618 ;   0.216  ; RR ; IC   ; 1      ; LABCELL_X66_Y32_N30       ; u_sys|u_synth|u_l2|form|LessThan22~7|dataa                                                ;
;   19.214 ;   0.596  ; RF ; CELL ; 1      ; LABCELL_X66_Y32_N30       ; u_sys|u_synth|u_l2|form|LessThan22~7|combout                                              ;
;   19.448 ;   0.234  ; FF ; IC   ; 1      ; LABCELL_X66_Y32_N9        ; u_sys|u_synth|u_l2|form|LessThan22~1|datac                                                ;
;   19.961 ;   0.513  ; FF ; CELL ; 2      ; LABCELL_X66_Y32_N9        ; u_sys|u_synth|u_l2|form|LessThan22~1|combout                                              ;
;   22.011 ;   2.050  ; FF ; IC   ; 1      ; LABCELL_X46_Y19_N18       ; u_sys|u_synth|u_l2|form|bcp_commit~2|dataf                                                ;
;   22.098 ;   0.087  ; FF ; CELL ; 131    ; LABCELL_X46_Y19_N18       ; u_sys|u_synth|u_l2|form|bcp_commit~2|combout                                              ;
;   23.396 ;   1.298  ; FF ; IC   ; 1      ; LABCELL_X53_Y21_N9        ; u_sys|u_synth|u_l2|form|sweep_a[22]~0|dataf                                               ;
;   23.478 ;   0.082  ; FF ; CELL ; 39     ; LABCELL_X53_Y21_N9        ; u_sys|u_synth|u_l2|form|sweep_a[22]~0|combout                                             ;
;   24.947 ;   1.469  ; FF ; IC   ; 1      ; FF_X65_Y21_N17            ; u_sys|u_synth|u_l2|form|sweep_a[19]|ena                                                   ;
;   25.662 ;   0.715  ; FF ; CELL ; 1      ; FF_X65_Y21_N17            ; wpms_system:u_sys|wpms_synth_top:u_synth|wpms_l2_top:u_l2|wpms_formation:form|sweep_a[19] ;
+----------+----------+----+------+--------+---------------------------+-------------------------------------------------------------------------------------------+

+------------------------------------------------------------------------------------------------------------------------------------------------------------------+
; Data Required Path                                                                                                                                               ;
+----------+----------+----+------+--------+---------------------------+-------------------------------------------------------------------------------------------+
; Total    ; Incr     ; RF ; Type ; Fanout ; Location                  ; Element                                                                                   ;
+----------+----------+----+------+--------+---------------------------+-------------------------------------------------------------------------------------------+
; 20.000   ; 20.000   ;    ;      ;        ;                           ; latch edge time                                                                           ;
; 23.989   ; 3.989    ;    ;      ;        ;                           ; clock path                                                                                ;
;   20.000 ;   0.000  ;    ;      ;        ;                           ; source latency                                                                            ;
;   20.000 ;   0.000  ;    ;      ; 1      ; PIN_V11                   ; FPGA_CLK1_50                                                                              ;
;   20.000 ;   0.000  ; RR ; IC   ; 1      ; IOIBUF_X32_Y0_N1          ; FPGA_CLK1_50~input|i                                                                      ;
;   20.766 ;   0.766  ; RR ; CELL ; 2      ; IOIBUF_X32_Y0_N1          ; FPGA_CLK1_50~input|o                                                                      ;
;   21.929 ;   1.163  ; RR ; IC   ; 1      ; PLLREFCLKSELECT_X0_Y7_N0  ; u_pll_sys|g_intel.g_one.u_pll|general[0].gpll~PLL_REFCLK_SELECT|clkin[0]                  ;
;   22.239 ;   0.310  ; RR ; CELL ; 1      ; PLLREFCLKSELECT_X0_Y7_N0  ; u_pll_sys|g_intel.g_one.u_pll|general[0].gpll~PLL_REFCLK_SELECT|clkout                    ;
;   22.239 ;   0.000  ; RR ; IC   ; 10     ; FRACTIONALPLL_X0_Y1_N0    ; u_pll_sys|g_intel.g_one.u_pll|general[0].gpll~FRACTIONAL_PLL|refclkin                     ;
;   17.144 ;   -5.095 ; RR ; COMP ; 1      ; FRACTIONALPLL_X0_Y1_N0    ; u_pll_sys|g_intel.g_one.u_pll|general[0].gpll~FRACTIONAL_PLL|vcoph[0]                     ;
;   17.144 ;   0.000  ; RR ; IC   ; 1      ; PLLOUTPUTCOUNTER_X0_Y4_N1 ; u_pll_sys|g_intel.g_one.u_pll|general[0].gpll~PLL_OUTPUT_COUNTER|vco0ph[0]                ;
;   18.614 ;   1.470  ; RR ; CELL ; 1      ; PLLOUTPUTCOUNTER_X0_Y4_N1 ; u_pll_sys|g_intel.g_one.u_pll|general[0].gpll~PLL_OUTPUT_COUNTER|divclk                   ;
;   19.554 ;   0.940  ; RR ; IC   ; 1      ; CLKCTRL_G3                ; u_pll_sys|g_intel.g_one.u_pll|outclk_wire[0]~CLKENA0|inclk                                ;
;   19.858 ;   0.304  ; RR ; CELL ; 9864   ; CLKCTRL_G3                ; u_pll_sys|g_intel.g_one.u_pll|outclk_wire[0]~CLKENA0|outclk                               ;
;   21.785 ;   1.927  ; RR ; IC   ; 1      ; FF_X65_Y21_N17            ; u_sys|u_synth|u_l2|form|sweep_a[19]|clk                                                   ;
;   22.292 ;   0.507  ; RR ; CELL ; 1      ; FF_X65_Y21_N17            ; wpms_system:u_sys|wpms_synth_top:u_synth|wpms_l2_top:u_l2|wpms_formation:form|sweep_a[19] ;
;   23.989 ;   1.697  ;    ;      ;        ;                           ; clock pessimism removed                                                                   ;
; 23.909   ; -0.080   ;    ;      ;        ;                           ; clock uncertainty                                                                         ;
; 23.909   ; 0.000    ;    ; uTsu ; 1      ; FF_X65_Y21_N17            ; wpms_system:u_sys|wpms_synth_top:u_synth|wpms_l2_top:u_l2|wpms_formation:form|sweep_a[19] ;
+----------+----------+----+------+--------+---------------------------+-------------------------------------------------------------------------------------------+

----------------------------
; Extra Fitter Information ;
----------------------------
HTML report is unavailable in plain text report export.


----------------
; Command Info ;
----------------
Report Timing: Found 1 setup paths (1 violated).  Worst case slack is -6.631 

Tcl Command:
    report_timing -append -setup -file output_files/setup_clk_sys_keys.rpt -panel_name {clk_sys setup: error} -to [get_registers {*wpms_formation:*|error_*}] -to_clock [get_clocks {*u_pll_sys*PLL_OUTPUT_COUNTER*}] -npaths 1 -detail full_path

Options:
    -to [get_registers {*wpms_formation:*|error_*}] 
    -to_clock [get_clocks {*u_pll_sys*PLL_OUTPUT_COUNTER*}] 
    -setup 
    -npaths 1 
    -detail full_path 
    -panel_name {clk_sys setup: error} 
    -file {output_files/setup_clk_sys_keys.rpt} 
    -append 

Delay Model:
    Slow 1100mV 85C Model

+-------------------------------------------------------------------------------------------------------------------------------------------------------------------------------------------------------------------------------------------------------------------------------------------------------------------------------------------------------------------------------------------+
; Summary of Paths                                                                                                                                                                                                                                                                                                                                                                          ;
+--------+------------------------------------------------------------------------------------------+------------------------------------------------------------------------------------------+-------------------------------------------------------------------------+-------------------------------------------------------------------------+--------------+------------+------------+
; Slack  ; From Node                                                                                ; To Node                                                                                  ; Launch Clock                                                            ; Latch Clock                                                             ; Relationship ; Clock Skew ; Data Delay ;
+--------+------------------------------------------------------------------------------------------+------------------------------------------------------------------------------------------+-------------------------------------------------------------------------+-------------------------------------------------------------------------+--------------+------------+------------+
; -6.631 ; wpms_system:u_sys|wpms_synth_top:u_synth|wpms_l2_top:u_l2|wpms_formation:form|a_block[0] ; wpms_system:u_sys|wpms_synth_top:u_synth|wpms_l2_top:u_l2|wpms_formation:form|error_flag ; u_pll_sys|g_intel.g_one.u_pll|general[0].gpll~PLL_OUTPUT_COUNTER|divclk ; u_pll_sys|g_intel.g_one.u_pll|general[0].gpll~PLL_OUTPUT_COUNTER|divclk ; 20.000       ; -0.469     ; 26.082     ;
+--------+------------------------------------------------------------------------------------------+------------------------------------------------------------------------------------------+-------------------------------------------------------------------------+-------------------------------------------------------------------------+--------------+------------+------------+

Path #1: Setup slack is -6.631 (VIOLATED)
===============================================================================
+---------------------------------------------------------------------------------------------------------------+
; Path Summary                                                                                                  ;
+--------------------+------------------------------------------------------------------------------------------+
; Property           ; Value                                                                                    ;
+--------------------+------------------------------------------------------------------------------------------+
; From Node          ; wpms_system:u_sys|wpms_synth_top:u_synth|wpms_l2_top:u_l2|wpms_formation:form|a_block[0] ;
; To Node            ; wpms_system:u_sys|wpms_synth_top:u_synth|wpms_l2_top:u_l2|wpms_formation:form|error_flag ;
; Launch Clock       ; u_pll_sys|g_intel.g_one.u_pll|general[0].gpll~PLL_OUTPUT_COUNTER|divclk                  ;
; Latch Clock        ; u_pll_sys|g_intel.g_one.u_pll|general[0].gpll~PLL_OUTPUT_COUNTER|divclk                  ;
; Data Arrival Time  ; 30.560                                                                                   ;
; Data Required Time ; 23.929                                                                                   ;
; Slack              ; -6.631 (VIOLATED)                                                                        ;
+--------------------+------------------------------------------------------------------------------------------+

+--------------------------------------------------------------------------------------+
; Statistics                                                                           ;
+------------------------+--------+-------+-------------+------------+--------+--------+
; Property               ; Value  ; Count ; Total Delay ; % of Total ; Min    ; Max    ;
+------------------------+--------+-------+-------------+------------+--------+--------+
; Setup Relationship     ; 20.000 ;       ;             ;            ;        ;        ;
; Clock Skew             ; -0.469 ;       ;             ;            ;        ;        ;
; Data Delay             ; 26.082 ;       ;             ;            ;        ;        ;
; Number of Logic Levels ;        ; 17    ;             ;            ;        ;        ;
; Physical Delays        ;        ;       ;             ;            ;        ;        ;
;  Arrival Path          ;        ;       ;             ;            ;        ;        ;
;   Clock                ;        ;       ;             ;            ;        ;        ;
;    IC                  ;        ; 6     ; 4.701       ; 56         ; 0.000  ; 2.371  ;
;    Cell                ;        ; 5     ; 3.718       ; 44         ; 0.329  ; 1.738  ;
;    PLL Compensation    ;        ; 1     ; -3.941      ; 0          ; -3.941 ; -3.941 ;
;   Data                 ;        ;       ;             ;            ;        ;        ;
;    IC                  ;        ; 41    ; 13.244      ; 51         ; 0.000  ; 1.501  ;
;    Cell                ;        ; 42    ; 12.838      ; 49         ; 0.000  ; 4.263  ;
;    uTco                ;        ; 1     ; 0.000       ; 0          ; 0.000  ; 0.000  ;
;  Required Path         ;        ;       ;             ;            ;        ;        ;
;   Clock                ;        ;       ;             ;            ;        ;        ;
;    IC                  ;        ; 6     ; 4.043       ; 55         ; 0.000  ; 1.940  ;
;    Cell                ;        ; 5     ; 3.364       ; 45         ; 0.304  ; 1.470  ;
;    PLL Compensation    ;        ; 1     ; -5.095      ; 0          ; -5.095 ; -5.095 ;
+------------------------+--------+-------+-------------+------------+--------+--------+
Note: Negative delays are omitted from totals when calculating percentages

+-----------------------------------------------------------------------------------------------------------------------------------------------------------------+
; Data Arrival Path                                                                                                                                               ;
+----------+----------+----+------+--------+---------------------------+------------------------------------------------------------------------------------------+
; Total    ; Incr     ; RF ; Type ; Fanout ; Location                  ; Element                                                                                  ;
+----------+----------+----+------+--------+---------------------------+------------------------------------------------------------------------------------------+
; 0.000    ; 0.000    ;    ;      ;        ;                           ; launch edge time                                                                         ;
; 4.478    ; 4.478    ;    ;      ;        ;                           ; clock path                                                                               ;
;   0.000  ;   0.000  ;    ;      ;        ;                           ; source latency                                                                           ;
;   0.000  ;   0.000  ;    ;      ; 1      ; PIN_V11                   ; FPGA_CLK1_50                                                                             ;
;   0.000  ;   0.000  ; RR ; IC   ; 1      ; IOIBUF_X32_Y0_N1          ; FPGA_CLK1_50~input|i                                                                     ;
;   0.766  ;   0.766  ; RR ; CELL ; 2      ; IOIBUF_X32_Y0_N1          ; FPGA_CLK1_50~input|o                                                                     ;
;   2.087  ;   1.321  ; RR ; IC   ; 1      ; PLLREFCLKSELECT_X0_Y7_N0  ; u_pll_sys|g_intel.g_one.u_pll|general[0].gpll~PLL_REFCLK_SELECT|clkin[0]                 ;
;   2.420  ;   0.333  ; RR ; CELL ; 1      ; PLLREFCLKSELECT_X0_Y7_N0  ; u_pll_sys|g_intel.g_one.u_pll|general[0].gpll~PLL_REFCLK_SELECT|clkout                   ;
;   2.420  ;   0.000  ; RR ; IC   ; 10     ; FRACTIONALPLL_X0_Y1_N0    ; u_pll_sys|g_intel.g_one.u_pll|general[0].gpll~FRACTIONAL_PLL|refclkin                    ;
;   -1.521 ;   -3.941 ; RR ; COMP ; 1      ; FRACTIONALPLL_X0_Y1_N0    ; u_pll_sys|g_intel.g_one.u_pll|general[0].gpll~FRACTIONAL_PLL|vcoph[0]                    ;
;   -1.521 ;   0.000  ; RR ; IC   ; 1      ; PLLOUTPUTCOUNTER_X0_Y4_N1 ; u_pll_sys|g_intel.g_one.u_pll|general[0].gpll~PLL_OUTPUT_COUNTER|vco0ph[0]               ;
;   0.217  ;   1.738  ; RR ; CELL ; 1      ; PLLOUTPUTCOUNTER_X0_Y4_N1 ; u_pll_sys|g_intel.g_one.u_pll|general[0].gpll~PLL_OUTPUT_COUNTER|divclk                  ;
;   1.226  ;   1.009  ; RR ; IC   ; 1      ; CLKCTRL_G3                ; u_pll_sys|g_intel.g_one.u_pll|outclk_wire[0]~CLKENA0|inclk                               ;
;   1.555  ;   0.329  ; RR ; CELL ; 9864   ; CLKCTRL_G3                ; u_pll_sys|g_intel.g_one.u_pll|outclk_wire[0]~CLKENA0|outclk                              ;
;   3.926  ;   2.371  ; RR ; IC   ; 1      ; FF_X43_Y19_N8             ; u_sys|u_synth|u_l2|form|a_block[0]|clk                                                   ;
;   4.478  ;   0.552  ; RR ; CELL ; 1      ; FF_X43_Y19_N8             ; wpms_system:u_sys|wpms_synth_top:u_synth|wpms_l2_top:u_l2|wpms_formation:form|a_block[0] ;
; 30.560   ; 26.082   ;    ;      ;        ;                           ; data path                                                                                ;
;   4.478  ;   0.000  ;    ; uTco ; 1      ; FF_X43_Y19_N8             ; wpms_system:u_sys|wpms_synth_top:u_synth|wpms_l2_top:u_l2|wpms_formation:form|a_block[0] ;
;   4.478  ;   0.000  ; FF ; CELL ; 50     ; FF_X43_Y19_N8             ; u_sys|u_synth|u_l2|form|a_block[0]|q                                                     ;
;   5.151  ;   0.673  ; FF ; IC   ; 1      ; LABCELL_X42_Y18_N12       ; u_sys|u_synth|u_l2|form|Mux1729~121|dataa                                                ;
;   5.727  ;   0.576  ; FR ; CELL ; 1      ; LABCELL_X42_Y18_N12       ; u_sys|u_synth|u_l2|form|Mux1729~121|combout                                              ;
;   5.974  ;   0.247  ; RR ; IC   ; 1      ; LABCELL_X42_Y18_N36       ; u_sys|u_synth|u_l2|form|Mux1729~59|datad                                                 ;
;   6.474  ;   0.500  ; RF ; CELL ; 1      ; LABCELL_X42_Y18_N36       ; u_sys|u_synth|u_l2|form|Mux1729~59|combout                                               ;
;   7.384  ;   0.910  ; FF ; IC   ; 1      ; LABCELL_X43_Y21_N21       ; u_sys|u_synth|u_l2|form|Mux1729~63|datae                                                 ;
;   7.684  ;   0.300  ; FF ; CELL ; 1      ; LABCELL_X43_Y21_N21       ; u_sys|u_synth|u_l2|form|Mux1729~63|combout                                               ;
;   8.256  ;   0.572  ; FF ; IC   ; 1      ; LABCELL_X40_Y21_N12       ; u_sys|u_synth|u_l2|form|Mux1729~64|datad                                                 ;
;   8.774  ;   0.518  ; FF ; CELL ; 14     ; LABCELL_X40_Y21_N12       ; u_sys|u_synth|u_l2|form|Mux1729~64|combout                                               ;
;   9.174  ;   0.400  ; FF ; IC   ; 1      ; MLABCELL_X39_Y21_N48      ; u_sys|u_synth|u_l2|form|Mux1799~4|dataf                                                  ;
;   9.271  ;   0.097  ; FR ; CELL ; 15     ; MLABCELL_X39_Y21_N48      ; u_sys|u_synth|u_l2|form|Mux1799~4|combout                                                ;
;   10.334 ;   1.063  ; RR ; IC   ; 1      ; LABCELL_X45_Y22_N18       ; u_sys|u_synth|u_l2|form|Mux1802~15|datad                                                 ;
;   10.834 ;   0.500  ; RF ; CELL ; 2      ; LABCELL_X45_Y22_N18       ; u_sys|u_synth|u_l2|form|Mux1802~15|combout                                               ;
;   12.039 ;   1.205  ; FF ; IC   ; 1      ; LABCELL_X33_Y22_N24       ; u_sys|u_synth|u_l2|form|Mux1836~0|dataf                                                  ;
;   12.124 ;   0.085  ; FF ; CELL ; 2      ; LABCELL_X33_Y22_N24       ; u_sys|u_synth|u_l2|form|Mux1836~0|combout                                                ;
;   12.328 ;   0.204  ; FF ; IC   ; 1      ; LABCELL_X33_Y22_N0        ; u_sys|u_synth|u_l2|form|m_b[10]~9|dataf                                                  ;
;   12.409 ;   0.081  ; FF ; CELL ; 2      ; LABCELL_X33_Y22_N0        ; u_sys|u_synth|u_l2|form|m_b[10]~9|combout                                                ;
;   13.198 ;   0.789  ; FF ; IC   ; 33     ; DSP_X32_Y22_N0            ; u_sys|u_synth|u_l2|form|Mult0~140|ay[10]                                                 ;
;   17.461 ;   4.263  ; FF ; CELL ; 1      ; DSP_X32_Y22_N0            ; u_sys|u_synth|u_l2|form|Mult0~140|resulta[19]                                            ;
;   18.955 ;   1.494  ; FF ; IC   ; 2      ; LABCELL_X31_Y23_N27       ; u_sys|u_synth|u_l2|form|Mult0~105|datac                                                  ;
;   19.789 ;   0.834  ; FF ; CELL ; 1      ; LABCELL_X31_Y23_N27       ; u_sys|u_synth|u_l2|form|Mult0~105|cout                                                   ;
;   19.789 ;   0.000  ; FF ; IC   ; 2      ; LABCELL_X31_Y23_N30       ; u_sys|u_synth|u_l2|form|Mult0~113|cin                                                    ;
;   19.908 ;   0.119  ; FF ; CELL ; 1      ; LABCELL_X31_Y23_N30       ; u_sys|u_synth|u_l2|form|Mult0~113|cout                                                   ;
;   19.908 ;   0.000  ; FF ; IC   ; 2      ; LABCELL_X31_Y23_N33       ; u_sys|u_synth|u_l2|form|Mult0~85|cin                                                     ;
;   19.908 ;   0.000  ; FF ; CELL ; 1      ; LABCELL_X31_Y23_N33       ; u_sys|u_synth|u_l2|form|Mult0~85|cout                                                    ;
;   19.908 ;   0.000  ; FF ; IC   ; 2      ; LABCELL_X31_Y23_N36       ; u_sys|u_synth|u_l2|form|Mult0~93|cin                                                     ;
;   19.954 ;   0.046  ; FF ; CELL ; 1      ; LABCELL_X31_Y23_N36       ; u_sys|u_synth|u_l2|form|Mult0~93|cout                                                    ;
;   19.954 ;   0.000  ; FF ; IC   ; 2      ; LABCELL_X31_Y23_N39       ; u_sys|u_synth|u_l2|form|Mult0~89|cin                                                     ;
;   19.954 ;   0.000  ; FF ; CELL ; 1      ; LABCELL_X31_Y23_N39       ; u_sys|u_synth|u_l2|form|Mult0~89|cout                                                    ;
;   19.954 ;   0.000  ; FF ; IC   ; 2      ; LABCELL_X31_Y23_N42       ; u_sys|u_synth|u_l2|form|Mult0~97|cin                                                     ;
;   20.000 ;   0.046  ; FF ; CELL ; 1      ; LABCELL_X31_Y23_N42       ; u_sys|u_synth|u_l2|form|Mult0~97|cout                                                    ;
;   20.000 ;   0.000  ; FF ; IC   ; 2      ; LABCELL_X31_Y23_N45       ; u_sys|u_synth|u_l2|form|Mult0~117|cin                                                    ;
;   20.000 ;   0.000  ; FF ; CELL ; 1      ; LABCELL_X31_Y23_N45       ; u_sys|u_synth|u_l2|form|Mult0~117|cout                                                   ;
;   20.000 ;   0.000  ; FF ; IC   ; 2      ; LABCELL_X31_Y23_N48       ; u_sys|u_synth|u_l2|form|Mult0~125|cin                                                    ;
;   20.046 ;   0.046  ; FF ; CELL ; 1      ; LABCELL_X31_Y23_N48       ; u_sys|u_synth|u_l2|form|Mult0~125|cout                                                   ;
;   20.046 ;   0.000  ; FF ; IC   ; 2      ; LABCELL_X31_Y23_N51       ; u_sys|u_synth|u_l2|form|Mult0~121|cin                                                    ;
;   20.046 ;   0.000  ; FF ; CELL ; 1      ; LABCELL_X31_Y23_N51       ; u_sys|u_synth|u_l2|form|Mult0~121|cout                                                   ;
;   20.046 ;   0.000  ; FF ; IC   ; 2      ; LABCELL_X31_Y23_N54       ; u_sys|u_synth|u_l2|form|Mult0~129|cin                                                    ;
;   20.089 ;   0.043  ; FF ; CELL ; 1      ; LABCELL_X31_Y23_N54       ; u_sys|u_synth|u_l2|form|Mult0~129|cout                                                   ;
;   20.089 ;   0.000  ; FF ; IC   ; 2      ; LABCELL_X31_Y23_N57       ; u_sys|u_synth|u_l2|form|Mult0~5|cin                                                      ;
;   20.089 ;   0.000  ; FF ; CELL ; 1      ; LABCELL_X31_Y23_N57       ; u_sys|u_synth|u_l2|form|Mult0~5|cout                                                     ;
;   20.089 ;   0.000  ; FF ; IC   ; 2      ; LABCELL_X31_Y22_N0        ; u_sys|u_synth|u_l2|form|Mult0~13|cin                                                     ;
;   20.215 ;   0.126  ; FF ; CELL ; 1      ; LABCELL_X31_Y22_N0        ; u_sys|u_synth|u_l2|form|Mult0~13|cout                                                    ;
;   20.215 ;   0.000  ; FF ; IC   ; 2      ; LABCELL_X31_Y22_N3        ; u_sys|u_synth|u_l2|form|Mult0~9|cin                                                      ;
;   20.215 ;   0.000  ; FF ; CELL ; 1      ; LABCELL_X31_Y22_N3        ; u_sys|u_synth|u_l2|form|Mult0~9|cout                                                     ;
;   20.215 ;   0.000  ; FF ; IC   ; 2      ; LABCELL_X31_Y22_N6        ; u_sys|u_synth|u_l2|form|Mult0~17|cin                                                     ;
;   20.261 ;   0.046  ; FF ; CELL ; 1      ; LABCELL_X31_Y22_N6        ; u_sys|u_synth|u_l2|form|Mult0~17|cout                                                    ;
;   20.261 ;   0.000  ; FF ; IC   ; 2      ; LABCELL_X31_Y22_N9        ; u_sys|u_synth|u_l2|form|Mult0~37|cin                                                     ;
;   20.261 ;   0.000  ; FF ; CELL ; 1      ; LABCELL_X31_Y22_N9        ; u_sys|u_synth|u_l2|form|Mult0~37|cout                                                    ;
;   20.261 ;   0.000  ; FF ; IC   ; 2      ; LABCELL_X31_Y22_N12       ; u_sys|u_synth|u_l2|form|Mult0~45|cin                                                     ;
;   20.307 ;   0.046  ; FF ; CELL ; 1      ; LABCELL_X31_Y22_N12       ; u_sys|u_synth|u_l2|form|Mult0~45|cout                                                    ;
;   20.307 ;   0.000  ; FF ; IC   ; 2      ; LABCELL_X31_Y22_N15       ; u_sys|u_synth|u_l2|form|Mult0~41|cin                                                     ;
;   20.307 ;   0.000  ; FF ; CELL ; 1      ; LABCELL_X31_Y22_N15       ; u_sys|u_synth|u_l2|form|Mult0~41|cout                                                    ;
;   20.307 ;   0.000  ; FF ; IC   ; 2      ; LABCELL_X31_Y22_N18       ; u_sys|u_synth|u_l2|form|Mult0~49|cin                                                     ;
;   20.353 ;   0.046  ; FF ; CELL ; 1      ; LABCELL_X31_Y22_N18       ; u_sys|u_synth|u_l2|form|Mult0~49|cout                                                    ;
;   20.353 ;   0.000  ; FF ; IC   ; 2      ; LABCELL_X31_Y22_N21       ; u_sys|u_synth|u_l2|form|Mult0~21|cin                                                     ;
;   20.353 ;   0.000  ; FF ; CELL ; 1      ; LABCELL_X31_Y22_N21       ; u_sys|u_synth|u_l2|form|Mult0~21|cout                                                    ;
;   20.353 ;   0.000  ; FF ; IC   ; 2      ; LABCELL_X31_Y22_N24       ; u_sys|u_synth|u_l2|form|Mult0~29|cin                                                     ;
;   20.411 ;   0.058  ; FF ; CELL ; 1      ; LABCELL_X31_Y22_N24       ; u_sys|u_synth|u_l2|form|Mult0~29|cout                                                    ;
;   20.411 ;   0.000  ; FF ; IC   ; 2      ; LABCELL_X31_Y22_N27       ; u_sys|u_synth|u_l2|form|Mult0~25|cin                                                     ;
;   20.411 ;   0.000  ; FF ; CELL ; 1      ; LABCELL_X31_Y22_N27       ; u_sys|u_synth|u_l2|form|Mult0~25|cout                                                    ;
;   20.411 ;   0.000  ; FF ; IC   ; 2      ; LABCELL_X31_Y22_N30       ; u_sys|u_synth|u_l2|form|Mult0~33|cin                                                     ;
;   20.832 ;   0.421  ; FF ; CELL ; 4      ; LABCELL_X31_Y22_N30       ; u_sys|u_synth|u_l2|form|Mult0~33|sumout                                                  ;
;   21.746 ;   0.914  ; FF ; IC   ; 1      ; LABCELL_X30_Y25_N48       ; u_sys|u_synth|u_l2|form|ShiftRight1~10|datac                                             ;
;   22.261 ;   0.515  ; FF ; CELL ; 5      ; LABCELL_X30_Y25_N48       ; u_sys|u_synth|u_l2|form|ShiftRight1~10|combout                                           ;
;   23.451 ;   1.190  ; FF ; IC   ; 1      ; LABCELL_X30_Y19_N54       ; u_sys|u_synth|u_l2|form|ShiftRight1~13|datae                                             ;
;   23.671 ;   0.220  ; FF ; CELL ; 2      ; LABCELL_X30_Y19_N54       ; u_sys|u_synth|u_l2|form|ShiftRight1~13|combout                                           ;
;   24.486 ;   0.815  ; FF ; IC   ; 2      ; LABCELL_X29_Y21_N30       ; u_sys|u_synth|u_l2|form|Add0~49|datad                                                    ;
;   25.104 ;   0.618  ; FF ; CELL ; 1      ; LABCELL_X29_Y21_N30       ; u_sys|u_synth|u_l2|form|Add0~49|cout                                                     ;
;   25.104 ;   0.000  ; FF ; IC   ; 2      ; LABCELL_X29_Y21_N33       ; u_sys|u_synth|u_l2|form|Add0~21|cin                                                      ;
;   25.104 ;   0.000  ; FF ; CELL ; 1      ; LABCELL_X29_Y21_N33       ; u_sys|u_synth|u_l2|form|Add0~21|cout                                                     ;
;   25.104 ;   0.000  ; FF ; IC   ; 2      ; LABCELL_X29_Y21_N36       ; u_sys|u_synth|u_l2|form|Add0~69|cin                                                      ;
;   25.465 ;   0.361  ; FF ; CELL ; 1      ; LABCELL_X29_Y21_N36       ; u_sys|u_synth|u_l2|form|Add0~69|sumout                                                   ;
;   26.039 ;   0.574  ; FF ; IC   ; 1      ; MLABCELL_X28_Y21_N24      ; u_sys|u_synth|u_l2|form|Equal26~1|datad                                                  ;
;   26.617 ;   0.578  ; FF ; CELL ; 1      ; MLABCELL_X28_Y21_N24      ; u_sys|u_synth|u_l2|form|Equal26~1|combout                                                ;
;   26.819 ;   0.202  ; FF ; IC   ; 1      ; MLABCELL_X28_Y21_N54      ; u_sys|u_synth|u_l2|form|Equal26~2|dataa                                                  ;
;   27.389 ;   0.570  ; FF ; CELL ; 5      ; MLABCELL_X28_Y21_N54      ; u_sys|u_synth|u_l2|form|Equal26~2|combout                                                ;
;   27.623 ;   0.234  ; FF ; IC   ; 1      ; MLABCELL_X28_Y21_N48      ; u_sys|u_synth|u_l2|form|Mux2111~6|datac                                                  ;
;   28.113 ;   0.490  ; FF ; CELL ; 8      ; MLABCELL_X28_Y21_N48      ; u_sys|u_synth|u_l2|form|Mux2111~6|combout                                                ;
;   29.614 ;   1.501  ; FF ; IC   ; 1      ; LABCELL_X51_Y21_N3        ; u_sys|u_synth|u_l2|form|error_flag~0|dataf                                               ;
;   29.709 ;   0.095  ; FR ; CELL ; 1      ; LABCELL_X51_Y21_N3        ; u_sys|u_synth|u_l2|form|error_flag~0|combout                                             ;
;   29.966 ;   0.257  ; RR ; IC   ; 1      ; FF_X51_Y21_N44            ; u_sys|u_synth|u_l2|form|error_flag|asdata                                                ;
;   30.560 ;   0.594  ; RR ; CELL ; 1      ; FF_X51_Y21_N44            ; wpms_system:u_sys|wpms_synth_top:u_synth|wpms_l2_top:u_l2|wpms_formation:form|error_flag ;
+----------+----------+----+------+--------+---------------------------+------------------------------------------------------------------------------------------+

+-----------------------------------------------------------------------------------------------------------------------------------------------------------------+
; Data Required Path                                                                                                                                              ;
+----------+----------+----+------+--------+---------------------------+------------------------------------------------------------------------------------------+
; Total    ; Incr     ; RF ; Type ; Fanout ; Location                  ; Element                                                                                  ;
+----------+----------+----+------+--------+---------------------------+------------------------------------------------------------------------------------------+
; 20.000   ; 20.000   ;    ;      ;        ;                           ; latch edge time                                                                          ;
; 24.009   ; 4.009    ;    ;      ;        ;                           ; clock path                                                                               ;
;   20.000 ;   0.000  ;    ;      ;        ;                           ; source latency                                                                           ;
;   20.000 ;   0.000  ;    ;      ; 1      ; PIN_V11                   ; FPGA_CLK1_50                                                                             ;
;   20.000 ;   0.000  ; RR ; IC   ; 1      ; IOIBUF_X32_Y0_N1          ; FPGA_CLK1_50~input|i                                                                     ;
;   20.766 ;   0.766  ; RR ; CELL ; 2      ; IOIBUF_X32_Y0_N1          ; FPGA_CLK1_50~input|o                                                                     ;
;   21.929 ;   1.163  ; RR ; IC   ; 1      ; PLLREFCLKSELECT_X0_Y7_N0  ; u_pll_sys|g_intel.g_one.u_pll|general[0].gpll~PLL_REFCLK_SELECT|clkin[0]                 ;
;   22.239 ;   0.310  ; RR ; CELL ; 1      ; PLLREFCLKSELECT_X0_Y7_N0  ; u_pll_sys|g_intel.g_one.u_pll|general[0].gpll~PLL_REFCLK_SELECT|clkout                   ;
;   22.239 ;   0.000  ; RR ; IC   ; 10     ; FRACTIONALPLL_X0_Y1_N0    ; u_pll_sys|g_intel.g_one.u_pll|general[0].gpll~FRACTIONAL_PLL|refclkin                    ;
;   17.144 ;   -5.095 ; RR ; COMP ; 1      ; FRACTIONALPLL_X0_Y1_N0    ; u_pll_sys|g_intel.g_one.u_pll|general[0].gpll~FRACTIONAL_PLL|vcoph[0]                    ;
;   17.144 ;   0.000  ; RR ; IC   ; 1      ; PLLOUTPUTCOUNTER_X0_Y4_N1 ; u_pll_sys|g_intel.g_one.u_pll|general[0].gpll~PLL_OUTPUT_COUNTER|vco0ph[0]               ;
;   18.614 ;   1.470  ; RR ; CELL ; 1      ; PLLOUTPUTCOUNTER_X0_Y4_N1 ; u_pll_sys|g_intel.g_one.u_pll|general[0].gpll~PLL_OUTPUT_COUNTER|divclk                  ;
;   19.554 ;   0.940  ; RR ; IC   ; 1      ; CLKCTRL_G3                ; u_pll_sys|g_intel.g_one.u_pll|outclk_wire[0]~CLKENA0|inclk                               ;
;   19.858 ;   0.304  ; RR ; CELL ; 9864   ; CLKCTRL_G3                ; u_pll_sys|g_intel.g_one.u_pll|outclk_wire[0]~CLKENA0|outclk                              ;
;   21.798 ;   1.940  ; RR ; IC   ; 1      ; FF_X51_Y21_N44            ; u_sys|u_synth|u_l2|form|error_flag|clk                                                   ;
;   22.312 ;   0.514  ; RR ; CELL ; 1      ; FF_X51_Y21_N44            ; wpms_system:u_sys|wpms_synth_top:u_synth|wpms_l2_top:u_l2|wpms_formation:form|error_flag ;
;   24.009 ;   1.697  ;    ;      ;        ;                           ; clock pessimism removed                                                                  ;
; 23.929   ; -0.080   ;    ;      ;        ;                           ; clock uncertainty                                                                        ;
; 23.929   ; 0.000    ;    ; uTsu ; 1      ; FF_X51_Y21_N44            ; wpms_system:u_sys|wpms_synth_top:u_synth|wpms_l2_top:u_l2|wpms_formation:form|error_flag ;
+----------+----------+----+------+--------+---------------------------+------------------------------------------------------------------------------------------+

----------------------------
; Extra Fitter Information ;
----------------------------
HTML report is unavailable in plain text report export.


----------------
; Command Info ;
----------------
Report Timing: Found 1 setup paths (1 violated).  Worst case slack is -2.605 

Tcl Command:
    report_timing -append -setup -file output_files/setup_clk_sys_keys.rpt -panel_name {clk_sys setup: switch} -to [get_registers {*wpms_switch:*}] -to_clock [get_clocks {*u_pll_sys*PLL_OUTPUT_COUNTER*}] -npaths 1 -detail full_path

Options:
    -to [get_registers {*wpms_switch:*}] 
    -to_clock [get_clocks {*u_pll_sys*PLL_OUTPUT_COUNTER*}] 
    -setup 
    -npaths 1 
    -detail full_path 
    -panel_name {clk_sys setup: switch} 
    -file {output_files/setup_clk_sys_keys.rpt} 
    -append 

Delay Model:
    Slow 1100mV 85C Model

+-------------------------------------------------------------------------------------------------------------------------------------------------------------------------------------------------------------------------------------------------------------------------------------------------+
; Summary of Paths                                                                                                                                                                                                                                                                                ;
+--------+-------------------------------------------+-----------------------------------------------+-------------------------------------------------------------------------+-------------------------------------------------------------------------+--------------+------------+------------+
; Slack  ; From Node                                 ; To Node                                       ; Launch Clock                                                            ; Latch Clock                                                             ; Relationship ; Clock Skew ; Data Delay ;
+--------+-------------------------------------------+-----------------------------------------------+-------------------------------------------------------------------------+-------------------------------------------------------------------------+--------------+------------+------------+
; -2.605 ; wpms_system:u_sys|wpms_switch:u_sw|x_a[2] ; wpms_system:u_sys|wpms_switch:u_sw|n_fu_v[15] ; u_pll_sys|g_intel.g_one.u_pll|general[0].gpll~PLL_OUTPUT_COUNTER|divclk ; u_pll_sys|g_intel.g_one.u_pll|general[0].gpll~PLL_OUTPUT_COUNTER|divclk ; 20.000       ; -0.591     ; 21.934     ;
+--------+-------------------------------------------+-----------------------------------------------+-------------------------------------------------------------------------+-------------------------------------------------------------------------+--------------+------------+------------+

Path #1: Setup slack is -2.605 (VIOLATED)
===============================================================================
+----------------------------------------------------------------------------------------------+
; Path Summary                                                                                 ;
+--------------------+-------------------------------------------------------------------------+
; Property           ; Value                                                                   ;
+--------------------+-------------------------------------------------------------------------+
; From Node          ; wpms_system:u_sys|wpms_switch:u_sw|x_a[2]                               ;
; To Node            ; wpms_system:u_sys|wpms_switch:u_sw|n_fu_v[15]                           ;
; Launch Clock       ; u_pll_sys|g_intel.g_one.u_pll|general[0].gpll~PLL_OUTPUT_COUNTER|divclk ;
; Latch Clock        ; u_pll_sys|g_intel.g_one.u_pll|general[0].gpll~PLL_OUTPUT_COUNTER|divclk ;
; Data Arrival Time  ; 26.473                                                                  ;
; Data Required Time ; 23.868                                                                  ;
; Slack              ; -2.605 (VIOLATED)                                                       ;
+--------------------+-------------------------------------------------------------------------+

+--------------------------------------------------------------------------------------+
; Statistics                                                                           ;
+------------------------+--------+-------+-------------+------------+--------+--------+
; Property               ; Value  ; Count ; Total Delay ; % of Total ; Min    ; Max    ;
+------------------------+--------+-------+-------------+------------+--------+--------+
; Setup Relationship     ; 20.000 ;       ;             ;            ;        ;        ;
; Clock Skew             ; -0.591 ;       ;             ;            ;        ;        ;
; Data Delay             ; 21.934 ;       ;             ;            ;        ;        ;
; Number of Logic Levels ;        ; 16    ;             ;            ;        ;        ;
; Physical Delays        ;        ;       ;             ;            ;        ;        ;
;  Arrival Path          ;        ;       ;             ;            ;        ;        ;
;   Clock                ;        ;       ;             ;            ;        ;        ;
;    IC                  ;        ; 6     ; 4.738       ; 56         ; 0.000  ; 2.408  ;
;    Cell                ;        ; 5     ; 3.742       ; 44         ; 0.329  ; 1.738  ;
;    PLL Compensation    ;        ; 1     ; -3.941      ; 0          ; -3.941 ; -3.941 ;
;   Data                 ;        ;       ;             ;            ;        ;        ;
;    IC                  ;        ; 22    ; 12.397      ; 57         ; 0.000  ; 1.857  ;
;    Cell                ;        ; 23    ; 9.537       ; 43         ; 0.000  ; 1.036  ;
;    uTco                ;        ; 1     ; 0.000       ; 0          ; 0.000  ; 0.000  ;
;  Required Path         ;        ;       ;             ;            ;        ;        ;
;   Clock                ;        ;       ;             ;            ;        ;        ;
;    IC                  ;        ; 6     ; 4.000       ; 54         ; 0.000  ; 1.897  ;
;    Cell                ;        ; 5     ; 3.346       ; 46         ; 0.304  ; 1.470  ;
;    PLL Compensation    ;        ; 1     ; -5.095      ; 0          ; -5.095 ; -5.095 ;
+------------------------+--------+-------+-------------+------------+--------+--------+
Note: Negative delays are omitted from totals when calculating percentages

+---------------------------------------------------------------------------------------------------------------------------------------------------+
; Data Arrival Path                                                                                                                                 ;
+----------+----------+----+------+--------+---------------------------+----------------------------------------------------------------------------+
; Total    ; Incr     ; RF ; Type ; Fanout ; Location                  ; Element                                                                    ;
+----------+----------+----+------+--------+---------------------------+----------------------------------------------------------------------------+
; 0.000    ; 0.000    ;    ;      ;        ;                           ; launch edge time                                                           ;
; 4.539    ; 4.539    ;    ;      ;        ;                           ; clock path                                                                 ;
;   0.000  ;   0.000  ;    ;      ;        ;                           ; source latency                                                             ;
;   0.000  ;   0.000  ;    ;      ; 1      ; PIN_V11                   ; FPGA_CLK1_50                                                               ;
;   0.000  ;   0.000  ; RR ; IC   ; 1      ; IOIBUF_X32_Y0_N1          ; FPGA_CLK1_50~input|i                                                       ;
;   0.766  ;   0.766  ; RR ; CELL ; 2      ; IOIBUF_X32_Y0_N1          ; FPGA_CLK1_50~input|o                                                       ;
;   2.087  ;   1.321  ; RR ; IC   ; 1      ; PLLREFCLKSELECT_X0_Y7_N0  ; u_pll_sys|g_intel.g_one.u_pll|general[0].gpll~PLL_REFCLK_SELECT|clkin[0]   ;
;   2.420  ;   0.333  ; RR ; CELL ; 1      ; PLLREFCLKSELECT_X0_Y7_N0  ; u_pll_sys|g_intel.g_one.u_pll|general[0].gpll~PLL_REFCLK_SELECT|clkout     ;
;   2.420  ;   0.000  ; RR ; IC   ; 10     ; FRACTIONALPLL_X0_Y1_N0    ; u_pll_sys|g_intel.g_one.u_pll|general[0].gpll~FRACTIONAL_PLL|refclkin      ;
;   -1.521 ;   -3.941 ; RR ; COMP ; 1      ; FRACTIONALPLL_X0_Y1_N0    ; u_pll_sys|g_intel.g_one.u_pll|general[0].gpll~FRACTIONAL_PLL|vcoph[0]      ;
;   -1.521 ;   0.000  ; RR ; IC   ; 1      ; PLLOUTPUTCOUNTER_X0_Y4_N1 ; u_pll_sys|g_intel.g_one.u_pll|general[0].gpll~PLL_OUTPUT_COUNTER|vco0ph[0] ;
;   0.217  ;   1.738  ; RR ; CELL ; 1      ; PLLOUTPUTCOUNTER_X0_Y4_N1 ; u_pll_sys|g_intel.g_one.u_pll|general[0].gpll~PLL_OUTPUT_COUNTER|divclk    ;
;   1.226  ;   1.009  ; RR ; IC   ; 1      ; CLKCTRL_G3                ; u_pll_sys|g_intel.g_one.u_pll|outclk_wire[0]~CLKENA0|inclk                 ;
;   1.555  ;   0.329  ; RR ; CELL ; 9864   ; CLKCTRL_G3                ; u_pll_sys|g_intel.g_one.u_pll|outclk_wire[0]~CLKENA0|outclk                ;
;   3.963  ;   2.408  ; RR ; IC   ; 1      ; FF_X16_Y38_N46            ; u_sys|u_sw|x_a[2]|clk                                                      ;
;   4.539  ;   0.576  ; RR ; CELL ; 1      ; FF_X16_Y38_N46            ; wpms_system:u_sys|wpms_switch:u_sw|x_a[2]                                  ;
; 26.473   ; 21.934   ;    ;      ;        ;                           ; data path                                                                  ;
;   4.539  ;   0.000  ;    ; uTco ; 1      ; FF_X16_Y38_N46            ; wpms_system:u_sys|wpms_switch:u_sw|x_a[2]                                  ;
;   4.539  ;   0.000  ; FF ; CELL ; 51     ; FF_X16_Y38_N46            ; u_sys|u_sw|x_a[2]|q                                                        ;
;   5.616  ;   1.077  ; FF ; IC   ; 1      ; LABCELL_X16_Y36_N24       ; u_sys|u_sw|xb[2]~7|dataf                                                   ;
;   5.700  ;   0.084  ; FF ; CELL ; 9      ; LABCELL_X16_Y36_N24       ; u_sys|u_sw|xb[2]~7|combout                                                 ;
;   6.041  ;   0.341  ; FF ; IC   ; 1      ; LABCELL_X16_Y36_N9        ; u_sys|u_sw|xb[2]~8|datac                                                   ;
;   6.532  ;   0.491  ; FF ; CELL ; 144    ; LABCELL_X16_Y36_N9        ; u_sys|u_sw|xb[2]~8|combout                                                 ;
;   6.746  ;   0.214  ; FF ; IC   ; 1      ; LABCELL_X16_Y36_N42       ; u_sys|u_sw|Mux0~4|datab                                                    ;
;   7.326  ;   0.580  ; FR ; CELL ; 1      ; LABCELL_X16_Y36_N42       ; u_sys|u_sw|Mux0~4|combout                                                  ;
;   7.564  ;   0.238  ; RR ; IC   ; 1      ; LABCELL_X16_Y36_N0        ; u_sys|u_sw|Mux0~0|dataf                                                    ;
;   7.657  ;   0.093  ; RR ; CELL ; 44     ; LABCELL_X16_Y36_N0        ; u_sys|u_sw|Mux0~0|combout                                                  ;
;   8.487  ;   0.830  ; RR ; IC   ; 1      ; LABCELL_X12_Y36_N30       ; u_sys|u_sw|always2~3|datae                                                 ;
;   8.739  ;   0.252  ; RR ; CELL ; 1      ; LABCELL_X12_Y36_N30       ; u_sys|u_sw|always2~3|combout                                               ;
;   8.961  ;   0.222  ; RR ; IC   ; 1      ; LABCELL_X12_Y36_N6        ; u_sys|u_sw|always2~5|datab                                                 ;
;   9.554  ;   0.593  ; RF ; CELL ; 13     ; LABCELL_X12_Y36_N6        ; u_sys|u_sw|always2~5|combout                                               ;
;   10.551 ;   0.997  ; FF ; IC   ; 1      ; LABCELL_X13_Y37_N21       ; u_sys|u_sw|n_nx_v[87]~53|datac                                             ;
;   11.070 ;   0.519  ; FF ; CELL ; 9      ; LABCELL_X13_Y37_N21       ; u_sys|u_sw|n_nx_v[87]~53|combout                                           ;
;   12.701 ;   1.631  ; FF ; IC   ; 1      ; LABCELL_X16_Y32_N21       ; u_sys|u_sw|Mux56~2|datac                                                   ;
;   13.188 ;   0.487  ; FF ; CELL ; 2      ; LABCELL_X16_Y32_N21       ; u_sys|u_sw|Mux56~2|combout                                                 ;
;   13.403 ;   0.215  ; FF ; IC   ; 1      ; LABCELL_X16_Y32_N24       ; u_sys|u_sw|Mux56~5|datac                                                   ;
;   13.913 ;   0.510  ; FF ; CELL ; 2      ; LABCELL_X16_Y32_N24       ; u_sys|u_sw|Mux56~5|combout                                                 ;
;   14.935 ;   1.022  ; FF ; IC   ; 1      ; LABCELL_X17_Y30_N48       ; u_sys|u_sw|gt[67]~214|dataf                                                ;
;   15.016 ;   0.081  ; FF ; CELL ; 1      ; LABCELL_X17_Y30_N48       ; u_sys|u_sw|gt[67]~214|combout                                              ;
;   15.690 ;   0.674  ; FF ; IC   ; 2      ; LABCELL_X18_Y31_N21       ; u_sys|u_sw|Add11~37|dataf                                                  ;
;   16.726 ;   1.036  ; FF ; CELL ; 1      ; LABCELL_X18_Y31_N21       ; u_sys|u_sw|Add11~37|cout                                                   ;
;   16.726 ;   0.000  ; FF ; IC   ; 2      ; LABCELL_X18_Y31_N24       ; u_sys|u_sw|Add11~29|cin                                                    ;
;   17.095 ;   0.369  ; FF ; CELL ; 1      ; LABCELL_X18_Y31_N24       ; u_sys|u_sw|Add11~29|sumout                                                 ;
;   18.280 ;   1.185  ; FF ; IC   ; 3      ; MLABCELL_X21_Y35_N24      ; u_sys|u_sw|Add8~29|dataa                                                   ;
;   18.679 ;   0.399  ; FF ; CELL ; 1      ; MLABCELL_X21_Y35_N24      ; u_sys|u_sw|Add8~29|shareout                                                ;
;   18.679 ;   0.000  ; FF ; IC   ; 2      ; MLABCELL_X21_Y35_N27      ; u_sys|u_sw|Add8~25|sharein                                                 ;
;   19.499 ;   0.820  ; FR ; CELL ; 1      ; MLABCELL_X21_Y35_N27      ; u_sys|u_sw|Add8~25|sumout                                                  ;
;   19.982 ;   0.483  ; RR ; IC   ; 2      ; LABCELL_X22_Y35_N27       ; u_sys|u_sw|Add12~25|datac                                                  ;
;   20.856 ;   0.874  ; RR ; CELL ; 1      ; LABCELL_X22_Y35_N27       ; u_sys|u_sw|Add12~25|cout                                                   ;
;   20.856 ;   0.000  ; RR ; IC   ; 2      ; LABCELL_X22_Y35_N30       ; u_sys|u_sw|Add12~57|cin                                                    ;
;   20.956 ;   0.100  ; RR ; CELL ; 1      ; LABCELL_X22_Y35_N30       ; u_sys|u_sw|Add12~57|cout                                                   ;
;   20.956 ;   0.000  ; RR ; IC   ; 2      ; LABCELL_X22_Y35_N33       ; u_sys|u_sw|Add12~53|cin                                                    ;
;   20.956 ;   0.000  ; RR ; CELL ; 1      ; LABCELL_X22_Y35_N33       ; u_sys|u_sw|Add12~53|cout                                                   ;
;   20.956 ;   0.000  ; RR ; IC   ; 2      ; LABCELL_X22_Y35_N36       ; u_sys|u_sw|Add12~49|cin                                                    ;
;   21.304 ;   0.348  ; RR ; CELL ; 4      ; LABCELL_X22_Y35_N36       ; u_sys|u_sw|Add12~49|sumout                                                 ;
;   21.808 ;   0.504  ; RR ; IC   ; 1      ; LABCELL_X23_Y35_N42       ; u_sys|u_sw|go_bad~54|dataa                                                 ;
;   22.403 ;   0.595  ; RF ; CELL ; 4      ; LABCELL_X23_Y35_N42       ; u_sys|u_sw|go_bad~54|combout                                               ;
;   23.098 ;   0.695  ; FF ; IC   ; 1      ; LABCELL_X18_Y35_N45       ; u_sys|u_sw|fire_now~1|dataf                                                ;
;   23.181 ;   0.083  ; FF ; CELL ; 10     ; LABCELL_X18_Y35_N45       ; u_sys|u_sw|fire_now~1|combout                                              ;
;   23.393 ;   0.212  ; FF ; IC   ; 1      ; LABCELL_X18_Y35_N39       ; u_sys|u_sw|n_fu_v[73]~0|datac                                              ;
;   23.910 ;   0.517  ; FF ; CELL ; 173    ; LABCELL_X18_Y35_N39       ; u_sys|u_sw|n_fu_v[73]~0|combout                                            ;
;   25.767 ;   1.857  ; FF ; IC   ; 1      ; FF_X17_Y34_N14            ; u_sys|u_sw|n_fu_v[15]|ena                                                  ;
;   26.473 ;   0.706  ; FF ; CELL ; 1      ; FF_X17_Y34_N14            ; wpms_system:u_sys|wpms_switch:u_sw|n_fu_v[15]                              ;
+----------+----------+----+------+--------+---------------------------+----------------------------------------------------------------------------+

+---------------------------------------------------------------------------------------------------------------------------------------------------+
; Data Required Path                                                                                                                                ;
+----------+----------+----+------+--------+---------------------------+----------------------------------------------------------------------------+
; Total    ; Incr     ; RF ; Type ; Fanout ; Location                  ; Element                                                                    ;
+----------+----------+----+------+--------+---------------------------+----------------------------------------------------------------------------+
; 20.000   ; 20.000   ;    ;      ;        ;                           ; latch edge time                                                            ;
; 23.948   ; 3.948    ;    ;      ;        ;                           ; clock path                                                                 ;
;   20.000 ;   0.000  ;    ;      ;        ;                           ; source latency                                                             ;
;   20.000 ;   0.000  ;    ;      ; 1      ; PIN_V11                   ; FPGA_CLK1_50                                                               ;
;   20.000 ;   0.000  ; RR ; IC   ; 1      ; IOIBUF_X32_Y0_N1          ; FPGA_CLK1_50~input|i                                                       ;
;   20.766 ;   0.766  ; RR ; CELL ; 2      ; IOIBUF_X32_Y0_N1          ; FPGA_CLK1_50~input|o                                                       ;
;   21.929 ;   1.163  ; RR ; IC   ; 1      ; PLLREFCLKSELECT_X0_Y7_N0  ; u_pll_sys|g_intel.g_one.u_pll|general[0].gpll~PLL_REFCLK_SELECT|clkin[0]   ;
;   22.239 ;   0.310  ; RR ; CELL ; 1      ; PLLREFCLKSELECT_X0_Y7_N0  ; u_pll_sys|g_intel.g_one.u_pll|general[0].gpll~PLL_REFCLK_SELECT|clkout     ;
;   22.239 ;   0.000  ; RR ; IC   ; 10     ; FRACTIONALPLL_X0_Y1_N0    ; u_pll_sys|g_intel.g_one.u_pll|general[0].gpll~FRACTIONAL_PLL|refclkin      ;
;   17.144 ;   -5.095 ; RR ; COMP ; 1      ; FRACTIONALPLL_X0_Y1_N0    ; u_pll_sys|g_intel.g_one.u_pll|general[0].gpll~FRACTIONAL_PLL|vcoph[0]      ;
;   17.144 ;   0.000  ; RR ; IC   ; 1      ; PLLOUTPUTCOUNTER_X0_Y4_N1 ; u_pll_sys|g_intel.g_one.u_pll|general[0].gpll~PLL_OUTPUT_COUNTER|vco0ph[0] ;
;   18.614 ;   1.470  ; RR ; CELL ; 1      ; PLLOUTPUTCOUNTER_X0_Y4_N1 ; u_pll_sys|g_intel.g_one.u_pll|general[0].gpll~PLL_OUTPUT_COUNTER|divclk    ;
;   19.554 ;   0.940  ; RR ; IC   ; 1      ; CLKCTRL_G3                ; u_pll_sys|g_intel.g_one.u_pll|outclk_wire[0]~CLKENA0|inclk                 ;
;   19.858 ;   0.304  ; RR ; CELL ; 9864   ; CLKCTRL_G3                ; u_pll_sys|g_intel.g_one.u_pll|outclk_wire[0]~CLKENA0|outclk                ;
;   21.755 ;   1.897  ; RR ; IC   ; 1      ; FF_X17_Y34_N14            ; u_sys|u_sw|n_fu_v[15]|clk                                                  ;
;   22.251 ;   0.496  ; RR ; CELL ; 1      ; FF_X17_Y34_N14            ; wpms_system:u_sys|wpms_switch:u_sw|n_fu_v[15]                              ;
;   23.948 ;   1.697  ;    ;      ;        ;                           ; clock pessimism removed                                                    ;
; 23.868   ; -0.080   ;    ;      ;        ;                           ; clock uncertainty                                                          ;
; 23.868   ; 0.000    ;    ; uTsu ; 1      ; FF_X17_Y34_N14            ; wpms_system:u_sys|wpms_switch:u_sw|n_fu_v[15]                              ;
+----------+----------+----+------+--------+---------------------------+----------------------------------------------------------------------------+

----------------------------
; Extra Fitter Information ;
----------------------------
HTML report is unavailable in plain text report export.


----------------
; Command Info ;
----------------
Report Timing: Found 1 setup paths (0 violated).  Worst case slack is 7.789 

Tcl Command:
    report_timing -append -setup -file output_files/setup_clk_sys_keys.rpt -panel_name {clk_sys setup: sequencer} -to [get_registers {*wpms_sequencer:*}] -to_clock [get_clocks {*u_pll_sys*PLL_OUTPUT_COUNTER*}] -npaths 1 -detail full_path

Options:
    -to [get_registers {*wpms_sequencer:*}] 
    -to_clock [get_clocks {*u_pll_sys*PLL_OUTPUT_COUNTER*}] 
    -setup 
    -npaths 1 
    -detail full_path 
    -panel_name {clk_sys setup: sequencer} 
    -file {output_files/setup_clk_sys_keys.rpt} 
    -append 

Delay Model:
    Slow 1100mV 85C Model

+---------------------------------------------------------------------------------------------------------------------------------------------------------------------------------------------------------------------------------------------------------------------------------------------------------------------------------------------------------------------------------------------+
; Summary of Paths                                                                                                                                                                                                                                                                                                                                                                            ;
+-------+----------------------------------------------------------------------------------------+-----------------------------------------------------------------------------------------------+-------------------------------------------------------------------------+-------------------------------------------------------------------------+--------------+------------+------------+
; Slack ; From Node                                                                              ; To Node                                                                                       ; Launch Clock                                                            ; Latch Clock                                                             ; Relationship ; Clock Skew ; Data Delay ;
+-------+----------------------------------------------------------------------------------------+-----------------------------------------------------------------------------------------------+-------------------------------------------------------------------------+-------------------------------------------------------------------------+--------------+------------+------------+
; 7.789 ; wpms_system:u_sys|wpms_synth_top:u_synth|wpms_l2_top:u_l2|wpms_sequencer:seq|k_prev[6] ; wpms_system:u_sys|wpms_synth_top:u_synth|wpms_l2_top:u_l2|wpms_sequencer:seq|q_r[3]~DUPLICATE ; u_pll_sys|g_intel.g_one.u_pll|general[0].gpll~PLL_OUTPUT_COUNTER|divclk ; u_pll_sys|g_intel.g_one.u_pll|general[0].gpll~PLL_OUTPUT_COUNTER|divclk ; 20.000       ; -0.526     ; 11.605     ;
+-------+----------------------------------------------------------------------------------------+-----------------------------------------------------------------------------------------------+-------------------------------------------------------------------------+-------------------------------------------------------------------------+--------------+------------+------------+

Path #1: Setup slack is 7.789 
===============================================================================
+--------------------------------------------------------------------------------------------------------------------+
; Path Summary                                                                                                       ;
+--------------------+-----------------------------------------------------------------------------------------------+
; Property           ; Value                                                                                         ;
+--------------------+-----------------------------------------------------------------------------------------------+
; From Node          ; wpms_system:u_sys|wpms_synth_top:u_synth|wpms_l2_top:u_l2|wpms_sequencer:seq|k_prev[6]        ;
; To Node            ; wpms_system:u_sys|wpms_synth_top:u_synth|wpms_l2_top:u_l2|wpms_sequencer:seq|q_r[3]~DUPLICATE ;
; Launch Clock       ; u_pll_sys|g_intel.g_one.u_pll|general[0].gpll~PLL_OUTPUT_COUNTER|divclk                       ;
; Latch Clock        ; u_pll_sys|g_intel.g_one.u_pll|general[0].gpll~PLL_OUTPUT_COUNTER|divclk                       ;
; Data Arrival Time  ; 16.092                                                                                        ;
; Data Required Time ; 23.881                                                                                        ;
; Slack              ; 7.789                                                                                         ;
+--------------------+-----------------------------------------------------------------------------------------------+

+--------------------------------------------------------------------------------------+
; Statistics                                                                           ;
+------------------------+--------+-------+-------------+------------+--------+--------+
; Property               ; Value  ; Count ; Total Delay ; % of Total ; Min    ; Max    ;
+------------------------+--------+-------+-------------+------------+--------+--------+
; Setup Relationship     ; 20.000 ;       ;             ;            ;        ;        ;
; Clock Skew             ; -0.526 ;       ;             ;            ;        ;        ;
; Data Delay             ; 11.605 ;       ;             ;            ;        ;        ;
; Number of Logic Levels ;        ; 5     ;             ;            ;        ;        ;
; Physical Delays        ;        ;       ;             ;            ;        ;        ;
;  Arrival Path          ;        ;       ;             ;            ;        ;        ;
;   Clock                ;        ;       ;             ;            ;        ;        ;
;    IC                  ;        ; 6     ; 4.698       ; 56         ; 0.000  ; 2.368  ;
;    Cell                ;        ; 5     ; 3.730       ; 44         ; 0.329  ; 1.738  ;
;    PLL Compensation    ;        ; 1     ; -3.941      ; 0          ; -3.941 ; -3.941 ;
;   Data                 ;        ;       ;             ;            ;        ;        ;
;    IC                  ;        ; 6     ; 9.104       ; 78         ; 0.228  ; 2.501  ;
;    Cell                ;        ; 7     ; 2.501       ; 22         ; 0.000  ; 0.693  ;
;    uTco                ;        ; 1     ; 0.000       ; 0          ; 0.000  ; 0.000  ;
;  Required Path         ;        ;       ;             ;            ;        ;        ;
;   Clock                ;        ;       ;             ;            ;        ;        ;
;    IC                  ;        ; 6     ; 4.022       ; 55         ; 0.000  ; 1.919  ;
;    Cell                ;        ; 5     ; 3.337       ; 45         ; 0.304  ; 1.470  ;
;    PLL Compensation    ;        ; 1     ; -5.095      ; 0          ; -5.095 ; -5.095 ;
+------------------------+--------+-------+-------------+------------+--------+--------+
Note: Negative delays are omitted from totals when calculating percentages

+----------------------------------------------------------------------------------------------------------------------------------------------------------------------+
; Data Arrival Path                                                                                                                                                    ;
+----------+----------+----+------+--------+---------------------------+-----------------------------------------------------------------------------------------------+
; Total    ; Incr     ; RF ; Type ; Fanout ; Location                  ; Element                                                                                       ;
+----------+----------+----+------+--------+---------------------------+-----------------------------------------------------------------------------------------------+
; 0.000    ; 0.000    ;    ;      ;        ;                           ; launch edge time                                                                              ;
; 4.487    ; 4.487    ;    ;      ;        ;                           ; clock path                                                                                    ;
;   0.000  ;   0.000  ;    ;      ;        ;                           ; source latency                                                                                ;
;   0.000  ;   0.000  ;    ;      ; 1      ; PIN_V11                   ; FPGA_CLK1_50                                                                                  ;
;   0.000  ;   0.000  ; RR ; IC   ; 1      ; IOIBUF_X32_Y0_N1          ; FPGA_CLK1_50~input|i                                                                          ;
;   0.766  ;   0.766  ; RR ; CELL ; 2      ; IOIBUF_X32_Y0_N1          ; FPGA_CLK1_50~input|o                                                                          ;
;   2.087  ;   1.321  ; RR ; IC   ; 1      ; PLLREFCLKSELECT_X0_Y7_N0  ; u_pll_sys|g_intel.g_one.u_pll|general[0].gpll~PLL_REFCLK_SELECT|clkin[0]                      ;
;   2.420  ;   0.333  ; RR ; CELL ; 1      ; PLLREFCLKSELECT_X0_Y7_N0  ; u_pll_sys|g_intel.g_one.u_pll|general[0].gpll~PLL_REFCLK_SELECT|clkout                        ;
;   2.420  ;   0.000  ; RR ; IC   ; 10     ; FRACTIONALPLL_X0_Y1_N0    ; u_pll_sys|g_intel.g_one.u_pll|general[0].gpll~FRACTIONAL_PLL|refclkin                         ;
;   -1.521 ;   -3.941 ; RR ; COMP ; 1      ; FRACTIONALPLL_X0_Y1_N0    ; u_pll_sys|g_intel.g_one.u_pll|general[0].gpll~FRACTIONAL_PLL|vcoph[0]                         ;
;   -1.521 ;   0.000  ; RR ; IC   ; 1      ; PLLOUTPUTCOUNTER_X0_Y4_N1 ; u_pll_sys|g_intel.g_one.u_pll|general[0].gpll~PLL_OUTPUT_COUNTER|vco0ph[0]                    ;
;   0.217  ;   1.738  ; RR ; CELL ; 1      ; PLLOUTPUTCOUNTER_X0_Y4_N1 ; u_pll_sys|g_intel.g_one.u_pll|general[0].gpll~PLL_OUTPUT_COUNTER|divclk                       ;
;   1.226  ;   1.009  ; RR ; IC   ; 1      ; CLKCTRL_G3                ; u_pll_sys|g_intel.g_one.u_pll|outclk_wire[0]~CLKENA0|inclk                                    ;
;   1.555  ;   0.329  ; RR ; CELL ; 9864   ; CLKCTRL_G3                ; u_pll_sys|g_intel.g_one.u_pll|outclk_wire[0]~CLKENA0|outclk                                   ;
;   3.923  ;   2.368  ; RR ; IC   ; 1      ; FF_X27_Y13_N31            ; u_sys|u_synth|u_l2|seq|k_prev[6]|clk                                                          ;
;   4.487  ;   0.564  ; RR ; CELL ; 1      ; FF_X27_Y13_N31            ; wpms_system:u_sys|wpms_synth_top:u_synth|wpms_l2_top:u_l2|wpms_sequencer:seq|k_prev[6]        ;
; 16.092   ; 11.605   ;    ;      ;        ;                           ; data path                                                                                     ;
;   4.487  ;   0.000  ;    ; uTco ; 1      ; FF_X27_Y13_N31            ; wpms_system:u_sys|wpms_synth_top:u_synth|wpms_l2_top:u_l2|wpms_sequencer:seq|k_prev[6]        ;
;   4.487  ;   0.000  ; RR ; CELL ; 2      ; FF_X27_Y13_N31            ; u_sys|u_synth|u_l2|seq|k_prev[6]|q                                                            ;
;   5.356  ;   0.869  ; RR ; IC   ; 1      ; LABCELL_X30_Y14_N48       ; u_sys|u_synth|u_l2|seq|det~3|dataf                                                            ;
;   5.450  ;   0.094  ; RF ; CELL ; 1      ; LABCELL_X30_Y14_N48       ; u_sys|u_synth|u_l2|seq|det~3|combout                                                          ;
;   5.678  ;   0.228  ; FF ; IC   ; 1      ; LABCELL_X30_Y14_N12       ; u_sys|u_synth|u_l2|seq|det~4|datac                                                            ;
;   6.184  ;   0.506  ; FF ; CELL ; 1      ; LABCELL_X30_Y14_N12       ; u_sys|u_synth|u_l2|seq|det~4|combout                                                          ;
;   8.584  ;   2.400  ; FF ; IC   ; 1      ; LABCELL_X55_Y19_N54       ; u_sys|u_synth|u_l2|seq|det|dataa                                                              ;
;   9.159  ;   0.575  ; FR ; CELL ; 23     ; LABCELL_X55_Y19_N54       ; u_sys|u_synth|u_l2|seq|det|combout                                                            ;
;   11.660 ;   2.501  ; RR ; IC   ; 1      ; LABCELL_X27_Y31_N54       ; u_sys|u_synth|u_l2|seq|seq_q[0]~0|dataf                                                       ;
;   11.756 ;   0.096  ; RF ; CELL ; 10     ; LABCELL_X27_Y31_N54       ; u_sys|u_synth|u_l2|seq|seq_q[0]~0|combout                                                     ;
;   13.340 ;   1.584  ; FF ; IC   ; 1      ; LABCELL_X37_Y33_N33       ; u_sys|u_synth|u_l2|seq|q_r[0]~1|datab                                                         ;
;   13.877 ;   0.537  ; FF ; CELL ; 7      ; LABCELL_X37_Y33_N33       ; u_sys|u_synth|u_l2|seq|q_r[0]~1|combout                                                       ;
;   15.399 ;   1.522  ; FF ; IC   ; 1      ; FF_X27_Y31_N59            ; u_sys|u_synth|u_l2|seq|q_r[3]~DUPLICATE|ena                                                   ;
;   16.092 ;   0.693  ; FF ; CELL ; 1      ; FF_X27_Y31_N59            ; wpms_system:u_sys|wpms_synth_top:u_synth|wpms_l2_top:u_l2|wpms_sequencer:seq|q_r[3]~DUPLICATE ;
+----------+----------+----+------+--------+---------------------------+-----------------------------------------------------------------------------------------------+

+----------------------------------------------------------------------------------------------------------------------------------------------------------------------+
; Data Required Path                                                                                                                                                   ;
+----------+----------+----+------+--------+---------------------------+-----------------------------------------------------------------------------------------------+
; Total    ; Incr     ; RF ; Type ; Fanout ; Location                  ; Element                                                                                       ;
+----------+----------+----+------+--------+---------------------------+-----------------------------------------------------------------------------------------------+
; 20.000   ; 20.000   ;    ;      ;        ;                           ; latch edge time                                                                               ;
; 23.961   ; 3.961    ;    ;      ;        ;                           ; clock path                                                                                    ;
;   20.000 ;   0.000  ;    ;      ;        ;                           ; source latency                                                                                ;
;   20.000 ;   0.000  ;    ;      ; 1      ; PIN_V11                   ; FPGA_CLK1_50                                                                                  ;
;   20.000 ;   0.000  ; RR ; IC   ; 1      ; IOIBUF_X32_Y0_N1          ; FPGA_CLK1_50~input|i                                                                          ;
;   20.766 ;   0.766  ; RR ; CELL ; 2      ; IOIBUF_X32_Y0_N1          ; FPGA_CLK1_50~input|o                                                                          ;
;   21.929 ;   1.163  ; RR ; IC   ; 1      ; PLLREFCLKSELECT_X0_Y7_N0  ; u_pll_sys|g_intel.g_one.u_pll|general[0].gpll~PLL_REFCLK_SELECT|clkin[0]                      ;
;   22.239 ;   0.310  ; RR ; CELL ; 1      ; PLLREFCLKSELECT_X0_Y7_N0  ; u_pll_sys|g_intel.g_one.u_pll|general[0].gpll~PLL_REFCLK_SELECT|clkout                        ;
;   22.239 ;   0.000  ; RR ; IC   ; 10     ; FRACTIONALPLL_X0_Y1_N0    ; u_pll_sys|g_intel.g_one.u_pll|general[0].gpll~FRACTIONAL_PLL|refclkin                         ;
;   17.144 ;   -5.095 ; RR ; COMP ; 1      ; FRACTIONALPLL_X0_Y1_N0    ; u_pll_sys|g_intel.g_one.u_pll|general[0].gpll~FRACTIONAL_PLL|vcoph[0]                         ;
;   17.144 ;   0.000  ; RR ; IC   ; 1      ; PLLOUTPUTCOUNTER_X0_Y4_N1 ; u_pll_sys|g_intel.g_one.u_pll|general[0].gpll~PLL_OUTPUT_COUNTER|vco0ph[0]                    ;
;   18.614 ;   1.470  ; RR ; CELL ; 1      ; PLLOUTPUTCOUNTER_X0_Y4_N1 ; u_pll_sys|g_intel.g_one.u_pll|general[0].gpll~PLL_OUTPUT_COUNTER|divclk                       ;
;   19.554 ;   0.940  ; RR ; IC   ; 1      ; CLKCTRL_G3                ; u_pll_sys|g_intel.g_one.u_pll|outclk_wire[0]~CLKENA0|inclk                                    ;
;   19.858 ;   0.304  ; RR ; CELL ; 9864   ; CLKCTRL_G3                ; u_pll_sys|g_intel.g_one.u_pll|outclk_wire[0]~CLKENA0|outclk                                   ;
;   21.777 ;   1.919  ; RR ; IC   ; 1      ; FF_X27_Y31_N59            ; u_sys|u_synth|u_l2|seq|q_r[3]~DUPLICATE|clk                                                   ;
;   22.264 ;   0.487  ; RR ; CELL ; 1      ; FF_X27_Y31_N59            ; wpms_system:u_sys|wpms_synth_top:u_synth|wpms_l2_top:u_l2|wpms_sequencer:seq|q_r[3]~DUPLICATE ;
;   23.961 ;   1.697  ;    ;      ;        ;                           ; clock pessimism removed                                                                       ;
; 23.881   ; -0.080   ;    ;      ;        ;                           ; clock uncertainty                                                                             ;
; 23.881   ; 0.000    ;    ; uTsu ; 1      ; FF_X27_Y31_N59            ; wpms_system:u_sys|wpms_synth_top:u_synth|wpms_l2_top:u_l2|wpms_sequencer:seq|q_r[3]~DUPLICATE ;
+----------+----------+----+------+--------+---------------------------+-----------------------------------------------------------------------------------------------+

----------------------------
; Extra Fitter Information ;
----------------------------
HTML report is unavailable in plain text report export.


----------------
; Command Info ;
----------------
Report Timing: Found 1 setup paths (1 violated).  Worst case slack is -2.028 

Tcl Command:
    report_timing -append -setup -file output_files/setup_clk_sys_keys.rpt -panel_name {clk_sys setup: core} -to [get_registers {*ptsg_core:*}] -to_clock [get_clocks {*u_pll_sys*PLL_OUTPUT_COUNTER*}] -npaths 1 -detail full_path

Options:
    -to [get_registers {*ptsg_core:*}] 
    -to_clock [get_clocks {*u_pll_sys*PLL_OUTPUT_COUNTER*}] 
    -setup 
    -npaths 1 
    -detail full_path 
    -panel_name {clk_sys setup: core} 
    -file {output_files/setup_clk_sys_keys.rpt} 
    -append 

Delay Model:
    Slow 1100mV 85C Model

+---------------------------------------------------------------------------------------------------------------------------------------------------------------------------------------------------------------------------------------------------------------------------------------------------------------------------------------------------------------------------------------------------------------------------------------------------------------------------------------------------------+
; Summary of Paths                                                                                                                                                                                                                                                                                                                                                                                                                                                                                        ;
+--------+-----------------------------------------------------------------------------------------------------------------------------------------------------------------------------------------------------------+---------------------------------------------------------------------------------------+-------------------------------------------------------------------------+-------------------------------------------------------------------------+--------------+------------+------------+
; Slack  ; From Node                                                                                                                                                                                                 ; To Node                                                                               ; Launch Clock                                                            ; Latch Clock                                                             ; Relationship ; Clock Skew ; Data Delay ;
+--------+-----------------------------------------------------------------------------------------------------------------------------------------------------------------------------------------------------------+---------------------------------------------------------------------------------------+-------------------------------------------------------------------------+-------------------------------------------------------------------------+--------------+------------+------------+
; -2.028 ; wpms_system:u_sys|wpms_synth_top:u_synth|wpms_l2_top:u_l2|ptsg_core:core|ptsg_imem:ptsg_imem|altsyncram:g_m10k.u_rom|altsyncram_1uc1:auto_generated|altsyncram_fee2:altsyncram1|ram_block3a0~porta_we_reg ; wpms_system:u_sys|wpms_synth_top:u_synth|wpms_l2_top:u_l2|ptsg_core:core|state_num[0] ; u_pll_sys|g_intel.g_one.u_pll|general[0].gpll~PLL_OUTPUT_COUNTER|divclk ; u_pll_sys|g_intel.g_one.u_pll|general[0].gpll~PLL_OUTPUT_COUNTER|divclk ; 10.000       ; -1.245     ; 10.703     ;
+--------+-----------------------------------------------------------------------------------------------------------------------------------------------------------------------------------------------------------+---------------------------------------------------------------------------------------+-------------------------------------------------------------------------+-------------------------------------------------------------------------+--------------+------------+------------+

Path #1: Setup slack is -2.028 (VIOLATED)
===============================================================================
+--------------------------------------------------------------------------------------------------------------------------------------------------------------------------------------------------------------------------------+
; Path Summary                                                                                                                                                                                                                   ;
+--------------------+-----------------------------------------------------------------------------------------------------------------------------------------------------------------------------------------------------------+
; Property           ; Value                                                                                                                                                                                                     ;
+--------------------+-----------------------------------------------------------------------------------------------------------------------------------------------------------------------------------------------------------+
; From Node          ; wpms_system:u_sys|wpms_synth_top:u_synth|wpms_l2_top:u_l2|ptsg_core:core|ptsg_imem:ptsg_imem|altsyncram:g_m10k.u_rom|altsyncram_1uc1:auto_generated|altsyncram_fee2:altsyncram1|ram_block3a0~porta_we_reg ;
; To Node            ; wpms_system:u_sys|wpms_synth_top:u_synth|wpms_l2_top:u_l2|ptsg_core:core|state_num[0]                                                                                                                     ;
; Launch Clock       ; u_pll_sys|g_intel.g_one.u_pll|general[0].gpll~PLL_OUTPUT_COUNTER|divclk (INVERTED)                                                                                                                        ;
; Latch Clock        ; u_pll_sys|g_intel.g_one.u_pll|general[0].gpll~PLL_OUTPUT_COUNTER|divclk                                                                                                                                   ;
; Data Arrival Time  ; 25.876                                                                                                                                                                                                    ;
; Data Required Time ; 23.848                                                                                                                                                                                                    ;
; Slack              ; -2.028 (VIOLATED)                                                                                                                                                                                         ;
+--------------------+-----------------------------------------------------------------------------------------------------------------------------------------------------------------------------------------------------------+

+--------------------------------------------------------------------------------------+
; Statistics                                                                           ;
+------------------------+--------+-------+-------------+------------+--------+--------+
; Property               ; Value  ; Count ; Total Delay ; % of Total ; Min    ; Max    ;
+------------------------+--------+-------+-------------+------------+--------+--------+
; Setup Relationship     ; 10.000 ;       ;             ;            ;        ;        ;
; Clock Skew             ; -1.245 ;       ;             ;            ;        ;        ;
; Data Delay             ; 10.703 ;       ;             ;            ;        ;        ;
; Number of Logic Levels ;        ; 10    ;             ;            ;        ;        ;
; Physical Delays        ;        ;       ;             ;            ;        ;        ;
;  Arrival Path          ;        ;       ;             ;            ;        ;        ;
;   Clock                ;        ;       ;             ;            ;        ;        ;
;    IC                  ;        ; 6     ; 4.412       ; 48         ; 0.000  ; 2.112  ;
;    Cell                ;        ; 5     ; 4.702       ; 52         ; 0.333  ; 1.738  ;
;    PLL Compensation    ;        ; 1     ; -3.941      ; 0          ; -3.941 ; -3.941 ;
;   Data                 ;        ;       ;             ;            ;        ;        ;
;    IC                  ;        ; 11    ; 4.769       ; 45         ; 0.000  ; 1.036  ;
;    Cell                ;        ; 12    ; 5.934       ; 55         ; 0.092  ; 1.056  ;
;    uTco                ;        ; 1     ; 0.000       ; 0          ; 0.000  ; 0.000  ;
;  Required Path         ;        ;       ;             ;            ;        ;        ;
;   Clock                ;        ;       ;             ;            ;        ;        ;
;    IC                  ;        ; 6     ; 4.002       ; 55         ; 0.000  ; 1.899  ;
;    Cell                ;        ; 5     ; 3.326       ; 45         ; 0.304  ; 1.470  ;
;    PLL Compensation    ;        ; 1     ; -5.095      ; 0          ; -5.095 ; -5.095 ;
+------------------------+--------+-------+-------------+------------+--------+--------+
Note: Negative delays are omitted from totals when calculating percentages

+----------------------------------------------------------------------------------------------------------------------------------------------------------------------------------------------------------------------------------------------------------------------------------+
; Data Arrival Path                                                                                                                                                                                                                                                                ;
+----------+----------+----+------+--------+---------------------------+-----------------------------------------------------------------------------------------------------------------------------------------------------------------------------------------------------------+
; Total    ; Incr     ; RF ; Type ; Fanout ; Location                  ; Element                                                                                                                                                                                                   ;
+----------+----------+----+------+--------+---------------------------+-----------------------------------------------------------------------------------------------------------------------------------------------------------------------------------------------------------+
; 10.000   ; 10.000   ;    ;      ;        ;                           ; launch edge time                                                                                                                                                                                          ;
; 15.173   ; 5.173    ;    ;      ;        ;                           ; clock path                                                                                                                                                                                                ;
;   10.000 ;   0.000  ;    ;      ;        ;                           ; source latency                                                                                                                                                                                            ;
;   10.000 ;   0.000  ;    ;      ; 1      ; PIN_V11                   ; FPGA_CLK1_50                                                                                                                                                                                              ;
;   10.000 ;   0.000  ; RR ; IC   ; 1      ; IOIBUF_X32_Y0_N1          ; FPGA_CLK1_50~input|i                                                                                                                                                                                      ;
;   10.766 ;   0.766  ; RR ; CELL ; 2      ; IOIBUF_X32_Y0_N1          ; FPGA_CLK1_50~input|o                                                                                                                                                                                      ;
;   12.087 ;   1.321  ; RR ; IC   ; 1      ; PLLREFCLKSELECT_X0_Y7_N0  ; u_pll_sys|g_intel.g_one.u_pll|general[0].gpll~PLL_REFCLK_SELECT|clkin[0]                                                                                                                                  ;
;   12.420 ;   0.333  ; RR ; CELL ; 1      ; PLLREFCLKSELECT_X0_Y7_N0  ; u_pll_sys|g_intel.g_one.u_pll|general[0].gpll~PLL_REFCLK_SELECT|clkout                                                                                                                                    ;
;   12.420 ;   0.000  ; RR ; IC   ; 10     ; FRACTIONALPLL_X0_Y1_N0    ; u_pll_sys|g_intel.g_one.u_pll|general[0].gpll~FRACTIONAL_PLL|refclkin                                                                                                                                     ;
;   8.479  ;   -3.941 ; RR ; COMP ; 1      ; FRACTIONALPLL_X0_Y1_N0    ; u_pll_sys|g_intel.g_one.u_pll|general[0].gpll~FRACTIONAL_PLL|vcoph[0]                                                                                                                                     ;
;   8.479  ;   0.000  ; RR ; IC   ; 1      ; PLLOUTPUTCOUNTER_X0_Y4_N1 ; u_pll_sys|g_intel.g_one.u_pll|general[0].gpll~PLL_OUTPUT_COUNTER|vco0ph[0]                                                                                                                                ;
;   10.217 ;   1.738  ; RR ; CELL ; 1      ; PLLOUTPUTCOUNTER_X0_Y4_N1 ; u_pll_sys|g_intel.g_one.u_pll|general[0].gpll~PLL_OUTPUT_COUNTER|divclk                                                                                                                                   ;
;   11.196 ;   0.979  ; FF ; IC   ; 1      ; CLKCTRL_G3                ; u_pll_sys|g_intel.g_one.u_pll|outclk_wire[0]~CLKENA0|inclk                                                                                                                                                ;
;   11.543 ;   0.347  ; FF ; CELL ; 9864   ; CLKCTRL_G3                ; u_pll_sys|g_intel.g_one.u_pll|outclk_wire[0]~CLKENA0|outclk                                                                                                                                               ;
;   13.655 ;   2.112  ; FF ; IC   ; 13     ; M10K_X26_Y12_N0           ; u_sys|u_synth|u_l2|core|ptsg_imem|g_m10k.u_rom|auto_generated|altsyncram1|ram_block3a0|clk0                                                                                                               ;
;   15.173 ;   1.518  ; FR ; CELL ; 10     ; M10K_X26_Y12_N0           ; wpms_system:u_sys|wpms_synth_top:u_synth|wpms_l2_top:u_l2|ptsg_core:core|ptsg_imem:ptsg_imem|altsyncram:g_m10k.u_rom|altsyncram_1uc1:auto_generated|altsyncram_fee2:altsyncram1|ram_block3a0~porta_we_reg ;
; 25.876   ; 10.703   ;    ;      ;        ;                           ; data path                                                                                                                                                                                                 ;
;   15.173 ;   0.000  ;    ; uTco ; 10     ; M10K_X26_Y12_N0           ; wpms_system:u_sys|wpms_synth_top:u_synth|wpms_l2_top:u_l2|ptsg_core:core|ptsg_imem:ptsg_imem|altsyncram:g_m10k.u_rom|altsyncram_1uc1:auto_generated|altsyncram_fee2:altsyncram1|ram_block3a0~porta_we_reg ;
;   16.229 ;   1.056  ; RF ; CELL ; 80     ; M10K_X26_Y12_N0           ; u_sys|u_synth|u_l2|core|ptsg_imem|g_m10k.u_rom|auto_generated|altsyncram1|ram_block3a0|portadataout[6]                                                                                                    ;
;   17.168 ;   0.939  ; FF ; IC   ; 1      ; LABCELL_X27_Y12_N54       ; u_sys|u_synth|u_l2|core|Decoder0~45|datab                                                                                                                                                                 ;
;   17.748 ;   0.580  ; FR ; CELL ; 2      ; LABCELL_X27_Y12_N54       ; u_sys|u_synth|u_l2|core|Decoder0~45|combout                                                                                                                                                               ;
;   17.958 ;   0.210  ; RR ; IC   ; 1      ; LABCELL_X27_Y12_N6        ; u_sys|u_synth|u_l2|core|WideOr7~10|dataa                                                                                                                                                                  ;
;   18.525 ;   0.567  ; RF ; CELL ; 1      ; LABCELL_X27_Y12_N6        ; u_sys|u_synth|u_l2|core|WideOr7~10|combout                                                                                                                                                                ;
;   18.790 ;   0.265  ; FF ; IC   ; 1      ; LABCELL_X27_Y12_N30       ; u_sys|u_synth|u_l2|core|WideOr7~12|datad                                                                                                                                                                  ;
;   19.304 ;   0.514  ; FF ; CELL ; 1      ; LABCELL_X27_Y12_N30       ; u_sys|u_synth|u_l2|core|WideOr7~12|combout                                                                                                                                                                ;
;   20.340 ;   1.036  ; FF ; IC   ; 1      ; LABCELL_X19_Y12_N36       ; u_sys|u_synth|u_l2|core|WideOr7~13|datac                                                                                                                                                                  ;
;   20.828 ;   0.488  ; FF ; CELL ; 1      ; LABCELL_X19_Y12_N36       ; u_sys|u_synth|u_l2|core|WideOr7~13|combout                                                                                                                                                                ;
;   21.056 ;   0.228  ; FF ; IC   ; 1      ; LABCELL_X19_Y12_N30       ; u_sys|u_synth|u_l2|core|WideOr7~37|datad                                                                                                                                                                  ;
;   21.407 ;   0.351  ; FF ; CELL ; 5      ; LABCELL_X19_Y12_N30       ; u_sys|u_synth|u_l2|core|WideOr7~37|combout                                                                                                                                                                ;
;   21.713 ;   0.306  ; FF ; IC   ; 1      ; LABCELL_X19_Y12_N15       ; u_sys|u_synth|u_l2|core|state_num[11]~23|datac                                                                                                                                                            ;
;   22.196 ;   0.483  ; FF ; CELL ; 1      ; LABCELL_X19_Y12_N15       ; u_sys|u_synth|u_l2|core|state_num[11]~23|combout                                                                                                                                                          ;
;   22.432 ;   0.236  ; FF ; IC   ; 1      ; LABCELL_X19_Y12_N42       ; u_sys|u_synth|u_l2|core|state_num[11]~24|datad                                                                                                                                                            ;
;   22.948 ;   0.516  ; FF ; CELL ; 1      ; LABCELL_X19_Y12_N42       ; u_sys|u_synth|u_l2|core|state_num[11]~24|combout                                                                                                                                                          ;
;   23.170 ;   0.222  ; FF ; IC   ; 1      ; LABCELL_X19_Y12_N0        ; u_sys|u_synth|u_l2|core|state_num[11]~25|dataf                                                                                                                                                            ;
;   23.262 ;   0.092  ; FR ; CELL ; 1      ; LABCELL_X19_Y12_N0        ; u_sys|u_synth|u_l2|core|state_num[11]~25|combout                                                                                                                                                          ;
;   23.940 ;   0.678  ; RR ; IC   ; 1      ; LABCELL_X18_Y13_N3        ; u_sys|u_synth|u_l2|core|state_num[11]~26|datac                                                                                                                                                            ;
;   24.417 ;   0.477  ; RF ; CELL ; 12     ; LABCELL_X18_Y13_N3        ; u_sys|u_synth|u_l2|core|state_num[11]~26|combout                                                                                                                                                          ;
;   25.066 ;   0.649  ; FF ; IC   ; 1      ; LABCELL_X18_Y12_N51       ; u_sys|u_synth|u_l2|core|state_num~43|dataa                                                                                                                                                                ;
;   25.617 ;   0.551  ; FR ; CELL ; 1      ; LABCELL_X18_Y12_N51       ; u_sys|u_synth|u_l2|core|state_num~43|combout                                                                                                                                                              ;
;   25.617 ;   0.000  ; RR ; IC   ; 1      ; FF_X18_Y12_N52            ; u_sys|u_synth|u_l2|core|state_num[0]|d                                                                                                                                                                    ;
;   25.876 ;   0.259  ; RR ; CELL ; 1      ; FF_X18_Y12_N52            ; wpms_system:u_sys|wpms_synth_top:u_synth|wpms_l2_top:u_l2|ptsg_core:core|state_num[0]                                                                                                                     ;
+----------+----------+----+------+--------+---------------------------+-----------------------------------------------------------------------------------------------------------------------------------------------------------------------------------------------------------+

+--------------------------------------------------------------------------------------------------------------------------------------------------------------+
; Data Required Path                                                                                                                                           ;
+----------+----------+----+------+--------+---------------------------+---------------------------------------------------------------------------------------+
; Total    ; Incr     ; RF ; Type ; Fanout ; Location                  ; Element                                                                               ;
+----------+----------+----+------+--------+---------------------------+---------------------------------------------------------------------------------------+
; 20.000   ; 20.000   ;    ;      ;        ;                           ; latch edge time                                                                       ;
; 23.928   ; 3.928    ;    ;      ;        ;                           ; clock path                                                                            ;
;   20.000 ;   0.000  ;    ;      ;        ;                           ; source latency                                                                        ;
;   20.000 ;   0.000  ;    ;      ; 1      ; PIN_V11                   ; FPGA_CLK1_50                                                                          ;
;   20.000 ;   0.000  ; RR ; IC   ; 1      ; IOIBUF_X32_Y0_N1          ; FPGA_CLK1_50~input|i                                                                  ;
;   20.766 ;   0.766  ; RR ; CELL ; 2      ; IOIBUF_X32_Y0_N1          ; FPGA_CLK1_50~input|o                                                                  ;
;   21.929 ;   1.163  ; RR ; IC   ; 1      ; PLLREFCLKSELECT_X0_Y7_N0  ; u_pll_sys|g_intel.g_one.u_pll|general[0].gpll~PLL_REFCLK_SELECT|clkin[0]              ;
;   22.239 ;   0.310  ; RR ; CELL ; 1      ; PLLREFCLKSELECT_X0_Y7_N0  ; u_pll_sys|g_intel.g_one.u_pll|general[0].gpll~PLL_REFCLK_SELECT|clkout                ;
;   22.239 ;   0.000  ; RR ; IC   ; 10     ; FRACTIONALPLL_X0_Y1_N0    ; u_pll_sys|g_intel.g_one.u_pll|general[0].gpll~FRACTIONAL_PLL|refclkin                 ;
;   17.144 ;   -5.095 ; RR ; COMP ; 1      ; FRACTIONALPLL_X0_Y1_N0    ; u_pll_sys|g_intel.g_one.u_pll|general[0].gpll~FRACTIONAL_PLL|vcoph[0]                 ;
;   17.144 ;   0.000  ; RR ; IC   ; 1      ; PLLOUTPUTCOUNTER_X0_Y4_N1 ; u_pll_sys|g_intel.g_one.u_pll|general[0].gpll~PLL_OUTPUT_COUNTER|vco0ph[0]            ;
;   18.614 ;   1.470  ; RR ; CELL ; 1      ; PLLOUTPUTCOUNTER_X0_Y4_N1 ; u_pll_sys|g_intel.g_one.u_pll|general[0].gpll~PLL_OUTPUT_COUNTER|divclk               ;
;   19.554 ;   0.940  ; RR ; IC   ; 1      ; CLKCTRL_G3                ; u_pll_sys|g_intel.g_one.u_pll|outclk_wire[0]~CLKENA0|inclk                            ;
;   19.858 ;   0.304  ; RR ; CELL ; 9864   ; CLKCTRL_G3                ; u_pll_sys|g_intel.g_one.u_pll|outclk_wire[0]~CLKENA0|outclk                           ;
;   21.757 ;   1.899  ; RR ; IC   ; 1      ; FF_X18_Y12_N52            ; u_sys|u_synth|u_l2|core|state_num[0]|clk                                              ;
;   22.233 ;   0.476  ; RR ; CELL ; 1      ; FF_X18_Y12_N52            ; wpms_system:u_sys|wpms_synth_top:u_synth|wpms_l2_top:u_l2|ptsg_core:core|state_num[0] ;
;   23.928 ;   1.695  ;    ;      ;        ;                           ; clock pessimism removed                                                               ;
; 23.848   ; -0.080   ;    ;      ;        ;                           ; clock uncertainty                                                                     ;
; 23.848   ; 0.000    ;    ; uTsu ; 1      ; FF_X18_Y12_N52            ; wpms_system:u_sys|wpms_synth_top:u_synth|wpms_l2_top:u_l2|ptsg_core:core|state_num[0] ;
+----------+----------+----+------+--------+---------------------------+---------------------------------------------------------------------------------------+

----------------------------
; Extra Fitter Information ;
----------------------------
HTML report is unavailable in plain text report export.


----------------
; Command Info ;
----------------
Report Timing: Found 1 setup paths (0 violated).  Worst case slack is 4.586 

Tcl Command:
    report_timing -append -setup -file output_files/setup_clk_sys_keys.rpt -panel_name {clk_sys setup: l1} -to [get_registers {*wpms_l1_module:*}] -to_clock [get_clocks {*u_pll_sys*PLL_OUTPUT_COUNTER*}] -npaths 1 -detail full_path

Options:
    -to [get_registers {*wpms_l1_module:*}] 
    -to_clock [get_clocks {*u_pll_sys*PLL_OUTPUT_COUNTER*}] 
    -setup 
    -npaths 1 
    -detail full_path 
    -panel_name {clk_sys setup: l1} 
    -file {output_files/setup_clk_sys_keys.rpt} 
    -append 

Delay Model:
    Slow 1100mV 85C Model

+----------------------------------------------------------------------------------------------------------------------------------------------------------------------------------------------------------------------------------------------------------------------------------------------------------------------------------------------------------------------------+
; Summary of Paths                                                                                                                                                                                                                                                                                                                                                           ;
+-------+----------------------------------------------------------------------------------------+------------------------------------------------------------------------------+-------------------------------------------------------------------------+-------------------------------------------------------------------------+--------------+------------+------------+
; Slack ; From Node                                                                              ; To Node                                                                      ; Launch Clock                                                            ; Latch Clock                                                             ; Relationship ; Clock Skew ; Data Delay ;
+-------+----------------------------------------------------------------------------------------+------------------------------------------------------------------------------+-------------------------------------------------------------------------+-------------------------------------------------------------------------+--------------+------------+------------+
; 4.586 ; wpms_system:u_sys|wpms_synth_top:u_synth|wpms_l2_top:u_l2|wpms_sequencer:seq|k_prev[6] ; wpms_system:u_sys|wpms_synth_top:u_synth|wpms_l1_module:u_l1|d[30]~DUPLICATE ; u_pll_sys|g_intel.g_one.u_pll|general[0].gpll~PLL_OUTPUT_COUNTER|divclk ; u_pll_sys|g_intel.g_one.u_pll|general[0].gpll~PLL_OUTPUT_COUNTER|divclk ; 20.000       ; -0.511     ; 14.823     ;
+-------+----------------------------------------------------------------------------------------+------------------------------------------------------------------------------+-------------------------------------------------------------------------+-------------------------------------------------------------------------+--------------+------------+------------+

Path #1: Setup slack is 4.586 
===============================================================================
+-------------------------------------------------------------------------------------------------------------+
; Path Summary                                                                                                ;
+--------------------+----------------------------------------------------------------------------------------+
; Property           ; Value                                                                                  ;
+--------------------+----------------------------------------------------------------------------------------+
; From Node          ; wpms_system:u_sys|wpms_synth_top:u_synth|wpms_l2_top:u_l2|wpms_sequencer:seq|k_prev[6] ;
; To Node            ; wpms_system:u_sys|wpms_synth_top:u_synth|wpms_l1_module:u_l1|d[30]~DUPLICATE           ;
; Launch Clock       ; u_pll_sys|g_intel.g_one.u_pll|general[0].gpll~PLL_OUTPUT_COUNTER|divclk                ;
; Latch Clock        ; u_pll_sys|g_intel.g_one.u_pll|general[0].gpll~PLL_OUTPUT_COUNTER|divclk                ;
; Data Arrival Time  ; 19.310                                                                                 ;
; Data Required Time ; 23.896                                                                                 ;
; Slack              ; 4.586                                                                                  ;
+--------------------+----------------------------------------------------------------------------------------+

+--------------------------------------------------------------------------------------+
; Statistics                                                                           ;
+------------------------+--------+-------+-------------+------------+--------+--------+
; Property               ; Value  ; Count ; Total Delay ; % of Total ; Min    ; Max    ;
+------------------------+--------+-------+-------------+------------+--------+--------+
; Setup Relationship     ; 20.000 ;       ;             ;            ;        ;        ;
; Clock Skew             ; -0.511 ;       ;             ;            ;        ;        ;
; Data Delay             ; 14.823 ;       ;             ;            ;        ;        ;
; Number of Logic Levels ;        ; 7     ;             ;            ;        ;        ;
; Physical Delays        ;        ;       ;             ;            ;        ;        ;
;  Arrival Path          ;        ;       ;             ;            ;        ;        ;
;   Clock                ;        ;       ;             ;            ;        ;        ;
;    IC                  ;        ; 6     ; 4.698       ; 56         ; 0.000  ; 2.368  ;
;    Cell                ;        ; 5     ; 3.730       ; 44         ; 0.329  ; 1.738  ;
;    PLL Compensation    ;        ; 1     ; -3.941      ; 0          ; -3.941 ; -3.941 ;
;   Data                 ;        ;       ;             ;            ;        ;        ;
;    IC                  ;        ; 38    ; 10.185      ; 69         ; 0.000  ; 2.937  ;
;    Cell                ;        ; 39    ; 4.638       ; 31         ; 0.000  ; 1.141  ;
;    uTco                ;        ; 1     ; 0.000       ; 0          ; 0.000  ; 0.000  ;
;  Required Path         ;        ;       ;             ;            ;        ;        ;
;   Clock                ;        ;       ;             ;            ;        ;        ;
;    IC                  ;        ; 6     ; 4.032       ; 55         ; 0.000  ; 1.929  ;
;    Cell                ;        ; 5     ; 3.342       ; 45         ; 0.304  ; 1.470  ;
;    PLL Compensation    ;        ; 1     ; -5.095      ; 0          ; -5.095 ; -5.095 ;
+------------------------+--------+-------+-------------+------------+--------+--------+
Note: Negative delays are omitted from totals when calculating percentages

+---------------------------------------------------------------------------------------------------------------------------------------------------------------+
; Data Arrival Path                                                                                                                                             ;
+----------+----------+----+------+--------+---------------------------+----------------------------------------------------------------------------------------+
; Total    ; Incr     ; RF ; Type ; Fanout ; Location                  ; Element                                                                                ;
+----------+----------+----+------+--------+---------------------------+----------------------------------------------------------------------------------------+
; 0.000    ; 0.000    ;    ;      ;        ;                           ; launch edge time                                                                       ;
; 4.487    ; 4.487    ;    ;      ;        ;                           ; clock path                                                                             ;
;   0.000  ;   0.000  ;    ;      ;        ;                           ; source latency                                                                         ;
;   0.000  ;   0.000  ;    ;      ; 1      ; PIN_V11                   ; FPGA_CLK1_50                                                                           ;
;   0.000  ;   0.000  ; RR ; IC   ; 1      ; IOIBUF_X32_Y0_N1          ; FPGA_CLK1_50~input|i                                                                   ;
;   0.766  ;   0.766  ; RR ; CELL ; 2      ; IOIBUF_X32_Y0_N1          ; FPGA_CLK1_50~input|o                                                                   ;
;   2.087  ;   1.321  ; RR ; IC   ; 1      ; PLLREFCLKSELECT_X0_Y7_N0  ; u_pll_sys|g_intel.g_one.u_pll|general[0].gpll~PLL_REFCLK_SELECT|clkin[0]               ;
;   2.420  ;   0.333  ; RR ; CELL ; 1      ; PLLREFCLKSELECT_X0_Y7_N0  ; u_pll_sys|g_intel.g_one.u_pll|general[0].gpll~PLL_REFCLK_SELECT|clkout                 ;
;   2.420  ;   0.000  ; RR ; IC   ; 10     ; FRACTIONALPLL_X0_Y1_N0    ; u_pll_sys|g_intel.g_one.u_pll|general[0].gpll~FRACTIONAL_PLL|refclkin                  ;
;   -1.521 ;   -3.941 ; RR ; COMP ; 1      ; FRACTIONALPLL_X0_Y1_N0    ; u_pll_sys|g_intel.g_one.u_pll|general[0].gpll~FRACTIONAL_PLL|vcoph[0]                  ;
;   -1.521 ;   0.000  ; RR ; IC   ; 1      ; PLLOUTPUTCOUNTER_X0_Y4_N1 ; u_pll_sys|g_intel.g_one.u_pll|general[0].gpll~PLL_OUTPUT_COUNTER|vco0ph[0]             ;
;   0.217  ;   1.738  ; RR ; CELL ; 1      ; PLLOUTPUTCOUNTER_X0_Y4_N1 ; u_pll_sys|g_intel.g_one.u_pll|general[0].gpll~PLL_OUTPUT_COUNTER|divclk                ;
;   1.226  ;   1.009  ; RR ; IC   ; 1      ; CLKCTRL_G3                ; u_pll_sys|g_intel.g_one.u_pll|outclk_wire[0]~CLKENA0|inclk                             ;
;   1.555  ;   0.329  ; RR ; CELL ; 9864   ; CLKCTRL_G3                ; u_pll_sys|g_intel.g_one.u_pll|outclk_wire[0]~CLKENA0|outclk                            ;
;   3.923  ;   2.368  ; RR ; IC   ; 1      ; FF_X27_Y13_N31            ; u_sys|u_synth|u_l2|seq|k_prev[6]|clk                                                   ;
;   4.487  ;   0.564  ; RR ; CELL ; 1      ; FF_X27_Y13_N31            ; wpms_system:u_sys|wpms_synth_top:u_synth|wpms_l2_top:u_l2|wpms_sequencer:seq|k_prev[6] ;
; 19.310   ; 14.823   ;    ;      ;        ;                           ; data path                                                                              ;
;   4.487  ;   0.000  ;    ; uTco ; 1      ; FF_X27_Y13_N31            ; wpms_system:u_sys|wpms_synth_top:u_synth|wpms_l2_top:u_l2|wpms_sequencer:seq|k_prev[6] ;
;   4.487  ;   0.000  ; FF ; CELL ; 2      ; FF_X27_Y13_N31            ; u_sys|u_synth|u_l2|seq|k_prev[6]|q                                                     ;
;   5.475  ;   0.988  ; FF ; IC   ; 1      ; LABCELL_X30_Y14_N48       ; u_sys|u_synth|u_l2|seq|det~3|dataf                                                     ;
;   5.568  ;   0.093  ; FR ; CELL ; 1      ; LABCELL_X30_Y14_N48       ; u_sys|u_synth|u_l2|seq|det~3|combout                                                   ;
;   5.821  ;   0.253  ; RR ; IC   ; 1      ; LABCELL_X30_Y14_N12       ; u_sys|u_synth|u_l2|seq|det~4|datac                                                     ;
;   6.252  ;   0.431  ; RR ; CELL ; 1      ; LABCELL_X30_Y14_N12       ; u_sys|u_synth|u_l2|seq|det~4|combout                                                   ;
;   8.257  ;   2.005  ; RR ; IC   ; 1      ; LABCELL_X55_Y19_N54       ; u_sys|u_synth|u_l2|seq|det|dataa                                                       ;
;   8.852  ;   0.595  ; RF ; CELL ; 23     ; LABCELL_X55_Y19_N54       ; u_sys|u_synth|u_l2|seq|det|combout                                                     ;
;   11.789 ;   2.937  ; FF ; IC   ; 1      ; LABCELL_X27_Y31_N54       ; u_sys|u_synth|u_l2|seq|seq_q[0]~0|dataf                                                ;
;   11.884 ;   0.095  ; FR ; CELL ; 10     ; LABCELL_X27_Y31_N54       ; u_sys|u_synth|u_l2|seq|seq_q[0]~0|combout                                              ;
;   12.233 ;   0.349  ; RR ; IC   ; 1      ; MLABCELL_X28_Y31_N24      ; u_sys|u_synth|u_l2|seq|l1_packet_start|dataf                                           ;
;   12.330 ;   0.097  ; RF ; CELL ; 302    ; MLABCELL_X28_Y31_N24      ; u_sys|u_synth|u_l2|seq|l1_packet_start|combout                                         ;
;   13.906 ;   1.576  ; FF ; IC   ; 1      ; LABCELL_X48_Y31_N9        ; u_sys|u_synth|u_l1|Add2~4|datab                                                        ;
;   14.443 ;   0.537  ; FF ; CELL ; 1      ; LABCELL_X48_Y31_N9        ; u_sys|u_synth|u_l1|Add2~4|combout                                                      ;
;   16.520 ;   2.077  ; FF ; IC   ; 2      ; LABCELL_X40_Y38_N30       ; u_sys|u_synth|u_l1|Add2~1|dataf                                                        ;
;   17.661 ;   1.141  ; FF ; CELL ; 1      ; LABCELL_X40_Y38_N30       ; u_sys|u_synth|u_l1|Add2~1|cout                                                         ;
;   17.661 ;   0.000  ; FF ; IC   ; 2      ; LABCELL_X40_Y38_N33       ; u_sys|u_synth|u_l1|Add2~6|cin                                                          ;
;   17.661 ;   0.000  ; FF ; CELL ; 1      ; LABCELL_X40_Y38_N33       ; u_sys|u_synth|u_l1|Add2~6|cout                                                         ;
;   17.661 ;   0.000  ; FF ; IC   ; 2      ; LABCELL_X40_Y38_N36       ; u_sys|u_synth|u_l1|Add2~10|cin                                                         ;
;   17.707 ;   0.046  ; FF ; CELL ; 1      ; LABCELL_X40_Y38_N36       ; u_sys|u_synth|u_l1|Add2~10|cout                                                        ;
;   17.707 ;   0.000  ; FF ; IC   ; 2      ; LABCELL_X40_Y38_N39       ; u_sys|u_synth|u_l1|Add2~14|cin                                                         ;
;   17.707 ;   0.000  ; FF ; CELL ; 1      ; LABCELL_X40_Y38_N39       ; u_sys|u_synth|u_l1|Add2~14|cout                                                        ;
;   17.707 ;   0.000  ; FF ; IC   ; 2      ; LABCELL_X40_Y38_N42       ; u_sys|u_synth|u_l1|Add2~19|cin                                                         ;
;   17.753 ;   0.046  ; FF ; CELL ; 1      ; LABCELL_X40_Y38_N42       ; u_sys|u_synth|u_l1|Add2~19|cout                                                        ;
;   17.753 ;   0.000  ; FF ; IC   ; 2      ; LABCELL_X40_Y38_N45       ; u_sys|u_synth|u_l1|Add2~23|cin                                                         ;
;   17.753 ;   0.000  ; FF ; CELL ; 1      ; LABCELL_X40_Y38_N45       ; u_sys|u_synth|u_l1|Add2~23|cout                                                        ;
;   17.753 ;   0.000  ; FF ; IC   ; 2      ; LABCELL_X40_Y38_N48       ; u_sys|u_synth|u_l1|Add2~28|cin                                                         ;
;   17.799 ;   0.046  ; FF ; CELL ; 1      ; LABCELL_X40_Y38_N48       ; u_sys|u_synth|u_l1|Add2~28|cout                                                        ;
;   17.799 ;   0.000  ; FF ; IC   ; 2      ; LABCELL_X40_Y38_N51       ; u_sys|u_synth|u_l1|Add2~32|cin                                                         ;
;   17.799 ;   0.000  ; FF ; CELL ; 1      ; LABCELL_X40_Y38_N51       ; u_sys|u_synth|u_l1|Add2~32|cout                                                        ;
;   17.799 ;   0.000  ; FF ; IC   ; 2      ; LABCELL_X40_Y38_N54       ; u_sys|u_synth|u_l1|Add2~37|cin                                                         ;
;   17.842 ;   0.043  ; FF ; CELL ; 1      ; LABCELL_X40_Y38_N54       ; u_sys|u_synth|u_l1|Add2~37|cout                                                        ;
;   17.842 ;   0.000  ; FF ; IC   ; 2      ; LABCELL_X40_Y38_N57       ; u_sys|u_synth|u_l1|Add2~41|cin                                                         ;
;   17.842 ;   0.000  ; FF ; CELL ; 1      ; LABCELL_X40_Y38_N57       ; u_sys|u_synth|u_l1|Add2~41|cout                                                        ;
;   17.842 ;   0.000  ; FF ; IC   ; 2      ; LABCELL_X40_Y37_N30       ; u_sys|u_synth|u_l1|Add2~46|cin                                                         ;
;   17.985 ;   0.143  ; FF ; CELL ; 1      ; LABCELL_X40_Y37_N30       ; u_sys|u_synth|u_l1|Add2~46|cout                                                        ;
;   17.985 ;   0.000  ; FF ; IC   ; 2      ; LABCELL_X40_Y37_N33       ; u_sys|u_synth|u_l1|Add2~98|cin                                                         ;
;   17.985 ;   0.000  ; FF ; CELL ; 1      ; LABCELL_X40_Y37_N33       ; u_sys|u_synth|u_l1|Add2~98|cout                                                        ;
;   17.985 ;   0.000  ; FF ; IC   ; 2      ; LABCELL_X40_Y37_N36       ; u_sys|u_synth|u_l1|Add2~94|cin                                                         ;
;   18.031 ;   0.046  ; FF ; CELL ; 1      ; LABCELL_X40_Y37_N36       ; u_sys|u_synth|u_l1|Add2~94|cout                                                        ;
;   18.031 ;   0.000  ; FF ; IC   ; 2      ; LABCELL_X40_Y37_N39       ; u_sys|u_synth|u_l1|Add2~86|cin                                                         ;
;   18.031 ;   0.000  ; FF ; CELL ; 1      ; LABCELL_X40_Y37_N39       ; u_sys|u_synth|u_l1|Add2~86|cout                                                        ;
;   18.031 ;   0.000  ; FF ; IC   ; 2      ; LABCELL_X40_Y37_N42       ; u_sys|u_synth|u_l1|Add2~90|cin                                                         ;
;   18.077 ;   0.046  ; FF ; CELL ; 1      ; LABCELL_X40_Y37_N42       ; u_sys|u_synth|u_l1|Add2~90|cout                                                        ;
;   18.077 ;   0.000  ; FF ; IC   ; 2      ; LABCELL_X40_Y37_N45       ; u_sys|u_synth|u_l1|Add2~58|cin                                                         ;
;   18.077 ;   0.000  ; FF ; CELL ; 1      ; LABCELL_X40_Y37_N45       ; u_sys|u_synth|u_l1|Add2~58|cout                                                        ;
;   18.077 ;   0.000  ; FF ; IC   ; 2      ; LABCELL_X40_Y37_N48       ; u_sys|u_synth|u_l1|Add2~70|cin                                                         ;
;   18.123 ;   0.046  ; FF ; CELL ; 1      ; LABCELL_X40_Y37_N48       ; u_sys|u_synth|u_l1|Add2~70|cout                                                        ;
;   18.123 ;   0.000  ; FF ; IC   ; 2      ; LABCELL_X40_Y37_N51       ; u_sys|u_synth|u_l1|Add2~74|cin                                                         ;
;   18.123 ;   0.000  ; FF ; CELL ; 1      ; LABCELL_X40_Y37_N51       ; u_sys|u_synth|u_l1|Add2~74|cout                                                        ;
;   18.123 ;   0.000  ; FF ; IC   ; 2      ; LABCELL_X40_Y37_N54       ; u_sys|u_synth|u_l1|Add2~62|cin                                                         ;
;   18.166 ;   0.043  ; FF ; CELL ; 1      ; LABCELL_X40_Y37_N54       ; u_sys|u_synth|u_l1|Add2~62|cout                                                        ;
;   18.166 ;   0.000  ; FF ; IC   ; 2      ; LABCELL_X40_Y37_N57       ; u_sys|u_synth|u_l1|Add2~78|cin                                                         ;
;   18.166 ;   0.000  ; FF ; CELL ; 1      ; LABCELL_X40_Y37_N57       ; u_sys|u_synth|u_l1|Add2~78|cout                                                        ;
;   18.166 ;   0.000  ; FF ; IC   ; 2      ; LABCELL_X40_Y36_N30       ; u_sys|u_synth|u_l1|Add2~82|cin                                                         ;
;   18.309 ;   0.143  ; FF ; CELL ; 1      ; LABCELL_X40_Y36_N30       ; u_sys|u_synth|u_l1|Add2~82|cout                                                        ;
;   18.309 ;   0.000  ; FF ; IC   ; 2      ; LABCELL_X40_Y36_N33       ; u_sys|u_synth|u_l1|Add2~66|cin                                                         ;
;   18.309 ;   0.000  ; FF ; CELL ; 1      ; LABCELL_X40_Y36_N33       ; u_sys|u_synth|u_l1|Add2~66|cout                                                        ;
;   18.309 ;   0.000  ; FF ; IC   ; 2      ; LABCELL_X40_Y36_N36       ; u_sys|u_synth|u_l1|Add2~118|cin                                                        ;
;   18.355 ;   0.046  ; FF ; CELL ; 1      ; LABCELL_X40_Y36_N36       ; u_sys|u_synth|u_l1|Add2~118|cout                                                       ;
;   18.355 ;   0.000  ; FF ; IC   ; 2      ; LABCELL_X40_Y36_N39       ; u_sys|u_synth|u_l1|Add2~122|cin                                                        ;
;   18.355 ;   0.000  ; FF ; CELL ; 1      ; LABCELL_X40_Y36_N39       ; u_sys|u_synth|u_l1|Add2~122|cout                                                       ;
;   18.355 ;   0.000  ; FF ; IC   ; 2      ; LABCELL_X40_Y36_N42       ; u_sys|u_synth|u_l1|Add2~106|cin                                                        ;
;   18.401 ;   0.046  ; FF ; CELL ; 1      ; LABCELL_X40_Y36_N42       ; u_sys|u_synth|u_l1|Add2~106|cout                                                       ;
;   18.401 ;   0.000  ; FF ; IC   ; 2      ; LABCELL_X40_Y36_N45       ; u_sys|u_synth|u_l1|Add2~110|cin                                                        ;
;   18.401 ;   0.000  ; FF ; CELL ; 1      ; LABCELL_X40_Y36_N45       ; u_sys|u_synth|u_l1|Add2~110|cout                                                       ;
;   18.401 ;   0.000  ; FF ; IC   ; 2      ; LABCELL_X40_Y36_N48       ; u_sys|u_synth|u_l1|Add2~114|cin                                                        ;
;   18.447 ;   0.046  ; FF ; CELL ; 1      ; LABCELL_X40_Y36_N48       ; u_sys|u_synth|u_l1|Add2~114|cout                                                       ;
;   18.447 ;   0.000  ; FF ; IC   ; 2      ; LABCELL_X40_Y36_N51       ; u_sys|u_synth|u_l1|Add2~102|cin                                                        ;
;   18.447 ;   0.000  ; FF ; CELL ; 1      ; LABCELL_X40_Y36_N51       ; u_sys|u_synth|u_l1|Add2~102|cout                                                       ;
;   18.447 ;   0.000  ; FF ; IC   ; 2      ; LABCELL_X40_Y36_N54       ; u_sys|u_synth|u_l1|Add2~127|cin                                                        ;
;   18.490 ;   0.043  ; FF ; CELL ; 1      ; LABCELL_X40_Y36_N54       ; u_sys|u_synth|u_l1|Add2~127|cout                                                       ;
;   18.490 ;   0.000  ; FF ; IC   ; 2      ; LABCELL_X40_Y36_N57       ; u_sys|u_synth|u_l1|Add2~131|cin                                                        ;
;   18.490 ;   0.000  ; FF ; CELL ; 1      ; LABCELL_X40_Y36_N57       ; u_sys|u_synth|u_l1|Add2~131|cout                                                       ;
;   18.490 ;   0.000  ; FF ; IC   ; 2      ; LABCELL_X40_Y35_N30       ; u_sys|u_synth|u_l1|Add2~54|cin                                                         ;
;   19.029 ;   0.539  ; FR ; CELL ; 2      ; LABCELL_X40_Y35_N30       ; u_sys|u_synth|u_l1|Add2~54|sumout                                                      ;
;   19.029 ;   0.000  ; RR ; IC   ; 1      ; FF_X40_Y35_N32            ; u_sys|u_synth|u_l1|d[30]~DUPLICATE|d                                                   ;
;   19.310 ;   0.281  ; RR ; CELL ; 1      ; FF_X40_Y35_N32            ; wpms_system:u_sys|wpms_synth_top:u_synth|wpms_l1_module:u_l1|d[30]~DUPLICATE           ;
+----------+----------+----+------+--------+---------------------------+----------------------------------------------------------------------------------------+

+-----------------------------------------------------------------------------------------------------------------------------------------------------+
; Data Required Path                                                                                                                                  ;
+----------+----------+----+------+--------+---------------------------+------------------------------------------------------------------------------+
; Total    ; Incr     ; RF ; Type ; Fanout ; Location                  ; Element                                                                      ;
+----------+----------+----+------+--------+---------------------------+------------------------------------------------------------------------------+
; 20.000   ; 20.000   ;    ;      ;        ;                           ; latch edge time                                                              ;
; 23.976   ; 3.976    ;    ;      ;        ;                           ; clock path                                                                   ;
;   20.000 ;   0.000  ;    ;      ;        ;                           ; source latency                                                               ;
;   20.000 ;   0.000  ;    ;      ; 1      ; PIN_V11                   ; FPGA_CLK1_50                                                                 ;
;   20.000 ;   0.000  ; RR ; IC   ; 1      ; IOIBUF_X32_Y0_N1          ; FPGA_CLK1_50~input|i                                                         ;
;   20.766 ;   0.766  ; RR ; CELL ; 2      ; IOIBUF_X32_Y0_N1          ; FPGA_CLK1_50~input|o                                                         ;
;   21.929 ;   1.163  ; RR ; IC   ; 1      ; PLLREFCLKSELECT_X0_Y7_N0  ; u_pll_sys|g_intel.g_one.u_pll|general[0].gpll~PLL_REFCLK_SELECT|clkin[0]     ;
;   22.239 ;   0.310  ; RR ; CELL ; 1      ; PLLREFCLKSELECT_X0_Y7_N0  ; u_pll_sys|g_intel.g_one.u_pll|general[0].gpll~PLL_REFCLK_SELECT|clkout       ;
;   22.239 ;   0.000  ; RR ; IC   ; 10     ; FRACTIONALPLL_X0_Y1_N0    ; u_pll_sys|g_intel.g_one.u_pll|general[0].gpll~FRACTIONAL_PLL|refclkin        ;
;   17.144 ;   -5.095 ; RR ; COMP ; 1      ; FRACTIONALPLL_X0_Y1_N0    ; u_pll_sys|g_intel.g_one.u_pll|general[0].gpll~FRACTIONAL_PLL|vcoph[0]        ;
;   17.144 ;   0.000  ; RR ; IC   ; 1      ; PLLOUTPUTCOUNTER_X0_Y4_N1 ; u_pll_sys|g_intel.g_one.u_pll|general[0].gpll~PLL_OUTPUT_COUNTER|vco0ph[0]   ;
;   18.614 ;   1.470  ; RR ; CELL ; 1      ; PLLOUTPUTCOUNTER_X0_Y4_N1 ; u_pll_sys|g_intel.g_one.u_pll|general[0].gpll~PLL_OUTPUT_COUNTER|divclk      ;
;   19.554 ;   0.940  ; RR ; IC   ; 1      ; CLKCTRL_G3                ; u_pll_sys|g_intel.g_one.u_pll|outclk_wire[0]~CLKENA0|inclk                   ;
;   19.858 ;   0.304  ; RR ; CELL ; 9864   ; CLKCTRL_G3                ; u_pll_sys|g_intel.g_one.u_pll|outclk_wire[0]~CLKENA0|outclk                  ;
;   21.787 ;   1.929  ; RR ; IC   ; 1      ; FF_X40_Y35_N32            ; u_sys|u_synth|u_l1|d[30]~DUPLICATE|clk                                       ;
;   22.279 ;   0.492  ; RR ; CELL ; 1      ; FF_X40_Y35_N32            ; wpms_system:u_sys|wpms_synth_top:u_synth|wpms_l1_module:u_l1|d[30]~DUPLICATE ;
;   23.976 ;   1.697  ;    ;      ;        ;                           ; clock pessimism removed                                                      ;
; 23.896   ; -0.080   ;    ;      ;        ;                           ; clock uncertainty                                                            ;
; 23.896   ; 0.000    ;    ; uTsu ; 1      ; FF_X40_Y35_N32            ; wpms_system:u_sys|wpms_synth_top:u_synth|wpms_l1_module:u_l1|d[30]~DUPLICATE ;
+----------+----------+----+------+--------+---------------------------+------------------------------------------------------------------------------+

----------------------------
; Extra Fitter Information ;
----------------------------
HTML report is unavailable in plain text report export.


