----------------
; Command Info ;
----------------
Report Timing: Found 10 setup paths (0 violated).  Worst case slack is 0.978 

Tcl Command:
    report_timing -setup -file <local>/setup_clk_sys_worst10_0C.rpt -to_clock [get_clocks {*u_pll_sys*PLL_OUTPUT_COUNTER*}] -nworst 1 -npaths 10 -detail full_path

Options:
    -to_clock [get_clocks {*u_pll_sys*PLL_OUTPUT_COUNTER*}] 
    -setup 
    -nworst 1 
    -npaths 10 
    -detail full_path 
    -file {<local>/setup_clk_sys_worst10_0C.rpt} 

Delay Model:
    Slow 1100mV 0C Model

+---------------------------------------------------------------------------------------------------------------------------------------------------------------------------------------------------------------------------------------------------------------------------------------------------------------------------------------------------------------------------------------+
; Summary of Paths                                                                                                                                                                                                                                                                                                                                                                      ;
+-------+-----------------------------------------------------------------------------------------+----------------------------------------------------------------------------------------+-------------------------------------------------------------------------+-------------------------------------------------------------------------+--------------+------------+------------+
; Slack ; From Node                                                                               ; To Node                                                                                ; Launch Clock                                                            ; Latch Clock                                                             ; Relationship ; Clock Skew ; Data Delay ;
+-------+-----------------------------------------------------------------------------------------+----------------------------------------------------------------------------------------+-------------------------------------------------------------------------+-------------------------------------------------------------------------+--------------+------------+------------+
; 0.978 ; wpms_system:u_sys|wpms_synth_top:u_synth|wpms_l2_top:u_l2|wpms_formation:form|x_mode[3] ; wpms_system:u_sys|wpms_synth_top:u_synth|wpms_l2_top:u_l2|wpms_formation:form|w_hi[27] ; u_pll_sys|g_intel.g_one.u_pll|general[0].gpll~PLL_OUTPUT_COUNTER|divclk ; u_pll_sys|g_intel.g_one.u_pll|general[0].gpll~PLL_OUTPUT_COUNTER|divclk ; 20.000       ; -0.121     ; 18.821     ;
; 1.112 ; wpms_system:u_sys|wpms_synth_top:u_synth|wpms_l2_top:u_l2|wpms_formation:form|x_mode[3] ; wpms_system:u_sys|wpms_synth_top:u_synth|wpms_l2_top:u_l2|wpms_formation:form|w_hi[29] ; u_pll_sys|g_intel.g_one.u_pll|general[0].gpll~PLL_OUTPUT_COUNTER|divclk ; u_pll_sys|g_intel.g_one.u_pll|general[0].gpll~PLL_OUTPUT_COUNTER|divclk ; 20.000       ; -0.114     ; 18.694     ;
; 1.278 ; wpms_system:u_sys|wpms_synth_top:u_synth|wpms_l2_top:u_l2|wpms_formation:form|x_mode[3] ; wpms_system:u_sys|wpms_synth_top:u_synth|wpms_l2_top:u_l2|wpms_formation:form|w_hi[33] ; u_pll_sys|g_intel.g_one.u_pll|general[0].gpll~PLL_OUTPUT_COUNTER|divclk ; u_pll_sys|g_intel.g_one.u_pll|general[0].gpll~PLL_OUTPUT_COUNTER|divclk ; 20.000       ; -0.115     ; 18.527     ;
; 1.359 ; wpms_system:u_sys|wpms_synth_top:u_synth|wpms_l2_top:u_l2|wpms_formation:form|x_mode[3] ; wpms_system:u_sys|wpms_synth_top:u_synth|wpms_l2_top:u_l2|wpms_formation:form|w_hi[31] ; u_pll_sys|g_intel.g_one.u_pll|general[0].gpll~PLL_OUTPUT_COUNTER|divclk ; u_pll_sys|g_intel.g_one.u_pll|general[0].gpll~PLL_OUTPUT_COUNTER|divclk ; 20.000       ; -0.117     ; 18.444     ;
; 1.368 ; wpms_system:u_sys|wpms_synth_top:u_synth|wpms_l2_top:u_l2|wpms_formation:form|x_mode[3] ; wpms_system:u_sys|wpms_synth_top:u_synth|wpms_l2_top:u_l2|wpms_formation:form|w_hi[11] ; u_pll_sys|g_intel.g_one.u_pll|general[0].gpll~PLL_OUTPUT_COUNTER|divclk ; u_pll_sys|g_intel.g_one.u_pll|general[0].gpll~PLL_OUTPUT_COUNTER|divclk ; 20.000       ; -0.122     ; 18.430     ;
; 1.421 ; wpms_system:u_sys|wpms_synth_top:u_synth|wpms_l2_top:u_l2|wpms_formation:form|x_mode[3] ; wpms_system:u_sys|wpms_synth_top:u_synth|wpms_l2_top:u_l2|wpms_formation:form|w_hi[15] ; u_pll_sys|g_intel.g_one.u_pll|general[0].gpll~PLL_OUTPUT_COUNTER|divclk ; u_pll_sys|g_intel.g_one.u_pll|general[0].gpll~PLL_OUTPUT_COUNTER|divclk ; 20.000       ; -0.121     ; 18.378     ;
; 1.425 ; wpms_system:u_sys|wpms_synth_top:u_synth|wpms_l2_top:u_l2|wpms_formation:form|x_mode[3] ; wpms_system:u_sys|wpms_synth_top:u_synth|wpms_l2_top:u_l2|wpms_formation:form|w_hi[22] ; u_pll_sys|g_intel.g_one.u_pll|general[0].gpll~PLL_OUTPUT_COUNTER|divclk ; u_pll_sys|g_intel.g_one.u_pll|general[0].gpll~PLL_OUTPUT_COUNTER|divclk ; 20.000       ; -0.119     ; 18.376     ;
; 1.441 ; wpms_system:u_sys|wpms_synth_top:u_synth|wpms_l2_top:u_l2|wpms_formation:form|x_mode[3] ; wpms_system:u_sys|wpms_synth_top:u_synth|wpms_l2_top:u_l2|wpms_formation:form|w_hi[10] ; u_pll_sys|g_intel.g_one.u_pll|general[0].gpll~PLL_OUTPUT_COUNTER|divclk ; u_pll_sys|g_intel.g_one.u_pll|general[0].gpll~PLL_OUTPUT_COUNTER|divclk ; 20.000       ; -0.115     ; 18.364     ;
; 1.512 ; wpms_system:u_sys|wpms_synth_top:u_synth|wpms_l2_top:u_l2|wpms_formation:form|x_mode[3] ; wpms_system:u_sys|wpms_synth_top:u_synth|wpms_l2_top:u_l2|wpms_formation:form|w_hi[30] ; u_pll_sys|g_intel.g_one.u_pll|general[0].gpll~PLL_OUTPUT_COUNTER|divclk ; u_pll_sys|g_intel.g_one.u_pll|general[0].gpll~PLL_OUTPUT_COUNTER|divclk ; 20.000       ; -0.121     ; 18.287     ;
; 1.547 ; wpms_system:u_sys|wpms_synth_top:u_synth|wpms_l2_top:u_l2|wpms_formation:form|x_mode[3] ; wpms_system:u_sys|wpms_synth_top:u_synth|wpms_l2_top:u_l2|wpms_formation:form|w_hi[23] ; u_pll_sys|g_intel.g_one.u_pll|general[0].gpll~PLL_OUTPUT_COUNTER|divclk ; u_pll_sys|g_intel.g_one.u_pll|general[0].gpll~PLL_OUTPUT_COUNTER|divclk ; 20.000       ; -0.114     ; 18.259     ;
+-------+-----------------------------------------------------------------------------------------+----------------------------------------------------------------------------------------+-------------------------------------------------------------------------+-------------------------------------------------------------------------+--------------+------------+------------+

Path #1: Setup slack is 0.978 
===============================================================================
+--------------------------------------------------------------------------------------------------------------+
; Path Summary                                                                                                 ;
+--------------------+-----------------------------------------------------------------------------------------+
; Property           ; Value                                                                                   ;
+--------------------+-----------------------------------------------------------------------------------------+
; From Node          ; wpms_system:u_sys|wpms_synth_top:u_synth|wpms_l2_top:u_l2|wpms_formation:form|x_mode[3] ;
; To Node            ; wpms_system:u_sys|wpms_synth_top:u_synth|wpms_l2_top:u_l2|wpms_formation:form|w_hi[27]  ;
; Launch Clock       ; u_pll_sys|g_intel.g_one.u_pll|general[0].gpll~PLL_OUTPUT_COUNTER|divclk                 ;
; Latch Clock        ; u_pll_sys|g_intel.g_one.u_pll|general[0].gpll~PLL_OUTPUT_COUNTER|divclk                 ;
; Data Arrival Time  ; 23.280                                                                                  ;
; Data Required Time ; 24.258                                                                                  ;
; Slack              ; 0.978                                                                                   ;
+--------------------+-----------------------------------------------------------------------------------------+

+--------------------------------------------------------------------------------------+
; Statistics                                                                           ;
+------------------------+--------+-------+-------------+------------+--------+--------+
; Property               ; Value  ; Count ; Total Delay ; % of Total ; Min    ; Max    ;
+------------------------+--------+-------+-------------+------------+--------+--------+
; Setup Relationship     ; 20.000 ;       ;             ;            ;        ;        ;
; Clock Skew             ; -0.121 ;       ;             ;            ;        ;        ;
; Data Delay             ; 18.821 ;       ;             ;            ;        ;        ;
; Number of Logic Levels ;        ; 9     ;             ;            ;        ;        ;
; Physical Delays        ;        ;       ;             ;            ;        ;        ;
;  Arrival Path          ;        ;       ;             ;            ;        ;        ;
;   Clock                ;        ;       ;             ;            ;        ;        ;
;    IC                  ;        ; 6     ; 4.758       ; 56         ; 0.000  ; 2.431  ;
;    Cell                ;        ; 5     ; 3.701       ; 44         ; 0.333  ; 1.702  ;
;    PLL Compensation    ;        ; 1     ; -4.000      ; 0          ; -4.000 ; -4.000 ;
;   Data                 ;        ;       ;             ;            ;        ;        ;
;    IC                  ;        ; 69    ; 6.196       ; 33         ; 0.000  ; 1.127  ;
;    Cell                ;        ; 70    ; 12.625      ; 67         ; 0.000  ; 4.401  ;
;    uTco                ;        ; 1     ; 0.000       ; 0          ; 0.000  ; 0.000  ;
;  Required Path         ;        ;       ;             ;            ;        ;        ;
;   Clock                ;        ;       ;             ;            ;        ;        ;
;    IC                  ;        ; 6     ; 4.111       ; 55         ; 0.000  ; 1.991  ;
;    Cell                ;        ; 5     ; 3.360       ; 45         ; 0.312  ; 1.475  ;
;    PLL Compensation    ;        ; 1     ; -5.148      ; 0          ; -5.148 ; -5.148 ;
+------------------------+--------+-------+-------------+------------+--------+--------+
Note: Negative delays are omitted from totals when calculating percentages

+----------------------------------------------------------------------------------------------------------------------------------------------------------------+
; Data Arrival Path                                                                                                                                              ;
+----------+----------+----+------+--------+---------------------------+-----------------------------------------------------------------------------------------+
; Total    ; Incr     ; RF ; Type ; Fanout ; Location                  ; Element                                                                                 ;
+----------+----------+----+------+--------+---------------------------+-----------------------------------------------------------------------------------------+
; 0.000    ; 0.000    ;    ;      ;        ;                           ; launch edge time                                                                        ;
; 4.459    ; 4.459    ;    ;      ;        ;                           ; clock path                                                                              ;
;   0.000  ;   0.000  ;    ;      ;        ;                           ; source latency                                                                          ;
;   0.000  ;   0.000  ;    ;      ; 1      ; PIN_V11                   ; FPGA_CLK1_50                                                                            ;
;   0.000  ;   0.000  ; RR ; IC   ; 1      ; IOIBUF_X32_Y0_N1          ; FPGA_CLK1_50~input|i                                                                    ;
;   0.785  ;   0.785  ; RR ; CELL ; 2      ; IOIBUF_X32_Y0_N1          ; FPGA_CLK1_50~input|o                                                                    ;
;   2.101  ;   1.316  ; RR ; IC   ; 1      ; PLLREFCLKSELECT_X0_Y7_N0  ; u_pll_sys|g_intel.g_one.u_pll|general[0].gpll~PLL_REFCLK_SELECT|clkin[0]                ;
;   2.434  ;   0.333  ; RR ; CELL ; 1      ; PLLREFCLKSELECT_X0_Y7_N0  ; u_pll_sys|g_intel.g_one.u_pll|general[0].gpll~PLL_REFCLK_SELECT|clkout                  ;
;   2.434  ;   0.000  ; RR ; IC   ; 10     ; FRACTIONALPLL_X0_Y1_N0    ; u_pll_sys|g_intel.g_one.u_pll|general[0].gpll~FRACTIONAL_PLL|refclkin                   ;
;   -1.566 ;   -4.000 ; RR ; COMP ; 1      ; FRACTIONALPLL_X0_Y1_N0    ; u_pll_sys|g_intel.g_one.u_pll|general[0].gpll~FRACTIONAL_PLL|vcoph[0]                   ;
;   -1.566 ;   0.000  ; RR ; IC   ; 1      ; PLLOUTPUTCOUNTER_X0_Y4_N1 ; u_pll_sys|g_intel.g_one.u_pll|general[0].gpll~PLL_OUTPUT_COUNTER|vco0ph[0]              ;
;   0.136  ;   1.702  ; RR ; CELL ; 1      ; PLLOUTPUTCOUNTER_X0_Y4_N1 ; u_pll_sys|g_intel.g_one.u_pll|general[0].gpll~PLL_OUTPUT_COUNTER|divclk                 ;
;   1.147  ;   1.011  ; RR ; IC   ; 1      ; CLKCTRL_G3                ; u_pll_sys|g_intel.g_one.u_pll|outclk_wire[0]~CLKENA0|inclk                              ;
;   1.495  ;   0.348  ; RR ; CELL ; 13501  ; CLKCTRL_G3                ; u_pll_sys|g_intel.g_one.u_pll|outclk_wire[0]~CLKENA0|outclk                             ;
;   3.926  ;   2.431  ; RR ; IC   ; 1      ; FF_X31_Y13_N41            ; u_sys|u_synth|u_l2|form|x_mode[3]|clk                                                   ;
;   4.459  ;   0.533  ; RR ; CELL ; 1      ; FF_X31_Y13_N41            ; wpms_system:u_sys|wpms_synth_top:u_synth|wpms_l2_top:u_l2|wpms_formation:form|x_mode[3] ;
; 23.280   ; 18.821   ;    ;      ;        ;                           ; data path                                                                               ;
;   4.459  ;   0.000  ;    ; uTco ; 1      ; FF_X31_Y13_N41            ; wpms_system:u_sys|wpms_synth_top:u_synth|wpms_l2_top:u_l2|wpms_formation:form|x_mode[3] ;
;   4.459  ;   0.000  ; RR ; CELL ; 6      ; FF_X31_Y13_N41            ; u_sys|u_synth|u_l2|form|x_mode[3]|q                                                     ;
;   4.792  ;   0.333  ; RR ; IC   ; 1      ; LABCELL_X31_Y13_N27       ; u_sys|u_synth|u_l2|form|Decoder0~0|datac                                                ;
;   5.322  ;   0.530  ; RF ; CELL ; 4      ; LABCELL_X31_Y13_N27       ; u_sys|u_synth|u_l2|form|Decoder0~0|combout                                              ;
;   5.648  ;   0.326  ; FF ; IC   ; 1      ; LABCELL_X31_Y13_N9        ; u_sys|u_synth|u_l2|form|WideOr3~1|dataf                                                 ;
;   5.739  ;   0.091  ; FF ; CELL ; 91     ; LABCELL_X31_Y13_N9        ; u_sys|u_synth|u_l2|form|WideOr3~1|combout                                               ;
;   5.946  ;   0.207  ; FF ; IC   ; 1      ; LABCELL_X31_Y13_N45       ; u_sys|u_synth|u_l2|form|Equal54~1|datac                                                 ;
;   6.496  ;   0.550  ; FF ; CELL ; 46     ; LABCELL_X31_Y13_N45       ; u_sys|u_synth|u_l2|form|Equal54~1|combout                                               ;
;   7.382  ;   0.886  ; FF ; IC   ; 1      ; LABCELL_X31_Y16_N48       ; u_sys|u_synth|u_l2|form|m_b[3]~3|datac                                                  ;
;   7.925  ;   0.543  ; FF ; CELL ; 2      ; LABCELL_X31_Y16_N48       ; u_sys|u_synth|u_l2|form|m_b[3]~3|combout                                                ;
;   8.523  ;   0.598  ; FF ; IC   ; 33     ; DSP_X32_Y12_N0            ; u_sys|u_synth|u_l2|form|Mult0~515|ay[3]                                                 ;
;   12.924 ;   4.401  ; FF ; CELL ; 1      ; DSP_X32_Y12_N0            ; u_sys|u_synth|u_l2|form|Mult0~515|resulta[11]                                           ;
;   14.051 ;   1.127  ; FF ; IC   ; 2      ; LABCELL_X33_Y12_N3        ; u_sys|u_synth|u_l2|form|Mult0~137|datac                                                 ;
;   14.958 ;   0.907  ; FF ; CELL ; 1      ; LABCELL_X33_Y12_N3        ; u_sys|u_synth|u_l2|form|Mult0~137|cout                                                  ;
;   14.958 ;   0.000  ; FF ; IC   ; 2      ; LABCELL_X33_Y12_N6        ; u_sys|u_synth|u_l2|form|Mult0~145|cin                                                   ;
;   15.010 ;   0.052  ; FF ; CELL ; 1      ; LABCELL_X33_Y12_N6        ; u_sys|u_synth|u_l2|form|Mult0~145|cout                                                  ;
;   15.010 ;   0.000  ; FF ; IC   ; 2      ; LABCELL_X33_Y12_N9        ; u_sys|u_synth|u_l2|form|Mult0~1|cin                                                     ;
;   15.010 ;   0.000  ; FF ; CELL ; 1      ; LABCELL_X33_Y12_N9        ; u_sys|u_synth|u_l2|form|Mult0~1|cout                                                    ;
;   15.010 ;   0.000  ; FF ; IC   ; 2      ; LABCELL_X33_Y12_N12       ; u_sys|u_synth|u_l2|form|Mult0~9|cin                                                     ;
;   15.062 ;   0.052  ; FF ; CELL ; 1      ; LABCELL_X33_Y12_N12       ; u_sys|u_synth|u_l2|form|Mult0~9|cout                                                    ;
;   15.062 ;   0.000  ; FF ; IC   ; 2      ; LABCELL_X33_Y12_N15       ; u_sys|u_synth|u_l2|form|Mult0~5|cin                                                     ;
;   15.062 ;   0.000  ; FF ; CELL ; 1      ; LABCELL_X33_Y12_N15       ; u_sys|u_synth|u_l2|form|Mult0~5|cout                                                    ;
;   15.062 ;   0.000  ; FF ; IC   ; 2      ; LABCELL_X33_Y12_N18       ; u_sys|u_synth|u_l2|form|Mult0~13|cin                                                    ;
;   15.114 ;   0.052  ; FF ; CELL ; 1      ; LABCELL_X33_Y12_N18       ; u_sys|u_synth|u_l2|form|Mult0~13|cout                                                   ;
;   15.114 ;   0.000  ; FF ; IC   ; 2      ; LABCELL_X33_Y12_N21       ; u_sys|u_synth|u_l2|form|Mult0~33|cin                                                    ;
;   15.114 ;   0.000  ; FF ; CELL ; 1      ; LABCELL_X33_Y12_N21       ; u_sys|u_synth|u_l2|form|Mult0~33|cout                                                   ;
;   15.114 ;   0.000  ; FF ; IC   ; 2      ; LABCELL_X33_Y12_N24       ; u_sys|u_synth|u_l2|form|Mult0~41|cin                                                    ;
;   15.180 ;   0.066  ; FF ; CELL ; 1      ; LABCELL_X33_Y12_N24       ; u_sys|u_synth|u_l2|form|Mult0~41|cout                                                   ;
;   15.180 ;   0.000  ; FF ; IC   ; 2      ; LABCELL_X33_Y12_N27       ; u_sys|u_synth|u_l2|form|Mult0~37|cin                                                    ;
;   15.180 ;   0.000  ; FF ; CELL ; 1      ; LABCELL_X33_Y12_N27       ; u_sys|u_synth|u_l2|form|Mult0~37|cout                                                   ;
;   15.180 ;   0.000  ; FF ; IC   ; 2      ; LABCELL_X33_Y12_N30       ; u_sys|u_synth|u_l2|form|Mult0~45|cin                                                    ;
;   15.658 ;   0.478  ; FF ; CELL ; 4      ; LABCELL_X33_Y12_N30       ; u_sys|u_synth|u_l2|form|Mult0~45|sumout                                                 ;
;   16.470 ;   0.812  ; FF ; IC   ; 1      ; MLABCELL_X34_Y11_N18      ; u_sys|u_synth|u_l2|form|ShiftRight1~84|datad                                            ;
;   17.125 ;   0.655  ; FF ; CELL ; 4      ; MLABCELL_X34_Y11_N18      ; u_sys|u_synth|u_l2|form|ShiftRight1~84|combout                                          ;
;   17.358 ;   0.233  ; FF ; IC   ; 1      ; MLABCELL_X34_Y11_N42      ; u_sys|u_synth|u_l2|form|ShiftRight1~146|datac                                           ;
;   17.909 ;   0.551  ; FF ; CELL ; 4      ; MLABCELL_X34_Y11_N42      ; u_sys|u_synth|u_l2|form|ShiftRight1~146|combout                                         ;
;   18.793 ;   0.884  ; FF ; IC   ; 2      ; LABCELL_X35_Y14_N54       ; u_sys|u_synth|u_l2|form|Add0~181|datac                                                  ;
;   19.736 ;   0.943  ; FF ; CELL ; 1      ; LABCELL_X35_Y14_N54       ; u_sys|u_synth|u_l2|form|Add0~181|cout                                                   ;
;   19.736 ;   0.000  ; FF ; IC   ; 2      ; LABCELL_X35_Y14_N57       ; u_sys|u_synth|u_l2|form|Add0~173|cin                                                    ;
;   19.736 ;   0.000  ; FF ; CELL ; 1      ; LABCELL_X35_Y14_N57       ; u_sys|u_synth|u_l2|form|Add0~173|cout                                                   ;
;   19.736 ;   0.000  ; FF ; IC   ; 2      ; LABCELL_X35_Y13_N30       ; u_sys|u_synth|u_l2|form|Add0~177|cin                                                    ;
;   19.892 ;   0.156  ; FF ; CELL ; 1      ; LABCELL_X35_Y13_N30       ; u_sys|u_synth|u_l2|form|Add0~177|cout                                                   ;
;   19.892 ;   0.000  ; FF ; IC   ; 2      ; LABCELL_X35_Y13_N33       ; u_sys|u_synth|u_l2|form|Add0~169|cin                                                    ;
;   19.892 ;   0.000  ; FF ; CELL ; 1      ; LABCELL_X35_Y13_N33       ; u_sys|u_synth|u_l2|form|Add0~169|cout                                                   ;
;   19.892 ;   0.000  ; FF ; IC   ; 2      ; LABCELL_X35_Y13_N36       ; u_sys|u_synth|u_l2|form|Add0~149|cin                                                    ;
;   19.944 ;   0.052  ; FF ; CELL ; 1      ; LABCELL_X35_Y13_N36       ; u_sys|u_synth|u_l2|form|Add0~149|cout                                                   ;
;   19.944 ;   0.000  ; FF ; IC   ; 2      ; LABCELL_X35_Y13_N39       ; u_sys|u_synth|u_l2|form|Add0~141|cin                                                    ;
;   19.944 ;   0.000  ; FF ; CELL ; 1      ; LABCELL_X35_Y13_N39       ; u_sys|u_synth|u_l2|form|Add0~141|cout                                                   ;
;   19.944 ;   0.000  ; FF ; IC   ; 2      ; LABCELL_X35_Y13_N42       ; u_sys|u_synth|u_l2|form|Add0~145|cin                                                    ;
;   19.996 ;   0.052  ; FF ; CELL ; 1      ; LABCELL_X35_Y13_N42       ; u_sys|u_synth|u_l2|form|Add0~145|cout                                                   ;
;   19.996 ;   0.000  ; FF ; IC   ; 2      ; LABCELL_X35_Y13_N45       ; u_sys|u_synth|u_l2|form|Add0~137|cin                                                    ;
;   19.996 ;   0.000  ; FF ; CELL ; 1      ; LABCELL_X35_Y13_N45       ; u_sys|u_synth|u_l2|form|Add0~137|cout                                                   ;
;   19.996 ;   0.000  ; FF ; IC   ; 2      ; LABCELL_X35_Y13_N48       ; u_sys|u_synth|u_l2|form|Add0~257|cin                                                    ;
;   20.048 ;   0.052  ; FF ; CELL ; 1      ; LABCELL_X35_Y13_N48       ; u_sys|u_synth|u_l2|form|Add0~257|cout                                                   ;
;   20.048 ;   0.000  ; FF ; IC   ; 2      ; LABCELL_X35_Y13_N51       ; u_sys|u_synth|u_l2|form|Add0~249|cin                                                    ;
;   20.048 ;   0.000  ; FF ; CELL ; 1      ; LABCELL_X35_Y13_N51       ; u_sys|u_synth|u_l2|form|Add0~249|cout                                                   ;
;   20.048 ;   0.000  ; FF ; IC   ; 2      ; LABCELL_X35_Y13_N54       ; u_sys|u_synth|u_l2|form|Add0~253|cin                                                    ;
;   20.097 ;   0.049  ; FF ; CELL ; 1      ; LABCELL_X35_Y13_N54       ; u_sys|u_synth|u_l2|form|Add0~253|cout                                                   ;
;   20.097 ;   0.000  ; FF ; IC   ; 2      ; LABCELL_X35_Y13_N57       ; u_sys|u_synth|u_l2|form|Add0~245|cin                                                    ;
;   20.097 ;   0.000  ; FF ; CELL ; 1      ; LABCELL_X35_Y13_N57       ; u_sys|u_synth|u_l2|form|Add0~245|cout                                                   ;
;   20.097 ;   0.000  ; FF ; IC   ; 2      ; LABCELL_X35_Y12_N30       ; u_sys|u_synth|u_l2|form|Add0~225|cin                                                    ;
;   20.253 ;   0.156  ; FF ; CELL ; 1      ; LABCELL_X35_Y12_N30       ; u_sys|u_synth|u_l2|form|Add0~225|cout                                                   ;
;   20.253 ;   0.000  ; FF ; IC   ; 2      ; LABCELL_X35_Y12_N33       ; u_sys|u_synth|u_l2|form|Add0~217|cin                                                    ;
;   20.253 ;   0.000  ; FF ; CELL ; 1      ; LABCELL_X35_Y12_N33       ; u_sys|u_synth|u_l2|form|Add0~217|cout                                                   ;
;   20.253 ;   0.000  ; FF ; IC   ; 2      ; LABCELL_X35_Y12_N36       ; u_sys|u_synth|u_l2|form|Add0~221|cin                                                    ;
;   20.305 ;   0.052  ; FF ; CELL ; 1      ; LABCELL_X35_Y12_N36       ; u_sys|u_synth|u_l2|form|Add0~221|cout                                                   ;
;   20.305 ;   0.000  ; FF ; IC   ; 2      ; LABCELL_X35_Y12_N39       ; u_sys|u_synth|u_l2|form|Add0~213|cin                                                    ;
;   20.305 ;   0.000  ; FF ; CELL ; 1      ; LABCELL_X35_Y12_N39       ; u_sys|u_synth|u_l2|form|Add0~213|cout                                                   ;
;   20.305 ;   0.000  ; FF ; IC   ; 2      ; LABCELL_X35_Y12_N42       ; u_sys|u_synth|u_l2|form|Add0~241|cin                                                    ;
;   20.357 ;   0.052  ; FF ; CELL ; 1      ; LABCELL_X35_Y12_N42       ; u_sys|u_synth|u_l2|form|Add0~241|cout                                                   ;
;   20.357 ;   0.000  ; FF ; IC   ; 2      ; LABCELL_X35_Y12_N45       ; u_sys|u_synth|u_l2|form|Add0~233|cin                                                    ;
;   20.357 ;   0.000  ; FF ; CELL ; 1      ; LABCELL_X35_Y12_N45       ; u_sys|u_synth|u_l2|form|Add0~233|cout                                                   ;
;   20.357 ;   0.000  ; FF ; IC   ; 2      ; LABCELL_X35_Y12_N48       ; u_sys|u_synth|u_l2|form|Add0~237|cin                                                    ;
;   20.409 ;   0.052  ; FF ; CELL ; 1      ; LABCELL_X35_Y12_N48       ; u_sys|u_synth|u_l2|form|Add0~237|cout                                                   ;
;   20.409 ;   0.000  ; FF ; IC   ; 2      ; LABCELL_X35_Y12_N51       ; u_sys|u_synth|u_l2|form|Add0~229|cin                                                    ;
;   20.409 ;   0.000  ; FF ; CELL ; 1      ; LABCELL_X35_Y12_N51       ; u_sys|u_synth|u_l2|form|Add0~229|cout                                                   ;
;   20.409 ;   0.000  ; FF ; IC   ; 2      ; LABCELL_X35_Y12_N54       ; u_sys|u_synth|u_l2|form|Add0~209|cin                                                    ;
;   20.458 ;   0.049  ; FF ; CELL ; 1      ; LABCELL_X35_Y12_N54       ; u_sys|u_synth|u_l2|form|Add0~209|cout                                                   ;
;   20.458 ;   0.000  ; FF ; IC   ; 2      ; LABCELL_X35_Y12_N57       ; u_sys|u_synth|u_l2|form|Add0~201|cin                                                    ;
;   20.458 ;   0.000  ; FF ; CELL ; 1      ; LABCELL_X35_Y12_N57       ; u_sys|u_synth|u_l2|form|Add0~201|cout                                                   ;
;   20.458 ;   0.000  ; FF ; IC   ; 2      ; LABCELL_X35_Y11_N0        ; u_sys|u_synth|u_l2|form|Add0~205|cin                                                    ;
;   20.579 ;   0.121  ; FF ; CELL ; 1      ; LABCELL_X35_Y11_N0        ; u_sys|u_synth|u_l2|form|Add0~205|cout                                                   ;
;   20.579 ;   0.000  ; FF ; IC   ; 2      ; LABCELL_X35_Y11_N3        ; u_sys|u_synth|u_l2|form|Add0~1|cin                                                      ;
;   20.579 ;   0.000  ; FF ; CELL ; 1      ; LABCELL_X35_Y11_N3        ; u_sys|u_synth|u_l2|form|Add0~1|cout                                                     ;
;   20.579 ;   0.000  ; FF ; IC   ; 2      ; LABCELL_X35_Y11_N6        ; u_sys|u_synth|u_l2|form|Add0~105|cin                                                    ;
;   20.631 ;   0.052  ; FF ; CELL ; 1      ; LABCELL_X35_Y11_N6        ; u_sys|u_synth|u_l2|form|Add0~105|cout                                                   ;
;   20.631 ;   0.000  ; FF ; IC   ; 2      ; LABCELL_X35_Y11_N9        ; u_sys|u_synth|u_l2|form|Add0~109|cin                                                    ;
;   20.631 ;   0.000  ; FF ; CELL ; 1      ; LABCELL_X35_Y11_N9        ; u_sys|u_synth|u_l2|form|Add0~109|cout                                                   ;
;   20.631 ;   0.000  ; FF ; IC   ; 2      ; LABCELL_X35_Y11_N12       ; u_sys|u_synth|u_l2|form|Add0~113|cin                                                    ;
;   20.683 ;   0.052  ; FF ; CELL ; 1      ; LABCELL_X35_Y11_N12       ; u_sys|u_synth|u_l2|form|Add0~113|cout                                                   ;
;   20.683 ;   0.000  ; FF ; IC   ; 2      ; LABCELL_X35_Y11_N15       ; u_sys|u_synth|u_l2|form|Add0~117|cin                                                    ;
;   20.683 ;   0.000  ; FF ; CELL ; 1      ; LABCELL_X35_Y11_N15       ; u_sys|u_synth|u_l2|form|Add0~117|cout                                                   ;
;   20.683 ;   0.000  ; FF ; IC   ; 2      ; LABCELL_X35_Y11_N18       ; u_sys|u_synth|u_l2|form|Add0~121|cin                                                    ;
;   20.735 ;   0.052  ; FF ; CELL ; 1      ; LABCELL_X35_Y11_N18       ; u_sys|u_synth|u_l2|form|Add0~121|cout                                                   ;
;   20.735 ;   0.000  ; FF ; IC   ; 2      ; LABCELL_X35_Y11_N21       ; u_sys|u_synth|u_l2|form|Add0~85|cin                                                     ;
;   20.735 ;   0.000  ; FF ; CELL ; 1      ; LABCELL_X35_Y11_N21       ; u_sys|u_synth|u_l2|form|Add0~85|cout                                                    ;
;   20.735 ;   0.000  ; FF ; IC   ; 2      ; LABCELL_X35_Y11_N24       ; u_sys|u_synth|u_l2|form|Add0~89|cin                                                     ;
;   20.801 ;   0.066  ; FF ; CELL ; 1      ; LABCELL_X35_Y11_N24       ; u_sys|u_synth|u_l2|form|Add0~89|cout                                                    ;
;   20.801 ;   0.000  ; FF ; IC   ; 2      ; LABCELL_X35_Y11_N27       ; u_sys|u_synth|u_l2|form|Add0~93|cin                                                     ;
;   20.801 ;   0.000  ; FF ; CELL ; 1      ; LABCELL_X35_Y11_N27       ; u_sys|u_synth|u_l2|form|Add0~93|cout                                                    ;
;   20.801 ;   0.000  ; FF ; IC   ; 2      ; LABCELL_X35_Y11_N30       ; u_sys|u_synth|u_l2|form|Add0~97|cin                                                     ;
;   20.931 ;   0.130  ; FF ; CELL ; 1      ; LABCELL_X35_Y11_N30       ; u_sys|u_synth|u_l2|form|Add0~97|cout                                                    ;
;   20.931 ;   0.000  ; FF ; IC   ; 2      ; LABCELL_X35_Y11_N33       ; u_sys|u_synth|u_l2|form|Add0~101|cin                                                    ;
;   20.931 ;   0.000  ; FF ; CELL ; 1      ; LABCELL_X35_Y11_N33       ; u_sys|u_synth|u_l2|form|Add0~101|cout                                                   ;
;   20.931 ;   0.000  ; FF ; IC   ; 2      ; LABCELL_X35_Y11_N36       ; u_sys|u_synth|u_l2|form|Add0~65|cin                                                     ;
;   20.983 ;   0.052  ; FF ; CELL ; 1      ; LABCELL_X35_Y11_N36       ; u_sys|u_synth|u_l2|form|Add0~65|cout                                                    ;
;   20.983 ;   0.000  ; FF ; IC   ; 2      ; LABCELL_X35_Y11_N39       ; u_sys|u_synth|u_l2|form|Add0~69|cin                                                     ;
;   20.983 ;   0.000  ; FF ; CELL ; 1      ; LABCELL_X35_Y11_N39       ; u_sys|u_synth|u_l2|form|Add0~69|cout                                                    ;
;   20.983 ;   0.000  ; FF ; IC   ; 2      ; LABCELL_X35_Y11_N42       ; u_sys|u_synth|u_l2|form|Add0~73|cin                                                     ;
;   21.035 ;   0.052  ; FF ; CELL ; 1      ; LABCELL_X35_Y11_N42       ; u_sys|u_synth|u_l2|form|Add0~73|cout                                                    ;
;   21.035 ;   0.000  ; FF ; IC   ; 2      ; LABCELL_X35_Y11_N45       ; u_sys|u_synth|u_l2|form|Add0~77|cin                                                     ;
;   21.035 ;   0.000  ; FF ; CELL ; 1      ; LABCELL_X35_Y11_N45       ; u_sys|u_synth|u_l2|form|Add0~77|cout                                                    ;
;   21.035 ;   0.000  ; FF ; IC   ; 2      ; LABCELL_X35_Y11_N48       ; u_sys|u_synth|u_l2|form|Add0~81|cin                                                     ;
;   21.087 ;   0.052  ; FF ; CELL ; 1      ; LABCELL_X35_Y11_N48       ; u_sys|u_synth|u_l2|form|Add0~81|cout                                                    ;
;   21.087 ;   0.000  ; FF ; IC   ; 2      ; LABCELL_X35_Y11_N51       ; u_sys|u_synth|u_l2|form|Add0~45|cin                                                     ;
;   21.087 ;   0.000  ; FF ; CELL ; 1      ; LABCELL_X35_Y11_N51       ; u_sys|u_synth|u_l2|form|Add0~45|cout                                                    ;
;   21.087 ;   0.000  ; FF ; IC   ; 2      ; LABCELL_X35_Y11_N54       ; u_sys|u_synth|u_l2|form|Add0~49|cin                                                     ;
;   21.136 ;   0.049  ; FF ; CELL ; 1      ; LABCELL_X35_Y11_N54       ; u_sys|u_synth|u_l2|form|Add0~49|cout                                                    ;
;   21.136 ;   0.000  ; FF ; IC   ; 2      ; LABCELL_X35_Y11_N57       ; u_sys|u_synth|u_l2|form|Add0~53|cin                                                     ;
;   21.136 ;   0.000  ; FF ; CELL ; 1      ; LABCELL_X35_Y11_N57       ; u_sys|u_synth|u_l2|form|Add0~53|cout                                                    ;
;   21.136 ;   0.000  ; FF ; IC   ; 2      ; LABCELL_X35_Y10_N0        ; u_sys|u_synth|u_l2|form|Add0~57|cin                                                     ;
;   21.257 ;   0.121  ; FF ; CELL ; 1      ; LABCELL_X35_Y10_N0        ; u_sys|u_synth|u_l2|form|Add0~57|cout                                                    ;
;   21.257 ;   0.000  ; FF ; IC   ; 2      ; LABCELL_X35_Y10_N3        ; u_sys|u_synth|u_l2|form|Add0~61|cin                                                     ;
;   21.257 ;   0.000  ; FF ; CELL ; 1      ; LABCELL_X35_Y10_N3        ; u_sys|u_synth|u_l2|form|Add0~61|cout                                                    ;
;   21.257 ;   0.000  ; FF ; IC   ; 2      ; LABCELL_X35_Y10_N6        ; u_sys|u_synth|u_l2|form|Add0~25|cin                                                     ;
;   21.309 ;   0.052  ; FF ; CELL ; 1      ; LABCELL_X35_Y10_N6        ; u_sys|u_synth|u_l2|form|Add0~25|cout                                                    ;
;   21.309 ;   0.000  ; FF ; IC   ; 2      ; LABCELL_X35_Y10_N9        ; u_sys|u_synth|u_l2|form|Add0~29|cin                                                     ;
;   21.309 ;   0.000  ; FF ; CELL ; 1      ; LABCELL_X35_Y10_N9        ; u_sys|u_synth|u_l2|form|Add0~29|cout                                                    ;
;   21.309 ;   0.000  ; FF ; IC   ; 2      ; LABCELL_X35_Y10_N12       ; u_sys|u_synth|u_l2|form|Add0~33|cin                                                     ;
;   21.361 ;   0.052  ; FF ; CELL ; 1      ; LABCELL_X35_Y10_N12       ; u_sys|u_synth|u_l2|form|Add0~33|cout                                                    ;
;   21.361 ;   0.000  ; FF ; IC   ; 2      ; LABCELL_X35_Y10_N15       ; u_sys|u_synth|u_l2|form|Add0~37|cin                                                     ;
;   21.361 ;   0.000  ; FF ; CELL ; 1      ; LABCELL_X35_Y10_N15       ; u_sys|u_synth|u_l2|form|Add0~37|cout                                                    ;
;   21.361 ;   0.000  ; FF ; IC   ; 2      ; LABCELL_X35_Y10_N18       ; u_sys|u_synth|u_l2|form|Add0~41|cin                                                     ;
;   21.413 ;   0.052  ; FF ; CELL ; 1      ; LABCELL_X35_Y10_N18       ; u_sys|u_synth|u_l2|form|Add0~41|cout                                                    ;
;   21.413 ;   0.000  ; FF ; IC   ; 2      ; LABCELL_X35_Y10_N21       ; u_sys|u_synth|u_l2|form|Add0~5|cin                                                      ;
;   21.413 ;   0.000  ; FF ; CELL ; 1      ; LABCELL_X35_Y10_N21       ; u_sys|u_synth|u_l2|form|Add0~5|cout                                                     ;
;   21.413 ;   0.000  ; FF ; IC   ; 2      ; LABCELL_X35_Y10_N24       ; u_sys|u_synth|u_l2|form|Add0~9|cin                                                      ;
;   21.836 ;   0.423  ; FF ; CELL ; 1      ; LABCELL_X35_Y10_N24       ; u_sys|u_synth|u_l2|form|Add0~9|sumout                                                   ;
;   22.626 ;   0.790  ; FF ; IC   ; 1      ; FF_X34_Y9_N23             ; u_sys|u_synth|u_l2|form|w_hi[27]|asdata                                                 ;
;   23.280 ;   0.654  ; FF ; CELL ; 1      ; FF_X34_Y9_N23             ; wpms_system:u_sys|wpms_synth_top:u_synth|wpms_l2_top:u_l2|wpms_formation:form|w_hi[27]  ;
+----------+----------+----+------+--------+---------------------------+-----------------------------------------------------------------------------------------+

+---------------------------------------------------------------------------------------------------------------------------------------------------------------+
; Data Required Path                                                                                                                                            ;
+----------+----------+----+------+--------+---------------------------+----------------------------------------------------------------------------------------+
; Total    ; Incr     ; RF ; Type ; Fanout ; Location                  ; Element                                                                                ;
+----------+----------+----+------+--------+---------------------------+----------------------------------------------------------------------------------------+
; 20.000   ; 20.000   ;    ;      ;        ;                           ; latch edge time                                                                        ;
; 24.338   ; 4.338    ;    ;      ;        ;                           ; clock path                                                                             ;
;   20.000 ;   0.000  ;    ;      ;        ;                           ; source latency                                                                         ;
;   20.000 ;   0.000  ;    ;      ; 1      ; PIN_V11                   ; FPGA_CLK1_50                                                                           ;
;   20.000 ;   0.000  ; RR ; IC   ; 1      ; IOIBUF_X32_Y0_N1          ; FPGA_CLK1_50~input|i                                                                   ;
;   20.785 ;   0.785  ; RR ; CELL ; 2      ; IOIBUF_X32_Y0_N1          ; FPGA_CLK1_50~input|o                                                                   ;
;   21.953 ;   1.168  ; RR ; IC   ; 1      ; PLLREFCLKSELECT_X0_Y7_N0  ; u_pll_sys|g_intel.g_one.u_pll|general[0].gpll~PLL_REFCLK_SELECT|clkin[0]               ;
;   22.265 ;   0.312  ; RR ; CELL ; 1      ; PLLREFCLKSELECT_X0_Y7_N0  ; u_pll_sys|g_intel.g_one.u_pll|general[0].gpll~PLL_REFCLK_SELECT|clkout                 ;
;   22.265 ;   0.000  ; RR ; IC   ; 10     ; FRACTIONALPLL_X0_Y1_N0    ; u_pll_sys|g_intel.g_one.u_pll|general[0].gpll~FRACTIONAL_PLL|refclkin                  ;
;   17.117 ;   -5.148 ; RR ; COMP ; 1      ; FRACTIONALPLL_X0_Y1_N0    ; u_pll_sys|g_intel.g_one.u_pll|general[0].gpll~FRACTIONAL_PLL|vcoph[0]                  ;
;   17.117 ;   0.000  ; RR ; IC   ; 1      ; PLLOUTPUTCOUNTER_X0_Y4_N1 ; u_pll_sys|g_intel.g_one.u_pll|general[0].gpll~PLL_OUTPUT_COUNTER|vco0ph[0]             ;
;   18.592 ;   1.475  ; RR ; CELL ; 1      ; PLLOUTPUTCOUNTER_X0_Y4_N1 ; u_pll_sys|g_intel.g_one.u_pll|general[0].gpll~PLL_OUTPUT_COUNTER|divclk                ;
;   19.544 ;   0.952  ; RR ; IC   ; 1      ; CLKCTRL_G3                ; u_pll_sys|g_intel.g_one.u_pll|outclk_wire[0]~CLKENA0|inclk                             ;
;   19.869 ;   0.325  ; RR ; CELL ; 13501  ; CLKCTRL_G3                ; u_pll_sys|g_intel.g_one.u_pll|outclk_wire[0]~CLKENA0|outclk                            ;
;   21.860 ;   1.991  ; RR ; IC   ; 1      ; FF_X34_Y9_N23             ; u_sys|u_synth|u_l2|form|w_hi[27]|clk                                                   ;
;   22.323 ;   0.463  ; RR ; CELL ; 1      ; FF_X34_Y9_N23             ; wpms_system:u_sys|wpms_synth_top:u_synth|wpms_l2_top:u_l2|wpms_formation:form|w_hi[27] ;
;   24.338 ;   2.015  ;    ;      ;        ;                           ; clock pessimism removed                                                                ;
; 24.258   ; -0.080   ;    ;      ;        ;                           ; clock uncertainty                                                                      ;
; 24.258   ; 0.000    ;    ; uTsu ; 1      ; FF_X34_Y9_N23             ; wpms_system:u_sys|wpms_synth_top:u_synth|wpms_l2_top:u_l2|wpms_formation:form|w_hi[27] ;
+----------+----------+----+------+--------+---------------------------+----------------------------------------------------------------------------------------+

----------------------------
; Extra Fitter Information ;
----------------------------
HTML report is unavailable in plain text report export.


Path #2: Setup slack is 1.112 
===============================================================================
+--------------------------------------------------------------------------------------------------------------+
; Path Summary                                                                                                 ;
+--------------------+-----------------------------------------------------------------------------------------+
; Property           ; Value                                                                                   ;
+--------------------+-----------------------------------------------------------------------------------------+
; From Node          ; wpms_system:u_sys|wpms_synth_top:u_synth|wpms_l2_top:u_l2|wpms_formation:form|x_mode[3] ;
; To Node            ; wpms_system:u_sys|wpms_synth_top:u_synth|wpms_l2_top:u_l2|wpms_formation:form|w_hi[29]  ;
; Launch Clock       ; u_pll_sys|g_intel.g_one.u_pll|general[0].gpll~PLL_OUTPUT_COUNTER|divclk                 ;
; Latch Clock        ; u_pll_sys|g_intel.g_one.u_pll|general[0].gpll~PLL_OUTPUT_COUNTER|divclk                 ;
; Data Arrival Time  ; 23.153                                                                                  ;
; Data Required Time ; 24.265                                                                                  ;
; Slack              ; 1.112                                                                                   ;
+--------------------+-----------------------------------------------------------------------------------------+

+--------------------------------------------------------------------------------------+
; Statistics                                                                           ;
+------------------------+--------+-------+-------------+------------+--------+--------+
; Property               ; Value  ; Count ; Total Delay ; % of Total ; Min    ; Max    ;
+------------------------+--------+-------+-------------+------------+--------+--------+
; Setup Relationship     ; 20.000 ;       ;             ;            ;        ;        ;
; Clock Skew             ; -0.114 ;       ;             ;            ;        ;        ;
; Data Delay             ; 18.694 ;       ;             ;            ;        ;        ;
; Number of Logic Levels ;        ; 9     ;             ;            ;        ;        ;
; Physical Delays        ;        ;       ;             ;            ;        ;        ;
;  Arrival Path          ;        ;       ;             ;            ;        ;        ;
;   Clock                ;        ;       ;             ;            ;        ;        ;
;    IC                  ;        ; 6     ; 4.758       ; 56         ; 0.000  ; 2.431  ;
;    Cell                ;        ; 5     ; 3.701       ; 44         ; 0.333  ; 1.702  ;
;    PLL Compensation    ;        ; 1     ; -4.000      ; 0          ; -4.000 ; -4.000 ;
;   Data                 ;        ;       ;             ;            ;        ;        ;
;    IC                  ;        ; 71    ; 5.932       ; 32         ; 0.000  ; 1.127  ;
;    Cell                ;        ; 72    ; 12.762      ; 68         ; 0.000  ; 4.401  ;
;    uTco                ;        ; 1     ; 0.000       ; 0          ; 0.000  ; 0.000  ;
;  Required Path         ;        ;       ;             ;            ;        ;        ;
;   Clock                ;        ;       ;             ;            ;        ;        ;
;    IC                  ;        ; 6     ; 4.118       ; 55         ; 0.000  ; 1.998  ;
;    Cell                ;        ; 5     ; 3.360       ; 45         ; 0.312  ; 1.475  ;
;    PLL Compensation    ;        ; 1     ; -5.148      ; 0          ; -5.148 ; -5.148 ;
+------------------------+--------+-------+-------------+------------+--------+--------+
Note: Negative delays are omitted from totals when calculating percentages

+----------------------------------------------------------------------------------------------------------------------------------------------------------------+
; Data Arrival Path                                                                                                                                              ;
+----------+----------+----+------+--------+---------------------------+-----------------------------------------------------------------------------------------+
; Total    ; Incr     ; RF ; Type ; Fanout ; Location                  ; Element                                                                                 ;
+----------+----------+----+------+--------+---------------------------+-----------------------------------------------------------------------------------------+
; 0.000    ; 0.000    ;    ;      ;        ;                           ; launch edge time                                                                        ;
; 4.459    ; 4.459    ;    ;      ;        ;                           ; clock path                                                                              ;
;   0.000  ;   0.000  ;    ;      ;        ;                           ; source latency                                                                          ;
;   0.000  ;   0.000  ;    ;      ; 1      ; PIN_V11                   ; FPGA_CLK1_50                                                                            ;
;   0.000  ;   0.000  ; RR ; IC   ; 1      ; IOIBUF_X32_Y0_N1          ; FPGA_CLK1_50~input|i                                                                    ;
;   0.785  ;   0.785  ; RR ; CELL ; 2      ; IOIBUF_X32_Y0_N1          ; FPGA_CLK1_50~input|o                                                                    ;
;   2.101  ;   1.316  ; RR ; IC   ; 1      ; PLLREFCLKSELECT_X0_Y7_N0  ; u_pll_sys|g_intel.g_one.u_pll|general[0].gpll~PLL_REFCLK_SELECT|clkin[0]                ;
;   2.434  ;   0.333  ; RR ; CELL ; 1      ; PLLREFCLKSELECT_X0_Y7_N0  ; u_pll_sys|g_intel.g_one.u_pll|general[0].gpll~PLL_REFCLK_SELECT|clkout                  ;
;   2.434  ;   0.000  ; RR ; IC   ; 10     ; FRACTIONALPLL_X0_Y1_N0    ; u_pll_sys|g_intel.g_one.u_pll|general[0].gpll~FRACTIONAL_PLL|refclkin                   ;
;   -1.566 ;   -4.000 ; RR ; COMP ; 1      ; FRACTIONALPLL_X0_Y1_N0    ; u_pll_sys|g_intel.g_one.u_pll|general[0].gpll~FRACTIONAL_PLL|vcoph[0]                   ;
;   -1.566 ;   0.000  ; RR ; IC   ; 1      ; PLLOUTPUTCOUNTER_X0_Y4_N1 ; u_pll_sys|g_intel.g_one.u_pll|general[0].gpll~PLL_OUTPUT_COUNTER|vco0ph[0]              ;
;   0.136  ;   1.702  ; RR ; CELL ; 1      ; PLLOUTPUTCOUNTER_X0_Y4_N1 ; u_pll_sys|g_intel.g_one.u_pll|general[0].gpll~PLL_OUTPUT_COUNTER|divclk                 ;
;   1.147  ;   1.011  ; RR ; IC   ; 1      ; CLKCTRL_G3                ; u_pll_sys|g_intel.g_one.u_pll|outclk_wire[0]~CLKENA0|inclk                              ;
;   1.495  ;   0.348  ; RR ; CELL ; 13501  ; CLKCTRL_G3                ; u_pll_sys|g_intel.g_one.u_pll|outclk_wire[0]~CLKENA0|outclk                             ;
;   3.926  ;   2.431  ; RR ; IC   ; 1      ; FF_X31_Y13_N41            ; u_sys|u_synth|u_l2|form|x_mode[3]|clk                                                   ;
;   4.459  ;   0.533  ; RR ; CELL ; 1      ; FF_X31_Y13_N41            ; wpms_system:u_sys|wpms_synth_top:u_synth|wpms_l2_top:u_l2|wpms_formation:form|x_mode[3] ;
; 23.153   ; 18.694   ;    ;      ;        ;                           ; data path                                                                               ;
;   4.459  ;   0.000  ;    ; uTco ; 1      ; FF_X31_Y13_N41            ; wpms_system:u_sys|wpms_synth_top:u_synth|wpms_l2_top:u_l2|wpms_formation:form|x_mode[3] ;
;   4.459  ;   0.000  ; RR ; CELL ; 6      ; FF_X31_Y13_N41            ; u_sys|u_synth|u_l2|form|x_mode[3]|q                                                     ;
;   4.792  ;   0.333  ; RR ; IC   ; 1      ; LABCELL_X31_Y13_N27       ; u_sys|u_synth|u_l2|form|Decoder0~0|datac                                                ;
;   5.322  ;   0.530  ; RF ; CELL ; 4      ; LABCELL_X31_Y13_N27       ; u_sys|u_synth|u_l2|form|Decoder0~0|combout                                              ;
;   5.648  ;   0.326  ; FF ; IC   ; 1      ; LABCELL_X31_Y13_N9        ; u_sys|u_synth|u_l2|form|WideOr3~1|dataf                                                 ;
;   5.739  ;   0.091  ; FF ; CELL ; 91     ; LABCELL_X31_Y13_N9        ; u_sys|u_synth|u_l2|form|WideOr3~1|combout                                               ;
;   5.946  ;   0.207  ; FF ; IC   ; 1      ; LABCELL_X31_Y13_N45       ; u_sys|u_synth|u_l2|form|Equal54~1|datac                                                 ;
;   6.496  ;   0.550  ; FF ; CELL ; 46     ; LABCELL_X31_Y13_N45       ; u_sys|u_synth|u_l2|form|Equal54~1|combout                                               ;
;   7.382  ;   0.886  ; FF ; IC   ; 1      ; LABCELL_X31_Y16_N48       ; u_sys|u_synth|u_l2|form|m_b[3]~3|datac                                                  ;
;   7.925  ;   0.543  ; FF ; CELL ; 2      ; LABCELL_X31_Y16_N48       ; u_sys|u_synth|u_l2|form|m_b[3]~3|combout                                                ;
;   8.523  ;   0.598  ; FF ; IC   ; 33     ; DSP_X32_Y12_N0            ; u_sys|u_synth|u_l2|form|Mult0~515|ay[3]                                                 ;
;   12.924 ;   4.401  ; FF ; CELL ; 1      ; DSP_X32_Y12_N0            ; u_sys|u_synth|u_l2|form|Mult0~515|resulta[11]                                           ;
;   14.051 ;   1.127  ; FF ; IC   ; 2      ; LABCELL_X33_Y12_N3        ; u_sys|u_synth|u_l2|form|Mult0~137|datac                                                 ;
;   14.958 ;   0.907  ; FF ; CELL ; 1      ; LABCELL_X33_Y12_N3        ; u_sys|u_synth|u_l2|form|Mult0~137|cout                                                  ;
;   14.958 ;   0.000  ; FF ; IC   ; 2      ; LABCELL_X33_Y12_N6        ; u_sys|u_synth|u_l2|form|Mult0~145|cin                                                   ;
;   15.010 ;   0.052  ; FF ; CELL ; 1      ; LABCELL_X33_Y12_N6        ; u_sys|u_synth|u_l2|form|Mult0~145|cout                                                  ;
;   15.010 ;   0.000  ; FF ; IC   ; 2      ; LABCELL_X33_Y12_N9        ; u_sys|u_synth|u_l2|form|Mult0~1|cin                                                     ;
;   15.010 ;   0.000  ; FF ; CELL ; 1      ; LABCELL_X33_Y12_N9        ; u_sys|u_synth|u_l2|form|Mult0~1|cout                                                    ;
;   15.010 ;   0.000  ; FF ; IC   ; 2      ; LABCELL_X33_Y12_N12       ; u_sys|u_synth|u_l2|form|Mult0~9|cin                                                     ;
;   15.062 ;   0.052  ; FF ; CELL ; 1      ; LABCELL_X33_Y12_N12       ; u_sys|u_synth|u_l2|form|Mult0~9|cout                                                    ;
;   15.062 ;   0.000  ; FF ; IC   ; 2      ; LABCELL_X33_Y12_N15       ; u_sys|u_synth|u_l2|form|Mult0~5|cin                                                     ;
;   15.062 ;   0.000  ; FF ; CELL ; 1      ; LABCELL_X33_Y12_N15       ; u_sys|u_synth|u_l2|form|Mult0~5|cout                                                    ;
;   15.062 ;   0.000  ; FF ; IC   ; 2      ; LABCELL_X33_Y12_N18       ; u_sys|u_synth|u_l2|form|Mult0~13|cin                                                    ;
;   15.114 ;   0.052  ; FF ; CELL ; 1      ; LABCELL_X33_Y12_N18       ; u_sys|u_synth|u_l2|form|Mult0~13|cout                                                   ;
;   15.114 ;   0.000  ; FF ; IC   ; 2      ; LABCELL_X33_Y12_N21       ; u_sys|u_synth|u_l2|form|Mult0~33|cin                                                    ;
;   15.114 ;   0.000  ; FF ; CELL ; 1      ; LABCELL_X33_Y12_N21       ; u_sys|u_synth|u_l2|form|Mult0~33|cout                                                   ;
;   15.114 ;   0.000  ; FF ; IC   ; 2      ; LABCELL_X33_Y12_N24       ; u_sys|u_synth|u_l2|form|Mult0~41|cin                                                    ;
;   15.180 ;   0.066  ; FF ; CELL ; 1      ; LABCELL_X33_Y12_N24       ; u_sys|u_synth|u_l2|form|Mult0~41|cout                                                   ;
;   15.180 ;   0.000  ; FF ; IC   ; 2      ; LABCELL_X33_Y12_N27       ; u_sys|u_synth|u_l2|form|Mult0~37|cin                                                    ;
;   15.180 ;   0.000  ; FF ; CELL ; 1      ; LABCELL_X33_Y12_N27       ; u_sys|u_synth|u_l2|form|Mult0~37|cout                                                   ;
;   15.180 ;   0.000  ; FF ; IC   ; 2      ; LABCELL_X33_Y12_N30       ; u_sys|u_synth|u_l2|form|Mult0~45|cin                                                    ;
;   15.658 ;   0.478  ; FF ; CELL ; 4      ; LABCELL_X33_Y12_N30       ; u_sys|u_synth|u_l2|form|Mult0~45|sumout                                                 ;
;   16.470 ;   0.812  ; FF ; IC   ; 1      ; MLABCELL_X34_Y11_N18      ; u_sys|u_synth|u_l2|form|ShiftRight1~84|datad                                            ;
;   17.125 ;   0.655  ; FF ; CELL ; 4      ; MLABCELL_X34_Y11_N18      ; u_sys|u_synth|u_l2|form|ShiftRight1~84|combout                                          ;
;   17.358 ;   0.233  ; FF ; IC   ; 1      ; MLABCELL_X34_Y11_N42      ; u_sys|u_synth|u_l2|form|ShiftRight1~146|datac                                           ;
;   17.909 ;   0.551  ; FF ; CELL ; 4      ; MLABCELL_X34_Y11_N42      ; u_sys|u_synth|u_l2|form|ShiftRight1~146|combout                                         ;
;   18.793 ;   0.884  ; FF ; IC   ; 2      ; LABCELL_X35_Y14_N54       ; u_sys|u_synth|u_l2|form|Add0~181|datac                                                  ;
;   19.736 ;   0.943  ; FF ; CELL ; 1      ; LABCELL_X35_Y14_N54       ; u_sys|u_synth|u_l2|form|Add0~181|cout                                                   ;
;   19.736 ;   0.000  ; FF ; IC   ; 2      ; LABCELL_X35_Y14_N57       ; u_sys|u_synth|u_l2|form|Add0~173|cin                                                    ;
;   19.736 ;   0.000  ; FF ; CELL ; 1      ; LABCELL_X35_Y14_N57       ; u_sys|u_synth|u_l2|form|Add0~173|cout                                                   ;
;   19.736 ;   0.000  ; FF ; IC   ; 2      ; LABCELL_X35_Y13_N30       ; u_sys|u_synth|u_l2|form|Add0~177|cin                                                    ;
;   19.892 ;   0.156  ; FF ; CELL ; 1      ; LABCELL_X35_Y13_N30       ; u_sys|u_synth|u_l2|form|Add0~177|cout                                                   ;
;   19.892 ;   0.000  ; FF ; IC   ; 2      ; LABCELL_X35_Y13_N33       ; u_sys|u_synth|u_l2|form|Add0~169|cin                                                    ;
;   19.892 ;   0.000  ; FF ; CELL ; 1      ; LABCELL_X35_Y13_N33       ; u_sys|u_synth|u_l2|form|Add0~169|cout                                                   ;
;   19.892 ;   0.000  ; FF ; IC   ; 2      ; LABCELL_X35_Y13_N36       ; u_sys|u_synth|u_l2|form|Add0~149|cin                                                    ;
;   19.944 ;   0.052  ; FF ; CELL ; 1      ; LABCELL_X35_Y13_N36       ; u_sys|u_synth|u_l2|form|Add0~149|cout                                                   ;
;   19.944 ;   0.000  ; FF ; IC   ; 2      ; LABCELL_X35_Y13_N39       ; u_sys|u_synth|u_l2|form|Add0~141|cin                                                    ;
;   19.944 ;   0.000  ; FF ; CELL ; 1      ; LABCELL_X35_Y13_N39       ; u_sys|u_synth|u_l2|form|Add0~141|cout                                                   ;
;   19.944 ;   0.000  ; FF ; IC   ; 2      ; LABCELL_X35_Y13_N42       ; u_sys|u_synth|u_l2|form|Add0~145|cin                                                    ;
;   19.996 ;   0.052  ; FF ; CELL ; 1      ; LABCELL_X35_Y13_N42       ; u_sys|u_synth|u_l2|form|Add0~145|cout                                                   ;
;   19.996 ;   0.000  ; FF ; IC   ; 2      ; LABCELL_X35_Y13_N45       ; u_sys|u_synth|u_l2|form|Add0~137|cin                                                    ;
;   19.996 ;   0.000  ; FF ; CELL ; 1      ; LABCELL_X35_Y13_N45       ; u_sys|u_synth|u_l2|form|Add0~137|cout                                                   ;
;   19.996 ;   0.000  ; FF ; IC   ; 2      ; LABCELL_X35_Y13_N48       ; u_sys|u_synth|u_l2|form|Add0~257|cin                                                    ;
;   20.048 ;   0.052  ; FF ; CELL ; 1      ; LABCELL_X35_Y13_N48       ; u_sys|u_synth|u_l2|form|Add0~257|cout                                                   ;
;   20.048 ;   0.000  ; FF ; IC   ; 2      ; LABCELL_X35_Y13_N51       ; u_sys|u_synth|u_l2|form|Add0~249|cin                                                    ;
;   20.048 ;   0.000  ; FF ; CELL ; 1      ; LABCELL_X35_Y13_N51       ; u_sys|u_synth|u_l2|form|Add0~249|cout                                                   ;
;   20.048 ;   0.000  ; FF ; IC   ; 2      ; LABCELL_X35_Y13_N54       ; u_sys|u_synth|u_l2|form|Add0~253|cin                                                    ;
;   20.097 ;   0.049  ; FF ; CELL ; 1      ; LABCELL_X35_Y13_N54       ; u_sys|u_synth|u_l2|form|Add0~253|cout                                                   ;
;   20.097 ;   0.000  ; FF ; IC   ; 2      ; LABCELL_X35_Y13_N57       ; u_sys|u_synth|u_l2|form|Add0~245|cin                                                    ;
;   20.097 ;   0.000  ; FF ; CELL ; 1      ; LABCELL_X35_Y13_N57       ; u_sys|u_synth|u_l2|form|Add0~245|cout                                                   ;
;   20.097 ;   0.000  ; FF ; IC   ; 2      ; LABCELL_X35_Y12_N30       ; u_sys|u_synth|u_l2|form|Add0~225|cin                                                    ;
;   20.253 ;   0.156  ; FF ; CELL ; 1      ; LABCELL_X35_Y12_N30       ; u_sys|u_synth|u_l2|form|Add0~225|cout                                                   ;
;   20.253 ;   0.000  ; FF ; IC   ; 2      ; LABCELL_X35_Y12_N33       ; u_sys|u_synth|u_l2|form|Add0~217|cin                                                    ;
;   20.253 ;   0.000  ; FF ; CELL ; 1      ; LABCELL_X35_Y12_N33       ; u_sys|u_synth|u_l2|form|Add0~217|cout                                                   ;
;   20.253 ;   0.000  ; FF ; IC   ; 2      ; LABCELL_X35_Y12_N36       ; u_sys|u_synth|u_l2|form|Add0~221|cin                                                    ;
;   20.305 ;   0.052  ; FF ; CELL ; 1      ; LABCELL_X35_Y12_N36       ; u_sys|u_synth|u_l2|form|Add0~221|cout                                                   ;
;   20.305 ;   0.000  ; FF ; IC   ; 2      ; LABCELL_X35_Y12_N39       ; u_sys|u_synth|u_l2|form|Add0~213|cin                                                    ;
;   20.305 ;   0.000  ; FF ; CELL ; 1      ; LABCELL_X35_Y12_N39       ; u_sys|u_synth|u_l2|form|Add0~213|cout                                                   ;
;   20.305 ;   0.000  ; FF ; IC   ; 2      ; LABCELL_X35_Y12_N42       ; u_sys|u_synth|u_l2|form|Add0~241|cin                                                    ;
;   20.357 ;   0.052  ; FF ; CELL ; 1      ; LABCELL_X35_Y12_N42       ; u_sys|u_synth|u_l2|form|Add0~241|cout                                                   ;
;   20.357 ;   0.000  ; FF ; IC   ; 2      ; LABCELL_X35_Y12_N45       ; u_sys|u_synth|u_l2|form|Add0~233|cin                                                    ;
;   20.357 ;   0.000  ; FF ; CELL ; 1      ; LABCELL_X35_Y12_N45       ; u_sys|u_synth|u_l2|form|Add0~233|cout                                                   ;
;   20.357 ;   0.000  ; FF ; IC   ; 2      ; LABCELL_X35_Y12_N48       ; u_sys|u_synth|u_l2|form|Add0~237|cin                                                    ;
;   20.409 ;   0.052  ; FF ; CELL ; 1      ; LABCELL_X35_Y12_N48       ; u_sys|u_synth|u_l2|form|Add0~237|cout                                                   ;
;   20.409 ;   0.000  ; FF ; IC   ; 2      ; LABCELL_X35_Y12_N51       ; u_sys|u_synth|u_l2|form|Add0~229|cin                                                    ;
;   20.409 ;   0.000  ; FF ; CELL ; 1      ; LABCELL_X35_Y12_N51       ; u_sys|u_synth|u_l2|form|Add0~229|cout                                                   ;
;   20.409 ;   0.000  ; FF ; IC   ; 2      ; LABCELL_X35_Y12_N54       ; u_sys|u_synth|u_l2|form|Add0~209|cin                                                    ;
;   20.458 ;   0.049  ; FF ; CELL ; 1      ; LABCELL_X35_Y12_N54       ; u_sys|u_synth|u_l2|form|Add0~209|cout                                                   ;
;   20.458 ;   0.000  ; FF ; IC   ; 2      ; LABCELL_X35_Y12_N57       ; u_sys|u_synth|u_l2|form|Add0~201|cin                                                    ;
;   20.458 ;   0.000  ; FF ; CELL ; 1      ; LABCELL_X35_Y12_N57       ; u_sys|u_synth|u_l2|form|Add0~201|cout                                                   ;
;   20.458 ;   0.000  ; FF ; IC   ; 2      ; LABCELL_X35_Y11_N0        ; u_sys|u_synth|u_l2|form|Add0~205|cin                                                    ;
;   20.579 ;   0.121  ; FF ; CELL ; 1      ; LABCELL_X35_Y11_N0        ; u_sys|u_synth|u_l2|form|Add0~205|cout                                                   ;
;   20.579 ;   0.000  ; FF ; IC   ; 2      ; LABCELL_X35_Y11_N3        ; u_sys|u_synth|u_l2|form|Add0~1|cin                                                      ;
;   20.579 ;   0.000  ; FF ; CELL ; 1      ; LABCELL_X35_Y11_N3        ; u_sys|u_synth|u_l2|form|Add0~1|cout                                                     ;
;   20.579 ;   0.000  ; FF ; IC   ; 2      ; LABCELL_X35_Y11_N6        ; u_sys|u_synth|u_l2|form|Add0~105|cin                                                    ;
;   20.631 ;   0.052  ; FF ; CELL ; 1      ; LABCELL_X35_Y11_N6        ; u_sys|u_synth|u_l2|form|Add0~105|cout                                                   ;
;   20.631 ;   0.000  ; FF ; IC   ; 2      ; LABCELL_X35_Y11_N9        ; u_sys|u_synth|u_l2|form|Add0~109|cin                                                    ;
;   20.631 ;   0.000  ; FF ; CELL ; 1      ; LABCELL_X35_Y11_N9        ; u_sys|u_synth|u_l2|form|Add0~109|cout                                                   ;
;   20.631 ;   0.000  ; FF ; IC   ; 2      ; LABCELL_X35_Y11_N12       ; u_sys|u_synth|u_l2|form|Add0~113|cin                                                    ;
;   20.683 ;   0.052  ; FF ; CELL ; 1      ; LABCELL_X35_Y11_N12       ; u_sys|u_synth|u_l2|form|Add0~113|cout                                                   ;
;   20.683 ;   0.000  ; FF ; IC   ; 2      ; LABCELL_X35_Y11_N15       ; u_sys|u_synth|u_l2|form|Add0~117|cin                                                    ;
;   20.683 ;   0.000  ; FF ; CELL ; 1      ; LABCELL_X35_Y11_N15       ; u_sys|u_synth|u_l2|form|Add0~117|cout                                                   ;
;   20.683 ;   0.000  ; FF ; IC   ; 2      ; LABCELL_X35_Y11_N18       ; u_sys|u_synth|u_l2|form|Add0~121|cin                                                    ;
;   20.735 ;   0.052  ; FF ; CELL ; 1      ; LABCELL_X35_Y11_N18       ; u_sys|u_synth|u_l2|form|Add0~121|cout                                                   ;
;   20.735 ;   0.000  ; FF ; IC   ; 2      ; LABCELL_X35_Y11_N21       ; u_sys|u_synth|u_l2|form|Add0~85|cin                                                     ;
;   20.735 ;   0.000  ; FF ; CELL ; 1      ; LABCELL_X35_Y11_N21       ; u_sys|u_synth|u_l2|form|Add0~85|cout                                                    ;
;   20.735 ;   0.000  ; FF ; IC   ; 2      ; LABCELL_X35_Y11_N24       ; u_sys|u_synth|u_l2|form|Add0~89|cin                                                     ;
;   20.801 ;   0.066  ; FF ; CELL ; 1      ; LABCELL_X35_Y11_N24       ; u_sys|u_synth|u_l2|form|Add0~89|cout                                                    ;
;   20.801 ;   0.000  ; FF ; IC   ; 2      ; LABCELL_X35_Y11_N27       ; u_sys|u_synth|u_l2|form|Add0~93|cin                                                     ;
;   20.801 ;   0.000  ; FF ; CELL ; 1      ; LABCELL_X35_Y11_N27       ; u_sys|u_synth|u_l2|form|Add0~93|cout                                                    ;
;   20.801 ;   0.000  ; FF ; IC   ; 2      ; LABCELL_X35_Y11_N30       ; u_sys|u_synth|u_l2|form|Add0~97|cin                                                     ;
;   20.931 ;   0.130  ; FF ; CELL ; 1      ; LABCELL_X35_Y11_N30       ; u_sys|u_synth|u_l2|form|Add0~97|cout                                                    ;
;   20.931 ;   0.000  ; FF ; IC   ; 2      ; LABCELL_X35_Y11_N33       ; u_sys|u_synth|u_l2|form|Add0~101|cin                                                    ;
;   20.931 ;   0.000  ; FF ; CELL ; 1      ; LABCELL_X35_Y11_N33       ; u_sys|u_synth|u_l2|form|Add0~101|cout                                                   ;
;   20.931 ;   0.000  ; FF ; IC   ; 2      ; LABCELL_X35_Y11_N36       ; u_sys|u_synth|u_l2|form|Add0~65|cin                                                     ;
;   20.983 ;   0.052  ; FF ; CELL ; 1      ; LABCELL_X35_Y11_N36       ; u_sys|u_synth|u_l2|form|Add0~65|cout                                                    ;
;   20.983 ;   0.000  ; FF ; IC   ; 2      ; LABCELL_X35_Y11_N39       ; u_sys|u_synth|u_l2|form|Add0~69|cin                                                     ;
;   20.983 ;   0.000  ; FF ; CELL ; 1      ; LABCELL_X35_Y11_N39       ; u_sys|u_synth|u_l2|form|Add0~69|cout                                                    ;
;   20.983 ;   0.000  ; FF ; IC   ; 2      ; LABCELL_X35_Y11_N42       ; u_sys|u_synth|u_l2|form|Add0~73|cin                                                     ;
;   21.035 ;   0.052  ; FF ; CELL ; 1      ; LABCELL_X35_Y11_N42       ; u_sys|u_synth|u_l2|form|Add0~73|cout                                                    ;
;   21.035 ;   0.000  ; FF ; IC   ; 2      ; LABCELL_X35_Y11_N45       ; u_sys|u_synth|u_l2|form|Add0~77|cin                                                     ;
;   21.035 ;   0.000  ; FF ; CELL ; 1      ; LABCELL_X35_Y11_N45       ; u_sys|u_synth|u_l2|form|Add0~77|cout                                                    ;
;   21.035 ;   0.000  ; FF ; IC   ; 2      ; LABCELL_X35_Y11_N48       ; u_sys|u_synth|u_l2|form|Add0~81|cin                                                     ;
;   21.087 ;   0.052  ; FF ; CELL ; 1      ; LABCELL_X35_Y11_N48       ; u_sys|u_synth|u_l2|form|Add0~81|cout                                                    ;
;   21.087 ;   0.000  ; FF ; IC   ; 2      ; LABCELL_X35_Y11_N51       ; u_sys|u_synth|u_l2|form|Add0~45|cin                                                     ;
;   21.087 ;   0.000  ; FF ; CELL ; 1      ; LABCELL_X35_Y11_N51       ; u_sys|u_synth|u_l2|form|Add0~45|cout                                                    ;
;   21.087 ;   0.000  ; FF ; IC   ; 2      ; LABCELL_X35_Y11_N54       ; u_sys|u_synth|u_l2|form|Add0~49|cin                                                     ;
;   21.136 ;   0.049  ; FF ; CELL ; 1      ; LABCELL_X35_Y11_N54       ; u_sys|u_synth|u_l2|form|Add0~49|cout                                                    ;
;   21.136 ;   0.000  ; FF ; IC   ; 2      ; LABCELL_X35_Y11_N57       ; u_sys|u_synth|u_l2|form|Add0~53|cin                                                     ;
;   21.136 ;   0.000  ; FF ; CELL ; 1      ; LABCELL_X35_Y11_N57       ; u_sys|u_synth|u_l2|form|Add0~53|cout                                                    ;
;   21.136 ;   0.000  ; FF ; IC   ; 2      ; LABCELL_X35_Y10_N0        ; u_sys|u_synth|u_l2|form|Add0~57|cin                                                     ;
;   21.257 ;   0.121  ; FF ; CELL ; 1      ; LABCELL_X35_Y10_N0        ; u_sys|u_synth|u_l2|form|Add0~57|cout                                                    ;
;   21.257 ;   0.000  ; FF ; IC   ; 2      ; LABCELL_X35_Y10_N3        ; u_sys|u_synth|u_l2|form|Add0~61|cin                                                     ;
;   21.257 ;   0.000  ; FF ; CELL ; 1      ; LABCELL_X35_Y10_N3        ; u_sys|u_synth|u_l2|form|Add0~61|cout                                                    ;
;   21.257 ;   0.000  ; FF ; IC   ; 2      ; LABCELL_X35_Y10_N6        ; u_sys|u_synth|u_l2|form|Add0~25|cin                                                     ;
;   21.309 ;   0.052  ; FF ; CELL ; 1      ; LABCELL_X35_Y10_N6        ; u_sys|u_synth|u_l2|form|Add0~25|cout                                                    ;
;   21.309 ;   0.000  ; FF ; IC   ; 2      ; LABCELL_X35_Y10_N9        ; u_sys|u_synth|u_l2|form|Add0~29|cin                                                     ;
;   21.309 ;   0.000  ; FF ; CELL ; 1      ; LABCELL_X35_Y10_N9        ; u_sys|u_synth|u_l2|form|Add0~29|cout                                                    ;
;   21.309 ;   0.000  ; FF ; IC   ; 2      ; LABCELL_X35_Y10_N12       ; u_sys|u_synth|u_l2|form|Add0~33|cin                                                     ;
;   21.361 ;   0.052  ; FF ; CELL ; 1      ; LABCELL_X35_Y10_N12       ; u_sys|u_synth|u_l2|form|Add0~33|cout                                                    ;
;   21.361 ;   0.000  ; FF ; IC   ; 2      ; LABCELL_X35_Y10_N15       ; u_sys|u_synth|u_l2|form|Add0~37|cin                                                     ;
;   21.361 ;   0.000  ; FF ; CELL ; 1      ; LABCELL_X35_Y10_N15       ; u_sys|u_synth|u_l2|form|Add0~37|cout                                                    ;
;   21.361 ;   0.000  ; FF ; IC   ; 2      ; LABCELL_X35_Y10_N18       ; u_sys|u_synth|u_l2|form|Add0~41|cin                                                     ;
;   21.413 ;   0.052  ; FF ; CELL ; 1      ; LABCELL_X35_Y10_N18       ; u_sys|u_synth|u_l2|form|Add0~41|cout                                                    ;
;   21.413 ;   0.000  ; FF ; IC   ; 2      ; LABCELL_X35_Y10_N21       ; u_sys|u_synth|u_l2|form|Add0~5|cin                                                      ;
;   21.413 ;   0.000  ; FF ; CELL ; 1      ; LABCELL_X35_Y10_N21       ; u_sys|u_synth|u_l2|form|Add0~5|cout                                                     ;
;   21.413 ;   0.000  ; FF ; IC   ; 2      ; LABCELL_X35_Y10_N24       ; u_sys|u_synth|u_l2|form|Add0~9|cin                                                      ;
;   21.479 ;   0.066  ; FF ; CELL ; 1      ; LABCELL_X35_Y10_N24       ; u_sys|u_synth|u_l2|form|Add0~9|cout                                                     ;
;   21.479 ;   0.000  ; FF ; IC   ; 2      ; LABCELL_X35_Y10_N27       ; u_sys|u_synth|u_l2|form|Add0~13|cin                                                     ;
;   21.479 ;   0.000  ; FF ; CELL ; 1      ; LABCELL_X35_Y10_N27       ; u_sys|u_synth|u_l2|form|Add0~13|cout                                                    ;
;   21.479 ;   0.000  ; FF ; IC   ; 2      ; LABCELL_X35_Y10_N30       ; u_sys|u_synth|u_l2|form|Add0~17|cin                                                     ;
;   21.955 ;   0.476  ; FF ; CELL ; 1      ; LABCELL_X35_Y10_N30       ; u_sys|u_synth|u_l2|form|Add0~17|sumout                                                  ;
;   22.481 ;   0.526  ; FF ; IC   ; 1      ; FF_X36_Y10_N11            ; u_sys|u_synth|u_l2|form|w_hi[29]|asdata                                                 ;
;   23.153 ;   0.672  ; FF ; CELL ; 1      ; FF_X36_Y10_N11            ; wpms_system:u_sys|wpms_synth_top:u_synth|wpms_l2_top:u_l2|wpms_formation:form|w_hi[29]  ;
+----------+----------+----+------+--------+---------------------------+-----------------------------------------------------------------------------------------+

+---------------------------------------------------------------------------------------------------------------------------------------------------------------+
; Data Required Path                                                                                                                                            ;
+----------+----------+----+------+--------+---------------------------+----------------------------------------------------------------------------------------+
; Total    ; Incr     ; RF ; Type ; Fanout ; Location                  ; Element                                                                                ;
+----------+----------+----+------+--------+---------------------------+----------------------------------------------------------------------------------------+
; 20.000   ; 20.000   ;    ;      ;        ;                           ; latch edge time                                                                        ;
; 24.345   ; 4.345    ;    ;      ;        ;                           ; clock path                                                                             ;
;   20.000 ;   0.000  ;    ;      ;        ;                           ; source latency                                                                         ;
;   20.000 ;   0.000  ;    ;      ; 1      ; PIN_V11                   ; FPGA_CLK1_50                                                                           ;
;   20.000 ;   0.000  ; RR ; IC   ; 1      ; IOIBUF_X32_Y0_N1          ; FPGA_CLK1_50~input|i                                                                   ;
;   20.785 ;   0.785  ; RR ; CELL ; 2      ; IOIBUF_X32_Y0_N1          ; FPGA_CLK1_50~input|o                                                                   ;
;   21.953 ;   1.168  ; RR ; IC   ; 1      ; PLLREFCLKSELECT_X0_Y7_N0  ; u_pll_sys|g_intel.g_one.u_pll|general[0].gpll~PLL_REFCLK_SELECT|clkin[0]               ;
;   22.265 ;   0.312  ; RR ; CELL ; 1      ; PLLREFCLKSELECT_X0_Y7_N0  ; u_pll_sys|g_intel.g_one.u_pll|general[0].gpll~PLL_REFCLK_SELECT|clkout                 ;
;   22.265 ;   0.000  ; RR ; IC   ; 10     ; FRACTIONALPLL_X0_Y1_N0    ; u_pll_sys|g_intel.g_one.u_pll|general[0].gpll~FRACTIONAL_PLL|refclkin                  ;
;   17.117 ;   -5.148 ; RR ; COMP ; 1      ; FRACTIONALPLL_X0_Y1_N0    ; u_pll_sys|g_intel.g_one.u_pll|general[0].gpll~FRACTIONAL_PLL|vcoph[0]                  ;
;   17.117 ;   0.000  ; RR ; IC   ; 1      ; PLLOUTPUTCOUNTER_X0_Y4_N1 ; u_pll_sys|g_intel.g_one.u_pll|general[0].gpll~PLL_OUTPUT_COUNTER|vco0ph[0]             ;
;   18.592 ;   1.475  ; RR ; CELL ; 1      ; PLLOUTPUTCOUNTER_X0_Y4_N1 ; u_pll_sys|g_intel.g_one.u_pll|general[0].gpll~PLL_OUTPUT_COUNTER|divclk                ;
;   19.544 ;   0.952  ; RR ; IC   ; 1      ; CLKCTRL_G3                ; u_pll_sys|g_intel.g_one.u_pll|outclk_wire[0]~CLKENA0|inclk                             ;
;   19.869 ;   0.325  ; RR ; CELL ; 13501  ; CLKCTRL_G3                ; u_pll_sys|g_intel.g_one.u_pll|outclk_wire[0]~CLKENA0|outclk                            ;
;   21.867 ;   1.998  ; RR ; IC   ; 1      ; FF_X36_Y10_N11            ; u_sys|u_synth|u_l2|form|w_hi[29]|clk                                                   ;
;   22.330 ;   0.463  ; RR ; CELL ; 1      ; FF_X36_Y10_N11            ; wpms_system:u_sys|wpms_synth_top:u_synth|wpms_l2_top:u_l2|wpms_formation:form|w_hi[29] ;
;   24.345 ;   2.015  ;    ;      ;        ;                           ; clock pessimism removed                                                                ;
; 24.265   ; -0.080   ;    ;      ;        ;                           ; clock uncertainty                                                                      ;
; 24.265   ; 0.000    ;    ; uTsu ; 1      ; FF_X36_Y10_N11            ; wpms_system:u_sys|wpms_synth_top:u_synth|wpms_l2_top:u_l2|wpms_formation:form|w_hi[29] ;
+----------+----------+----+------+--------+---------------------------+----------------------------------------------------------------------------------------+

----------------------------
; Extra Fitter Information ;
----------------------------
HTML report is unavailable in plain text report export.


Path #3: Setup slack is 1.278 
===============================================================================
+--------------------------------------------------------------------------------------------------------------+
; Path Summary                                                                                                 ;
+--------------------+-----------------------------------------------------------------------------------------+
; Property           ; Value                                                                                   ;
+--------------------+-----------------------------------------------------------------------------------------+
; From Node          ; wpms_system:u_sys|wpms_synth_top:u_synth|wpms_l2_top:u_l2|wpms_formation:form|x_mode[3] ;
; To Node            ; wpms_system:u_sys|wpms_synth_top:u_synth|wpms_l2_top:u_l2|wpms_formation:form|w_hi[33]  ;
; Launch Clock       ; u_pll_sys|g_intel.g_one.u_pll|general[0].gpll~PLL_OUTPUT_COUNTER|divclk                 ;
; Latch Clock        ; u_pll_sys|g_intel.g_one.u_pll|general[0].gpll~PLL_OUTPUT_COUNTER|divclk                 ;
; Data Arrival Time  ; 22.986                                                                                  ;
; Data Required Time ; 24.264                                                                                  ;
; Slack              ; 1.278                                                                                   ;
+--------------------+-----------------------------------------------------------------------------------------+

+--------------------------------------------------------------------------------------+
; Statistics                                                                           ;
+------------------------+--------+-------+-------------+------------+--------+--------+
; Property               ; Value  ; Count ; Total Delay ; % of Total ; Min    ; Max    ;
+------------------------+--------+-------+-------------+------------+--------+--------+
; Setup Relationship     ; 20.000 ;       ;             ;            ;        ;        ;
; Clock Skew             ; -0.115 ;       ;             ;            ;        ;        ;
; Data Delay             ; 18.527 ;       ;             ;            ;        ;        ;
; Number of Logic Levels ;        ; 10    ;             ;            ;        ;        ;
; Physical Delays        ;        ;       ;             ;            ;        ;        ;
;  Arrival Path          ;        ;       ;             ;            ;        ;        ;
;   Clock                ;        ;       ;             ;            ;        ;        ;
;    IC                  ;        ; 6     ; 4.758       ; 56         ; 0.000  ; 2.431  ;
;    Cell                ;        ; 5     ; 3.701       ; 44         ; 0.333  ; 1.702  ;
;    PLL Compensation    ;        ; 1     ; -4.000      ; 0          ; -4.000 ; -4.000 ;
;   Data                 ;        ;       ;             ;            ;        ;        ;
;    IC                  ;        ; 76    ; 5.954       ; 32         ; 0.000  ; 1.127  ;
;    Cell                ;        ; 77    ; 12.573      ; 68         ; 0.000  ; 4.401  ;
;    uTco                ;        ; 1     ; 0.000       ; 0          ; 0.000  ; 0.000  ;
;  Required Path         ;        ;       ;             ;            ;        ;        ;
;   Clock                ;        ;       ;             ;            ;        ;        ;
;    IC                  ;        ; 6     ; 4.118       ; 55         ; 0.000  ; 1.998  ;
;    Cell                ;        ; 5     ; 3.359       ; 45         ; 0.312  ; 1.475  ;
;    PLL Compensation    ;        ; 1     ; -5.148      ; 0          ; -5.148 ; -5.148 ;
+------------------------+--------+-------+-------------+------------+--------+--------+
Note: Negative delays are omitted from totals when calculating percentages

+----------------------------------------------------------------------------------------------------------------------------------------------------------------+
; Data Arrival Path                                                                                                                                              ;
+----------+----------+----+------+--------+---------------------------+-----------------------------------------------------------------------------------------+
; Total    ; Incr     ; RF ; Type ; Fanout ; Location                  ; Element                                                                                 ;
+----------+----------+----+------+--------+---------------------------+-----------------------------------------------------------------------------------------+
; 0.000    ; 0.000    ;    ;      ;        ;                           ; launch edge time                                                                        ;
; 4.459    ; 4.459    ;    ;      ;        ;                           ; clock path                                                                              ;
;   0.000  ;   0.000  ;    ;      ;        ;                           ; source latency                                                                          ;
;   0.000  ;   0.000  ;    ;      ; 1      ; PIN_V11                   ; FPGA_CLK1_50                                                                            ;
;   0.000  ;   0.000  ; RR ; IC   ; 1      ; IOIBUF_X32_Y0_N1          ; FPGA_CLK1_50~input|i                                                                    ;
;   0.785  ;   0.785  ; RR ; CELL ; 2      ; IOIBUF_X32_Y0_N1          ; FPGA_CLK1_50~input|o                                                                    ;
;   2.101  ;   1.316  ; RR ; IC   ; 1      ; PLLREFCLKSELECT_X0_Y7_N0  ; u_pll_sys|g_intel.g_one.u_pll|general[0].gpll~PLL_REFCLK_SELECT|clkin[0]                ;
;   2.434  ;   0.333  ; RR ; CELL ; 1      ; PLLREFCLKSELECT_X0_Y7_N0  ; u_pll_sys|g_intel.g_one.u_pll|general[0].gpll~PLL_REFCLK_SELECT|clkout                  ;
;   2.434  ;   0.000  ; RR ; IC   ; 10     ; FRACTIONALPLL_X0_Y1_N0    ; u_pll_sys|g_intel.g_one.u_pll|general[0].gpll~FRACTIONAL_PLL|refclkin                   ;
;   -1.566 ;   -4.000 ; RR ; COMP ; 1      ; FRACTIONALPLL_X0_Y1_N0    ; u_pll_sys|g_intel.g_one.u_pll|general[0].gpll~FRACTIONAL_PLL|vcoph[0]                   ;
;   -1.566 ;   0.000  ; RR ; IC   ; 1      ; PLLOUTPUTCOUNTER_X0_Y4_N1 ; u_pll_sys|g_intel.g_one.u_pll|general[0].gpll~PLL_OUTPUT_COUNTER|vco0ph[0]              ;
;   0.136  ;   1.702  ; RR ; CELL ; 1      ; PLLOUTPUTCOUNTER_X0_Y4_N1 ; u_pll_sys|g_intel.g_one.u_pll|general[0].gpll~PLL_OUTPUT_COUNTER|divclk                 ;
;   1.147  ;   1.011  ; RR ; IC   ; 1      ; CLKCTRL_G3                ; u_pll_sys|g_intel.g_one.u_pll|outclk_wire[0]~CLKENA0|inclk                              ;
;   1.495  ;   0.348  ; RR ; CELL ; 13501  ; CLKCTRL_G3                ; u_pll_sys|g_intel.g_one.u_pll|outclk_wire[0]~CLKENA0|outclk                             ;
;   3.926  ;   2.431  ; RR ; IC   ; 1      ; FF_X31_Y13_N41            ; u_sys|u_synth|u_l2|form|x_mode[3]|clk                                                   ;
;   4.459  ;   0.533  ; RR ; CELL ; 1      ; FF_X31_Y13_N41            ; wpms_system:u_sys|wpms_synth_top:u_synth|wpms_l2_top:u_l2|wpms_formation:form|x_mode[3] ;
; 22.986   ; 18.527   ;    ;      ;        ;                           ; data path                                                                               ;
;   4.459  ;   0.000  ;    ; uTco ; 1      ; FF_X31_Y13_N41            ; wpms_system:u_sys|wpms_synth_top:u_synth|wpms_l2_top:u_l2|wpms_formation:form|x_mode[3] ;
;   4.459  ;   0.000  ; RR ; CELL ; 6      ; FF_X31_Y13_N41            ; u_sys|u_synth|u_l2|form|x_mode[3]|q                                                     ;
;   4.792  ;   0.333  ; RR ; IC   ; 1      ; LABCELL_X31_Y13_N27       ; u_sys|u_synth|u_l2|form|Decoder0~0|datac                                                ;
;   5.322  ;   0.530  ; RF ; CELL ; 4      ; LABCELL_X31_Y13_N27       ; u_sys|u_synth|u_l2|form|Decoder0~0|combout                                              ;
;   5.648  ;   0.326  ; FF ; IC   ; 1      ; LABCELL_X31_Y13_N9        ; u_sys|u_synth|u_l2|form|WideOr3~1|dataf                                                 ;
;   5.739  ;   0.091  ; FF ; CELL ; 91     ; LABCELL_X31_Y13_N9        ; u_sys|u_synth|u_l2|form|WideOr3~1|combout                                               ;
;   5.946  ;   0.207  ; FF ; IC   ; 1      ; LABCELL_X31_Y13_N45       ; u_sys|u_synth|u_l2|form|Equal54~1|datac                                                 ;
;   6.496  ;   0.550  ; FF ; CELL ; 46     ; LABCELL_X31_Y13_N45       ; u_sys|u_synth|u_l2|form|Equal54~1|combout                                               ;
;   7.382  ;   0.886  ; FF ; IC   ; 1      ; LABCELL_X31_Y16_N48       ; u_sys|u_synth|u_l2|form|m_b[3]~3|datac                                                  ;
;   7.925  ;   0.543  ; FF ; CELL ; 2      ; LABCELL_X31_Y16_N48       ; u_sys|u_synth|u_l2|form|m_b[3]~3|combout                                                ;
;   8.523  ;   0.598  ; FF ; IC   ; 33     ; DSP_X32_Y12_N0            ; u_sys|u_synth|u_l2|form|Mult0~515|ay[3]                                                 ;
;   12.924 ;   4.401  ; FF ; CELL ; 1      ; DSP_X32_Y12_N0            ; u_sys|u_synth|u_l2|form|Mult0~515|resulta[11]                                           ;
;   14.051 ;   1.127  ; FF ; IC   ; 2      ; LABCELL_X33_Y12_N3        ; u_sys|u_synth|u_l2|form|Mult0~137|datac                                                 ;
;   14.958 ;   0.907  ; FF ; CELL ; 1      ; LABCELL_X33_Y12_N3        ; u_sys|u_synth|u_l2|form|Mult0~137|cout                                                  ;
;   14.958 ;   0.000  ; FF ; IC   ; 2      ; LABCELL_X33_Y12_N6        ; u_sys|u_synth|u_l2|form|Mult0~145|cin                                                   ;
;   15.010 ;   0.052  ; FF ; CELL ; 1      ; LABCELL_X33_Y12_N6        ; u_sys|u_synth|u_l2|form|Mult0~145|cout                                                  ;
;   15.010 ;   0.000  ; FF ; IC   ; 2      ; LABCELL_X33_Y12_N9        ; u_sys|u_synth|u_l2|form|Mult0~1|cin                                                     ;
;   15.010 ;   0.000  ; FF ; CELL ; 1      ; LABCELL_X33_Y12_N9        ; u_sys|u_synth|u_l2|form|Mult0~1|cout                                                    ;
;   15.010 ;   0.000  ; FF ; IC   ; 2      ; LABCELL_X33_Y12_N12       ; u_sys|u_synth|u_l2|form|Mult0~9|cin                                                     ;
;   15.062 ;   0.052  ; FF ; CELL ; 1      ; LABCELL_X33_Y12_N12       ; u_sys|u_synth|u_l2|form|Mult0~9|cout                                                    ;
;   15.062 ;   0.000  ; FF ; IC   ; 2      ; LABCELL_X33_Y12_N15       ; u_sys|u_synth|u_l2|form|Mult0~5|cin                                                     ;
;   15.062 ;   0.000  ; FF ; CELL ; 1      ; LABCELL_X33_Y12_N15       ; u_sys|u_synth|u_l2|form|Mult0~5|cout                                                    ;
;   15.062 ;   0.000  ; FF ; IC   ; 2      ; LABCELL_X33_Y12_N18       ; u_sys|u_synth|u_l2|form|Mult0~13|cin                                                    ;
;   15.114 ;   0.052  ; FF ; CELL ; 1      ; LABCELL_X33_Y12_N18       ; u_sys|u_synth|u_l2|form|Mult0~13|cout                                                   ;
;   15.114 ;   0.000  ; FF ; IC   ; 2      ; LABCELL_X33_Y12_N21       ; u_sys|u_synth|u_l2|form|Mult0~33|cin                                                    ;
;   15.114 ;   0.000  ; FF ; CELL ; 1      ; LABCELL_X33_Y12_N21       ; u_sys|u_synth|u_l2|form|Mult0~33|cout                                                   ;
;   15.114 ;   0.000  ; FF ; IC   ; 2      ; LABCELL_X33_Y12_N24       ; u_sys|u_synth|u_l2|form|Mult0~41|cin                                                    ;
;   15.180 ;   0.066  ; FF ; CELL ; 1      ; LABCELL_X33_Y12_N24       ; u_sys|u_synth|u_l2|form|Mult0~41|cout                                                   ;
;   15.180 ;   0.000  ; FF ; IC   ; 2      ; LABCELL_X33_Y12_N27       ; u_sys|u_synth|u_l2|form|Mult0~37|cin                                                    ;
;   15.180 ;   0.000  ; FF ; CELL ; 1      ; LABCELL_X33_Y12_N27       ; u_sys|u_synth|u_l2|form|Mult0~37|cout                                                   ;
;   15.180 ;   0.000  ; FF ; IC   ; 2      ; LABCELL_X33_Y12_N30       ; u_sys|u_synth|u_l2|form|Mult0~45|cin                                                    ;
;   15.658 ;   0.478  ; FF ; CELL ; 4      ; LABCELL_X33_Y12_N30       ; u_sys|u_synth|u_l2|form|Mult0~45|sumout                                                 ;
;   16.470 ;   0.812  ; FF ; IC   ; 1      ; MLABCELL_X34_Y11_N18      ; u_sys|u_synth|u_l2|form|ShiftRight1~84|datad                                            ;
;   17.125 ;   0.655  ; FF ; CELL ; 4      ; MLABCELL_X34_Y11_N18      ; u_sys|u_synth|u_l2|form|ShiftRight1~84|combout                                          ;
;   17.358 ;   0.233  ; FF ; IC   ; 1      ; MLABCELL_X34_Y11_N42      ; u_sys|u_synth|u_l2|form|ShiftRight1~146|datac                                           ;
;   17.909 ;   0.551  ; FF ; CELL ; 4      ; MLABCELL_X34_Y11_N42      ; u_sys|u_synth|u_l2|form|ShiftRight1~146|combout                                         ;
;   18.793 ;   0.884  ; FF ; IC   ; 2      ; LABCELL_X35_Y14_N54       ; u_sys|u_synth|u_l2|form|Add0~181|datac                                                  ;
;   19.736 ;   0.943  ; FF ; CELL ; 1      ; LABCELL_X35_Y14_N54       ; u_sys|u_synth|u_l2|form|Add0~181|cout                                                   ;
;   19.736 ;   0.000  ; FF ; IC   ; 2      ; LABCELL_X35_Y14_N57       ; u_sys|u_synth|u_l2|form|Add0~173|cin                                                    ;
;   19.736 ;   0.000  ; FF ; CELL ; 1      ; LABCELL_X35_Y14_N57       ; u_sys|u_synth|u_l2|form|Add0~173|cout                                                   ;
;   19.736 ;   0.000  ; FF ; IC   ; 2      ; LABCELL_X35_Y13_N30       ; u_sys|u_synth|u_l2|form|Add0~177|cin                                                    ;
;   19.892 ;   0.156  ; FF ; CELL ; 1      ; LABCELL_X35_Y13_N30       ; u_sys|u_synth|u_l2|form|Add0~177|cout                                                   ;
;   19.892 ;   0.000  ; FF ; IC   ; 2      ; LABCELL_X35_Y13_N33       ; u_sys|u_synth|u_l2|form|Add0~169|cin                                                    ;
;   19.892 ;   0.000  ; FF ; CELL ; 1      ; LABCELL_X35_Y13_N33       ; u_sys|u_synth|u_l2|form|Add0~169|cout                                                   ;
;   19.892 ;   0.000  ; FF ; IC   ; 2      ; LABCELL_X35_Y13_N36       ; u_sys|u_synth|u_l2|form|Add0~149|cin                                                    ;
;   19.944 ;   0.052  ; FF ; CELL ; 1      ; LABCELL_X35_Y13_N36       ; u_sys|u_synth|u_l2|form|Add0~149|cout                                                   ;
;   19.944 ;   0.000  ; FF ; IC   ; 2      ; LABCELL_X35_Y13_N39       ; u_sys|u_synth|u_l2|form|Add0~141|cin                                                    ;
;   19.944 ;   0.000  ; FF ; CELL ; 1      ; LABCELL_X35_Y13_N39       ; u_sys|u_synth|u_l2|form|Add0~141|cout                                                   ;
;   19.944 ;   0.000  ; FF ; IC   ; 2      ; LABCELL_X35_Y13_N42       ; u_sys|u_synth|u_l2|form|Add0~145|cin                                                    ;
;   19.996 ;   0.052  ; FF ; CELL ; 1      ; LABCELL_X35_Y13_N42       ; u_sys|u_synth|u_l2|form|Add0~145|cout                                                   ;
;   19.996 ;   0.000  ; FF ; IC   ; 2      ; LABCELL_X35_Y13_N45       ; u_sys|u_synth|u_l2|form|Add0~137|cin                                                    ;
;   19.996 ;   0.000  ; FF ; CELL ; 1      ; LABCELL_X35_Y13_N45       ; u_sys|u_synth|u_l2|form|Add0~137|cout                                                   ;
;   19.996 ;   0.000  ; FF ; IC   ; 2      ; LABCELL_X35_Y13_N48       ; u_sys|u_synth|u_l2|form|Add0~257|cin                                                    ;
;   20.048 ;   0.052  ; FF ; CELL ; 1      ; LABCELL_X35_Y13_N48       ; u_sys|u_synth|u_l2|form|Add0~257|cout                                                   ;
;   20.048 ;   0.000  ; FF ; IC   ; 2      ; LABCELL_X35_Y13_N51       ; u_sys|u_synth|u_l2|form|Add0~249|cin                                                    ;
;   20.048 ;   0.000  ; FF ; CELL ; 1      ; LABCELL_X35_Y13_N51       ; u_sys|u_synth|u_l2|form|Add0~249|cout                                                   ;
;   20.048 ;   0.000  ; FF ; IC   ; 2      ; LABCELL_X35_Y13_N54       ; u_sys|u_synth|u_l2|form|Add0~253|cin                                                    ;
;   20.097 ;   0.049  ; FF ; CELL ; 1      ; LABCELL_X35_Y13_N54       ; u_sys|u_synth|u_l2|form|Add0~253|cout                                                   ;
;   20.097 ;   0.000  ; FF ; IC   ; 2      ; LABCELL_X35_Y13_N57       ; u_sys|u_synth|u_l2|form|Add0~245|cin                                                    ;
;   20.097 ;   0.000  ; FF ; CELL ; 1      ; LABCELL_X35_Y13_N57       ; u_sys|u_synth|u_l2|form|Add0~245|cout                                                   ;
;   20.097 ;   0.000  ; FF ; IC   ; 2      ; LABCELL_X35_Y12_N30       ; u_sys|u_synth|u_l2|form|Add0~225|cin                                                    ;
;   20.253 ;   0.156  ; FF ; CELL ; 1      ; LABCELL_X35_Y12_N30       ; u_sys|u_synth|u_l2|form|Add0~225|cout                                                   ;
;   20.253 ;   0.000  ; FF ; IC   ; 2      ; LABCELL_X35_Y12_N33       ; u_sys|u_synth|u_l2|form|Add0~217|cin                                                    ;
;   20.253 ;   0.000  ; FF ; CELL ; 1      ; LABCELL_X35_Y12_N33       ; u_sys|u_synth|u_l2|form|Add0~217|cout                                                   ;
;   20.253 ;   0.000  ; FF ; IC   ; 2      ; LABCELL_X35_Y12_N36       ; u_sys|u_synth|u_l2|form|Add0~221|cin                                                    ;
;   20.305 ;   0.052  ; FF ; CELL ; 1      ; LABCELL_X35_Y12_N36       ; u_sys|u_synth|u_l2|form|Add0~221|cout                                                   ;
;   20.305 ;   0.000  ; FF ; IC   ; 2      ; LABCELL_X35_Y12_N39       ; u_sys|u_synth|u_l2|form|Add0~213|cin                                                    ;
;   20.305 ;   0.000  ; FF ; CELL ; 1      ; LABCELL_X35_Y12_N39       ; u_sys|u_synth|u_l2|form|Add0~213|cout                                                   ;
;   20.305 ;   0.000  ; FF ; IC   ; 2      ; LABCELL_X35_Y12_N42       ; u_sys|u_synth|u_l2|form|Add0~241|cin                                                    ;
;   20.357 ;   0.052  ; FF ; CELL ; 1      ; LABCELL_X35_Y12_N42       ; u_sys|u_synth|u_l2|form|Add0~241|cout                                                   ;
;   20.357 ;   0.000  ; FF ; IC   ; 2      ; LABCELL_X35_Y12_N45       ; u_sys|u_synth|u_l2|form|Add0~233|cin                                                    ;
;   20.357 ;   0.000  ; FF ; CELL ; 1      ; LABCELL_X35_Y12_N45       ; u_sys|u_synth|u_l2|form|Add0~233|cout                                                   ;
;   20.357 ;   0.000  ; FF ; IC   ; 2      ; LABCELL_X35_Y12_N48       ; u_sys|u_synth|u_l2|form|Add0~237|cin                                                    ;
;   20.409 ;   0.052  ; FF ; CELL ; 1      ; LABCELL_X35_Y12_N48       ; u_sys|u_synth|u_l2|form|Add0~237|cout                                                   ;
;   20.409 ;   0.000  ; FF ; IC   ; 2      ; LABCELL_X35_Y12_N51       ; u_sys|u_synth|u_l2|form|Add0~229|cin                                                    ;
;   20.409 ;   0.000  ; FF ; CELL ; 1      ; LABCELL_X35_Y12_N51       ; u_sys|u_synth|u_l2|form|Add0~229|cout                                                   ;
;   20.409 ;   0.000  ; FF ; IC   ; 2      ; LABCELL_X35_Y12_N54       ; u_sys|u_synth|u_l2|form|Add0~209|cin                                                    ;
;   20.458 ;   0.049  ; FF ; CELL ; 1      ; LABCELL_X35_Y12_N54       ; u_sys|u_synth|u_l2|form|Add0~209|cout                                                   ;
;   20.458 ;   0.000  ; FF ; IC   ; 2      ; LABCELL_X35_Y12_N57       ; u_sys|u_synth|u_l2|form|Add0~201|cin                                                    ;
;   20.458 ;   0.000  ; FF ; CELL ; 1      ; LABCELL_X35_Y12_N57       ; u_sys|u_synth|u_l2|form|Add0~201|cout                                                   ;
;   20.458 ;   0.000  ; FF ; IC   ; 2      ; LABCELL_X35_Y11_N0        ; u_sys|u_synth|u_l2|form|Add0~205|cin                                                    ;
;   20.579 ;   0.121  ; FF ; CELL ; 1      ; LABCELL_X35_Y11_N0        ; u_sys|u_synth|u_l2|form|Add0~205|cout                                                   ;
;   20.579 ;   0.000  ; FF ; IC   ; 2      ; LABCELL_X35_Y11_N3        ; u_sys|u_synth|u_l2|form|Add0~1|cin                                                      ;
;   20.579 ;   0.000  ; FF ; CELL ; 1      ; LABCELL_X35_Y11_N3        ; u_sys|u_synth|u_l2|form|Add0~1|cout                                                     ;
;   20.579 ;   0.000  ; FF ; IC   ; 2      ; LABCELL_X35_Y11_N6        ; u_sys|u_synth|u_l2|form|Add0~105|cin                                                    ;
;   20.631 ;   0.052  ; FF ; CELL ; 1      ; LABCELL_X35_Y11_N6        ; u_sys|u_synth|u_l2|form|Add0~105|cout                                                   ;
;   20.631 ;   0.000  ; FF ; IC   ; 2      ; LABCELL_X35_Y11_N9        ; u_sys|u_synth|u_l2|form|Add0~109|cin                                                    ;
;   20.631 ;   0.000  ; FF ; CELL ; 1      ; LABCELL_X35_Y11_N9        ; u_sys|u_synth|u_l2|form|Add0~109|cout                                                   ;
;   20.631 ;   0.000  ; FF ; IC   ; 2      ; LABCELL_X35_Y11_N12       ; u_sys|u_synth|u_l2|form|Add0~113|cin                                                    ;
;   20.683 ;   0.052  ; FF ; CELL ; 1      ; LABCELL_X35_Y11_N12       ; u_sys|u_synth|u_l2|form|Add0~113|cout                                                   ;
;   20.683 ;   0.000  ; FF ; IC   ; 2      ; LABCELL_X35_Y11_N15       ; u_sys|u_synth|u_l2|form|Add0~117|cin                                                    ;
;   20.683 ;   0.000  ; FF ; CELL ; 1      ; LABCELL_X35_Y11_N15       ; u_sys|u_synth|u_l2|form|Add0~117|cout                                                   ;
;   20.683 ;   0.000  ; FF ; IC   ; 2      ; LABCELL_X35_Y11_N18       ; u_sys|u_synth|u_l2|form|Add0~121|cin                                                    ;
;   20.735 ;   0.052  ; FF ; CELL ; 1      ; LABCELL_X35_Y11_N18       ; u_sys|u_synth|u_l2|form|Add0~121|cout                                                   ;
;   20.735 ;   0.000  ; FF ; IC   ; 2      ; LABCELL_X35_Y11_N21       ; u_sys|u_synth|u_l2|form|Add0~85|cin                                                     ;
;   20.735 ;   0.000  ; FF ; CELL ; 1      ; LABCELL_X35_Y11_N21       ; u_sys|u_synth|u_l2|form|Add0~85|cout                                                    ;
;   20.735 ;   0.000  ; FF ; IC   ; 2      ; LABCELL_X35_Y11_N24       ; u_sys|u_synth|u_l2|form|Add0~89|cin                                                     ;
;   20.801 ;   0.066  ; FF ; CELL ; 1      ; LABCELL_X35_Y11_N24       ; u_sys|u_synth|u_l2|form|Add0~89|cout                                                    ;
;   20.801 ;   0.000  ; FF ; IC   ; 2      ; LABCELL_X35_Y11_N27       ; u_sys|u_synth|u_l2|form|Add0~93|cin                                                     ;
;   20.801 ;   0.000  ; FF ; CELL ; 1      ; LABCELL_X35_Y11_N27       ; u_sys|u_synth|u_l2|form|Add0~93|cout                                                    ;
;   20.801 ;   0.000  ; FF ; IC   ; 2      ; LABCELL_X35_Y11_N30       ; u_sys|u_synth|u_l2|form|Add0~97|cin                                                     ;
;   20.931 ;   0.130  ; FF ; CELL ; 1      ; LABCELL_X35_Y11_N30       ; u_sys|u_synth|u_l2|form|Add0~97|cout                                                    ;
;   20.931 ;   0.000  ; FF ; IC   ; 2      ; LABCELL_X35_Y11_N33       ; u_sys|u_synth|u_l2|form|Add0~101|cin                                                    ;
;   20.931 ;   0.000  ; FF ; CELL ; 1      ; LABCELL_X35_Y11_N33       ; u_sys|u_synth|u_l2|form|Add0~101|cout                                                   ;
;   20.931 ;   0.000  ; FF ; IC   ; 2      ; LABCELL_X35_Y11_N36       ; u_sys|u_synth|u_l2|form|Add0~65|cin                                                     ;
;   20.983 ;   0.052  ; FF ; CELL ; 1      ; LABCELL_X35_Y11_N36       ; u_sys|u_synth|u_l2|form|Add0~65|cout                                                    ;
;   20.983 ;   0.000  ; FF ; IC   ; 2      ; LABCELL_X35_Y11_N39       ; u_sys|u_synth|u_l2|form|Add0~69|cin                                                     ;
;   20.983 ;   0.000  ; FF ; CELL ; 1      ; LABCELL_X35_Y11_N39       ; u_sys|u_synth|u_l2|form|Add0~69|cout                                                    ;
;   20.983 ;   0.000  ; FF ; IC   ; 2      ; LABCELL_X35_Y11_N42       ; u_sys|u_synth|u_l2|form|Add0~73|cin                                                     ;
;   21.035 ;   0.052  ; FF ; CELL ; 1      ; LABCELL_X35_Y11_N42       ; u_sys|u_synth|u_l2|form|Add0~73|cout                                                    ;
;   21.035 ;   0.000  ; FF ; IC   ; 2      ; LABCELL_X35_Y11_N45       ; u_sys|u_synth|u_l2|form|Add0~77|cin                                                     ;
;   21.035 ;   0.000  ; FF ; CELL ; 1      ; LABCELL_X35_Y11_N45       ; u_sys|u_synth|u_l2|form|Add0~77|cout                                                    ;
;   21.035 ;   0.000  ; FF ; IC   ; 2      ; LABCELL_X35_Y11_N48       ; u_sys|u_synth|u_l2|form|Add0~81|cin                                                     ;
;   21.087 ;   0.052  ; FF ; CELL ; 1      ; LABCELL_X35_Y11_N48       ; u_sys|u_synth|u_l2|form|Add0~81|cout                                                    ;
;   21.087 ;   0.000  ; FF ; IC   ; 2      ; LABCELL_X35_Y11_N51       ; u_sys|u_synth|u_l2|form|Add0~45|cin                                                     ;
;   21.087 ;   0.000  ; FF ; CELL ; 1      ; LABCELL_X35_Y11_N51       ; u_sys|u_synth|u_l2|form|Add0~45|cout                                                    ;
;   21.087 ;   0.000  ; FF ; IC   ; 2      ; LABCELL_X35_Y11_N54       ; u_sys|u_synth|u_l2|form|Add0~49|cin                                                     ;
;   21.136 ;   0.049  ; FF ; CELL ; 1      ; LABCELL_X35_Y11_N54       ; u_sys|u_synth|u_l2|form|Add0~49|cout                                                    ;
;   21.136 ;   0.000  ; FF ; IC   ; 2      ; LABCELL_X35_Y11_N57       ; u_sys|u_synth|u_l2|form|Add0~53|cin                                                     ;
;   21.136 ;   0.000  ; FF ; CELL ; 1      ; LABCELL_X35_Y11_N57       ; u_sys|u_synth|u_l2|form|Add0~53|cout                                                    ;
;   21.136 ;   0.000  ; FF ; IC   ; 2      ; LABCELL_X35_Y10_N0        ; u_sys|u_synth|u_l2|form|Add0~57|cin                                                     ;
;   21.257 ;   0.121  ; FF ; CELL ; 1      ; LABCELL_X35_Y10_N0        ; u_sys|u_synth|u_l2|form|Add0~57|cout                                                    ;
;   21.257 ;   0.000  ; FF ; IC   ; 2      ; LABCELL_X35_Y10_N3        ; u_sys|u_synth|u_l2|form|Add0~61|cin                                                     ;
;   21.257 ;   0.000  ; FF ; CELL ; 1      ; LABCELL_X35_Y10_N3        ; u_sys|u_synth|u_l2|form|Add0~61|cout                                                    ;
;   21.257 ;   0.000  ; FF ; IC   ; 2      ; LABCELL_X35_Y10_N6        ; u_sys|u_synth|u_l2|form|Add0~25|cin                                                     ;
;   21.309 ;   0.052  ; FF ; CELL ; 1      ; LABCELL_X35_Y10_N6        ; u_sys|u_synth|u_l2|form|Add0~25|cout                                                    ;
;   21.309 ;   0.000  ; FF ; IC   ; 2      ; LABCELL_X35_Y10_N9        ; u_sys|u_synth|u_l2|form|Add0~29|cin                                                     ;
;   21.309 ;   0.000  ; FF ; CELL ; 1      ; LABCELL_X35_Y10_N9        ; u_sys|u_synth|u_l2|form|Add0~29|cout                                                    ;
;   21.309 ;   0.000  ; FF ; IC   ; 2      ; LABCELL_X35_Y10_N12       ; u_sys|u_synth|u_l2|form|Add0~33|cin                                                     ;
;   21.361 ;   0.052  ; FF ; CELL ; 1      ; LABCELL_X35_Y10_N12       ; u_sys|u_synth|u_l2|form|Add0~33|cout                                                    ;
;   21.361 ;   0.000  ; FF ; IC   ; 2      ; LABCELL_X35_Y10_N15       ; u_sys|u_synth|u_l2|form|Add0~37|cin                                                     ;
;   21.361 ;   0.000  ; FF ; CELL ; 1      ; LABCELL_X35_Y10_N15       ; u_sys|u_synth|u_l2|form|Add0~37|cout                                                    ;
;   21.361 ;   0.000  ; FF ; IC   ; 2      ; LABCELL_X35_Y10_N18       ; u_sys|u_synth|u_l2|form|Add0~41|cin                                                     ;
;   21.413 ;   0.052  ; FF ; CELL ; 1      ; LABCELL_X35_Y10_N18       ; u_sys|u_synth|u_l2|form|Add0~41|cout                                                    ;
;   21.413 ;   0.000  ; FF ; IC   ; 2      ; LABCELL_X35_Y10_N21       ; u_sys|u_synth|u_l2|form|Add0~5|cin                                                      ;
;   21.413 ;   0.000  ; FF ; CELL ; 1      ; LABCELL_X35_Y10_N21       ; u_sys|u_synth|u_l2|form|Add0~5|cout                                                     ;
;   21.413 ;   0.000  ; FF ; IC   ; 2      ; LABCELL_X35_Y10_N24       ; u_sys|u_synth|u_l2|form|Add0~9|cin                                                      ;
;   21.479 ;   0.066  ; FF ; CELL ; 1      ; LABCELL_X35_Y10_N24       ; u_sys|u_synth|u_l2|form|Add0~9|cout                                                     ;
;   21.479 ;   0.000  ; FF ; IC   ; 2      ; LABCELL_X35_Y10_N27       ; u_sys|u_synth|u_l2|form|Add0~13|cin                                                     ;
;   21.479 ;   0.000  ; FF ; CELL ; 1      ; LABCELL_X35_Y10_N27       ; u_sys|u_synth|u_l2|form|Add0~13|cout                                                    ;
;   21.479 ;   0.000  ; FF ; IC   ; 2      ; LABCELL_X35_Y10_N30       ; u_sys|u_synth|u_l2|form|Add0~17|cin                                                     ;
;   21.609 ;   0.130  ; FF ; CELL ; 1      ; LABCELL_X35_Y10_N30       ; u_sys|u_synth|u_l2|form|Add0~17|cout                                                    ;
;   21.609 ;   0.000  ; FF ; IC   ; 2      ; LABCELL_X35_Y10_N33       ; u_sys|u_synth|u_l2|form|Add0~21|cin                                                     ;
;   21.609 ;   0.000  ; FF ; CELL ; 1      ; LABCELL_X35_Y10_N33       ; u_sys|u_synth|u_l2|form|Add0~21|cout                                                    ;
;   21.609 ;   0.000  ; FF ; IC   ; 2      ; LABCELL_X35_Y10_N36       ; u_sys|u_synth|u_l2|form|Add0~125|cin                                                    ;
;   21.661 ;   0.052  ; FF ; CELL ; 1      ; LABCELL_X35_Y10_N36       ; u_sys|u_synth|u_l2|form|Add0~125|cout                                                   ;
;   21.661 ;   0.000  ; FF ; IC   ; 2      ; LABCELL_X35_Y10_N39       ; u_sys|u_synth|u_l2|form|Add0~129|cin                                                    ;
;   21.661 ;   0.000  ; FF ; CELL ; 1      ; LABCELL_X35_Y10_N39       ; u_sys|u_synth|u_l2|form|Add0~129|cout                                                   ;
;   21.661 ;   0.000  ; FF ; IC   ; 1      ; LABCELL_X35_Y10_N42       ; u_sys|u_synth|u_l2|form|Add0~133|cin                                                    ;
;   22.084 ;   0.423  ; FF ; CELL ; 1      ; LABCELL_X35_Y10_N42       ; u_sys|u_synth|u_l2|form|Add0~133|sumout                                                 ;
;   22.632 ;   0.548  ; FF ; IC   ; 1      ; LABCELL_X36_Y10_N6        ; u_sys|u_synth|u_l2|form|w_hi~2|dataf                                                    ;
;   22.716 ;   0.084  ; FF ; CELL ; 1      ; LABCELL_X36_Y10_N6        ; u_sys|u_synth|u_l2|form|w_hi~2|combout                                                  ;
;   22.716 ;   0.000  ; FF ; IC   ; 1      ; FF_X36_Y10_N7             ; u_sys|u_synth|u_l2|form|w_hi[33]|d                                                      ;
;   22.986 ;   0.270  ; FF ; CELL ; 1      ; FF_X36_Y10_N7             ; wpms_system:u_sys|wpms_synth_top:u_synth|wpms_l2_top:u_l2|wpms_formation:form|w_hi[33]  ;
+----------+----------+----+------+--------+---------------------------+-----------------------------------------------------------------------------------------+

+---------------------------------------------------------------------------------------------------------------------------------------------------------------+
; Data Required Path                                                                                                                                            ;
+----------+----------+----+------+--------+---------------------------+----------------------------------------------------------------------------------------+
; Total    ; Incr     ; RF ; Type ; Fanout ; Location                  ; Element                                                                                ;
+----------+----------+----+------+--------+---------------------------+----------------------------------------------------------------------------------------+
; 20.000   ; 20.000   ;    ;      ;        ;                           ; latch edge time                                                                        ;
; 24.344   ; 4.344    ;    ;      ;        ;                           ; clock path                                                                             ;
;   20.000 ;   0.000  ;    ;      ;        ;                           ; source latency                                                                         ;
;   20.000 ;   0.000  ;    ;      ; 1      ; PIN_V11                   ; FPGA_CLK1_50                                                                           ;
;   20.000 ;   0.000  ; RR ; IC   ; 1      ; IOIBUF_X32_Y0_N1          ; FPGA_CLK1_50~input|i                                                                   ;
;   20.785 ;   0.785  ; RR ; CELL ; 2      ; IOIBUF_X32_Y0_N1          ; FPGA_CLK1_50~input|o                                                                   ;
;   21.953 ;   1.168  ; RR ; IC   ; 1      ; PLLREFCLKSELECT_X0_Y7_N0  ; u_pll_sys|g_intel.g_one.u_pll|general[0].gpll~PLL_REFCLK_SELECT|clkin[0]               ;
;   22.265 ;   0.312  ; RR ; CELL ; 1      ; PLLREFCLKSELECT_X0_Y7_N0  ; u_pll_sys|g_intel.g_one.u_pll|general[0].gpll~PLL_REFCLK_SELECT|clkout                 ;
;   22.265 ;   0.000  ; RR ; IC   ; 10     ; FRACTIONALPLL_X0_Y1_N0    ; u_pll_sys|g_intel.g_one.u_pll|general[0].gpll~FRACTIONAL_PLL|refclkin                  ;
;   17.117 ;   -5.148 ; RR ; COMP ; 1      ; FRACTIONALPLL_X0_Y1_N0    ; u_pll_sys|g_intel.g_one.u_pll|general[0].gpll~FRACTIONAL_PLL|vcoph[0]                  ;
;   17.117 ;   0.000  ; RR ; IC   ; 1      ; PLLOUTPUTCOUNTER_X0_Y4_N1 ; u_pll_sys|g_intel.g_one.u_pll|general[0].gpll~PLL_OUTPUT_COUNTER|vco0ph[0]             ;
;   18.592 ;   1.475  ; RR ; CELL ; 1      ; PLLOUTPUTCOUNTER_X0_Y4_N1 ; u_pll_sys|g_intel.g_one.u_pll|general[0].gpll~PLL_OUTPUT_COUNTER|divclk                ;
;   19.544 ;   0.952  ; RR ; IC   ; 1      ; CLKCTRL_G3                ; u_pll_sys|g_intel.g_one.u_pll|outclk_wire[0]~CLKENA0|inclk                             ;
;   19.869 ;   0.325  ; RR ; CELL ; 13501  ; CLKCTRL_G3                ; u_pll_sys|g_intel.g_one.u_pll|outclk_wire[0]~CLKENA0|outclk                            ;
;   21.867 ;   1.998  ; RR ; IC   ; 1      ; FF_X36_Y10_N7             ; u_sys|u_synth|u_l2|form|w_hi[33]|clk                                                   ;
;   22.329 ;   0.462  ; RR ; CELL ; 1      ; FF_X36_Y10_N7             ; wpms_system:u_sys|wpms_synth_top:u_synth|wpms_l2_top:u_l2|wpms_formation:form|w_hi[33] ;
;   24.344 ;   2.015  ;    ;      ;        ;                           ; clock pessimism removed                                                                ;
; 24.264   ; -0.080   ;    ;      ;        ;                           ; clock uncertainty                                                                      ;
; 24.264   ; 0.000    ;    ; uTsu ; 1      ; FF_X36_Y10_N7             ; wpms_system:u_sys|wpms_synth_top:u_synth|wpms_l2_top:u_l2|wpms_formation:form|w_hi[33] ;
+----------+----------+----+------+--------+---------------------------+----------------------------------------------------------------------------------------+

----------------------------
; Extra Fitter Information ;
----------------------------
HTML report is unavailable in plain text report export.


Path #4: Setup slack is 1.359 
===============================================================================
+--------------------------------------------------------------------------------------------------------------+
; Path Summary                                                                                                 ;
+--------------------+-----------------------------------------------------------------------------------------+
; Property           ; Value                                                                                   ;
+--------------------+-----------------------------------------------------------------------------------------+
; From Node          ; wpms_system:u_sys|wpms_synth_top:u_synth|wpms_l2_top:u_l2|wpms_formation:form|x_mode[3] ;
; To Node            ; wpms_system:u_sys|wpms_synth_top:u_synth|wpms_l2_top:u_l2|wpms_formation:form|w_hi[31]  ;
; Launch Clock       ; u_pll_sys|g_intel.g_one.u_pll|general[0].gpll~PLL_OUTPUT_COUNTER|divclk                 ;
; Latch Clock        ; u_pll_sys|g_intel.g_one.u_pll|general[0].gpll~PLL_OUTPUT_COUNTER|divclk                 ;
; Data Arrival Time  ; 22.903                                                                                  ;
; Data Required Time ; 24.262                                                                                  ;
; Slack              ; 1.359                                                                                   ;
+--------------------+-----------------------------------------------------------------------------------------+

+--------------------------------------------------------------------------------------+
; Statistics                                                                           ;
+------------------------+--------+-------+-------------+------------+--------+--------+
; Property               ; Value  ; Count ; Total Delay ; % of Total ; Min    ; Max    ;
+------------------------+--------+-------+-------------+------------+--------+--------+
; Setup Relationship     ; 20.000 ;       ;             ;            ;        ;        ;
; Clock Skew             ; -0.117 ;       ;             ;            ;        ;        ;
; Data Delay             ; 18.444 ;       ;             ;            ;        ;        ;
; Number of Logic Levels ;        ; 9     ;             ;            ;        ;        ;
; Physical Delays        ;        ;       ;             ;            ;        ;        ;
;  Arrival Path          ;        ;       ;             ;            ;        ;        ;
;   Clock                ;        ;       ;             ;            ;        ;        ;
;    IC                  ;        ; 6     ; 4.758       ; 56         ; 0.000  ; 2.431  ;
;    Cell                ;        ; 5     ; 3.701       ; 44         ; 0.333  ; 1.702  ;
;    PLL Compensation    ;        ; 1     ; -4.000      ; 0          ; -4.000 ; -4.000 ;
;   Data                 ;        ;       ;             ;            ;        ;        ;
;    IC                  ;        ; 73    ; 5.638       ; 31         ; 0.000  ; 1.127  ;
;    Cell                ;        ; 74    ; 12.806      ; 69         ; 0.000  ; 4.401  ;
;    uTco                ;        ; 1     ; 0.000       ; 0          ; 0.000  ; 0.000  ;
;  Required Path         ;        ;       ;             ;            ;        ;        ;
;   Clock                ;        ;       ;             ;            ;        ;        ;
;    IC                  ;        ; 6     ; 4.116       ; 55         ; 0.000  ; 1.996  ;
;    Cell                ;        ; 5     ; 3.359       ; 45         ; 0.312  ; 1.475  ;
;    PLL Compensation    ;        ; 1     ; -5.148      ; 0          ; -5.148 ; -5.148 ;
+------------------------+--------+-------+-------------+------------+--------+--------+
Note: Negative delays are omitted from totals when calculating percentages

+----------------------------------------------------------------------------------------------------------------------------------------------------------------+
; Data Arrival Path                                                                                                                                              ;
+----------+----------+----+------+--------+---------------------------+-----------------------------------------------------------------------------------------+
; Total    ; Incr     ; RF ; Type ; Fanout ; Location                  ; Element                                                                                 ;
+----------+----------+----+------+--------+---------------------------+-----------------------------------------------------------------------------------------+
; 0.000    ; 0.000    ;    ;      ;        ;                           ; launch edge time                                                                        ;
; 4.459    ; 4.459    ;    ;      ;        ;                           ; clock path                                                                              ;
;   0.000  ;   0.000  ;    ;      ;        ;                           ; source latency                                                                          ;
;   0.000  ;   0.000  ;    ;      ; 1      ; PIN_V11                   ; FPGA_CLK1_50                                                                            ;
;   0.000  ;   0.000  ; RR ; IC   ; 1      ; IOIBUF_X32_Y0_N1          ; FPGA_CLK1_50~input|i                                                                    ;
;   0.785  ;   0.785  ; RR ; CELL ; 2      ; IOIBUF_X32_Y0_N1          ; FPGA_CLK1_50~input|o                                                                    ;
;   2.101  ;   1.316  ; RR ; IC   ; 1      ; PLLREFCLKSELECT_X0_Y7_N0  ; u_pll_sys|g_intel.g_one.u_pll|general[0].gpll~PLL_REFCLK_SELECT|clkin[0]                ;
;   2.434  ;   0.333  ; RR ; CELL ; 1      ; PLLREFCLKSELECT_X0_Y7_N0  ; u_pll_sys|g_intel.g_one.u_pll|general[0].gpll~PLL_REFCLK_SELECT|clkout                  ;
;   2.434  ;   0.000  ; RR ; IC   ; 10     ; FRACTIONALPLL_X0_Y1_N0    ; u_pll_sys|g_intel.g_one.u_pll|general[0].gpll~FRACTIONAL_PLL|refclkin                   ;
;   -1.566 ;   -4.000 ; RR ; COMP ; 1      ; FRACTIONALPLL_X0_Y1_N0    ; u_pll_sys|g_intel.g_one.u_pll|general[0].gpll~FRACTIONAL_PLL|vcoph[0]                   ;
;   -1.566 ;   0.000  ; RR ; IC   ; 1      ; PLLOUTPUTCOUNTER_X0_Y4_N1 ; u_pll_sys|g_intel.g_one.u_pll|general[0].gpll~PLL_OUTPUT_COUNTER|vco0ph[0]              ;
;   0.136  ;   1.702  ; RR ; CELL ; 1      ; PLLOUTPUTCOUNTER_X0_Y4_N1 ; u_pll_sys|g_intel.g_one.u_pll|general[0].gpll~PLL_OUTPUT_COUNTER|divclk                 ;
;   1.147  ;   1.011  ; RR ; IC   ; 1      ; CLKCTRL_G3                ; u_pll_sys|g_intel.g_one.u_pll|outclk_wire[0]~CLKENA0|inclk                              ;
;   1.495  ;   0.348  ; RR ; CELL ; 13501  ; CLKCTRL_G3                ; u_pll_sys|g_intel.g_one.u_pll|outclk_wire[0]~CLKENA0|outclk                             ;
;   3.926  ;   2.431  ; RR ; IC   ; 1      ; FF_X31_Y13_N41            ; u_sys|u_synth|u_l2|form|x_mode[3]|clk                                                   ;
;   4.459  ;   0.533  ; RR ; CELL ; 1      ; FF_X31_Y13_N41            ; wpms_system:u_sys|wpms_synth_top:u_synth|wpms_l2_top:u_l2|wpms_formation:form|x_mode[3] ;
; 22.903   ; 18.444   ;    ;      ;        ;                           ; data path                                                                               ;
;   4.459  ;   0.000  ;    ; uTco ; 1      ; FF_X31_Y13_N41            ; wpms_system:u_sys|wpms_synth_top:u_synth|wpms_l2_top:u_l2|wpms_formation:form|x_mode[3] ;
;   4.459  ;   0.000  ; RR ; CELL ; 6      ; FF_X31_Y13_N41            ; u_sys|u_synth|u_l2|form|x_mode[3]|q                                                     ;
;   4.792  ;   0.333  ; RR ; IC   ; 1      ; LABCELL_X31_Y13_N27       ; u_sys|u_synth|u_l2|form|Decoder0~0|datac                                                ;
;   5.322  ;   0.530  ; RF ; CELL ; 4      ; LABCELL_X31_Y13_N27       ; u_sys|u_synth|u_l2|form|Decoder0~0|combout                                              ;
;   5.648  ;   0.326  ; FF ; IC   ; 1      ; LABCELL_X31_Y13_N9        ; u_sys|u_synth|u_l2|form|WideOr3~1|dataf                                                 ;
;   5.739  ;   0.091  ; FF ; CELL ; 91     ; LABCELL_X31_Y13_N9        ; u_sys|u_synth|u_l2|form|WideOr3~1|combout                                               ;
;   5.946  ;   0.207  ; FF ; IC   ; 1      ; LABCELL_X31_Y13_N45       ; u_sys|u_synth|u_l2|form|Equal54~1|datac                                                 ;
;   6.496  ;   0.550  ; FF ; CELL ; 46     ; LABCELL_X31_Y13_N45       ; u_sys|u_synth|u_l2|form|Equal54~1|combout                                               ;
;   7.382  ;   0.886  ; FF ; IC   ; 1      ; LABCELL_X31_Y16_N48       ; u_sys|u_synth|u_l2|form|m_b[3]~3|datac                                                  ;
;   7.925  ;   0.543  ; FF ; CELL ; 2      ; LABCELL_X31_Y16_N48       ; u_sys|u_synth|u_l2|form|m_b[3]~3|combout                                                ;
;   8.523  ;   0.598  ; FF ; IC   ; 33     ; DSP_X32_Y12_N0            ; u_sys|u_synth|u_l2|form|Mult0~515|ay[3]                                                 ;
;   12.924 ;   4.401  ; FF ; CELL ; 1      ; DSP_X32_Y12_N0            ; u_sys|u_synth|u_l2|form|Mult0~515|resulta[11]                                           ;
;   14.051 ;   1.127  ; FF ; IC   ; 2      ; LABCELL_X33_Y12_N3        ; u_sys|u_synth|u_l2|form|Mult0~137|datac                                                 ;
;   14.958 ;   0.907  ; FF ; CELL ; 1      ; LABCELL_X33_Y12_N3        ; u_sys|u_synth|u_l2|form|Mult0~137|cout                                                  ;
;   14.958 ;   0.000  ; FF ; IC   ; 2      ; LABCELL_X33_Y12_N6        ; u_sys|u_synth|u_l2|form|Mult0~145|cin                                                   ;
;   15.010 ;   0.052  ; FF ; CELL ; 1      ; LABCELL_X33_Y12_N6        ; u_sys|u_synth|u_l2|form|Mult0~145|cout                                                  ;
;   15.010 ;   0.000  ; FF ; IC   ; 2      ; LABCELL_X33_Y12_N9        ; u_sys|u_synth|u_l2|form|Mult0~1|cin                                                     ;
;   15.010 ;   0.000  ; FF ; CELL ; 1      ; LABCELL_X33_Y12_N9        ; u_sys|u_synth|u_l2|form|Mult0~1|cout                                                    ;
;   15.010 ;   0.000  ; FF ; IC   ; 2      ; LABCELL_X33_Y12_N12       ; u_sys|u_synth|u_l2|form|Mult0~9|cin                                                     ;
;   15.062 ;   0.052  ; FF ; CELL ; 1      ; LABCELL_X33_Y12_N12       ; u_sys|u_synth|u_l2|form|Mult0~9|cout                                                    ;
;   15.062 ;   0.000  ; FF ; IC   ; 2      ; LABCELL_X33_Y12_N15       ; u_sys|u_synth|u_l2|form|Mult0~5|cin                                                     ;
;   15.062 ;   0.000  ; FF ; CELL ; 1      ; LABCELL_X33_Y12_N15       ; u_sys|u_synth|u_l2|form|Mult0~5|cout                                                    ;
;   15.062 ;   0.000  ; FF ; IC   ; 2      ; LABCELL_X33_Y12_N18       ; u_sys|u_synth|u_l2|form|Mult0~13|cin                                                    ;
;   15.114 ;   0.052  ; FF ; CELL ; 1      ; LABCELL_X33_Y12_N18       ; u_sys|u_synth|u_l2|form|Mult0~13|cout                                                   ;
;   15.114 ;   0.000  ; FF ; IC   ; 2      ; LABCELL_X33_Y12_N21       ; u_sys|u_synth|u_l2|form|Mult0~33|cin                                                    ;
;   15.114 ;   0.000  ; FF ; CELL ; 1      ; LABCELL_X33_Y12_N21       ; u_sys|u_synth|u_l2|form|Mult0~33|cout                                                   ;
;   15.114 ;   0.000  ; FF ; IC   ; 2      ; LABCELL_X33_Y12_N24       ; u_sys|u_synth|u_l2|form|Mult0~41|cin                                                    ;
;   15.180 ;   0.066  ; FF ; CELL ; 1      ; LABCELL_X33_Y12_N24       ; u_sys|u_synth|u_l2|form|Mult0~41|cout                                                   ;
;   15.180 ;   0.000  ; FF ; IC   ; 2      ; LABCELL_X33_Y12_N27       ; u_sys|u_synth|u_l2|form|Mult0~37|cin                                                    ;
;   15.180 ;   0.000  ; FF ; CELL ; 1      ; LABCELL_X33_Y12_N27       ; u_sys|u_synth|u_l2|form|Mult0~37|cout                                                   ;
;   15.180 ;   0.000  ; FF ; IC   ; 2      ; LABCELL_X33_Y12_N30       ; u_sys|u_synth|u_l2|form|Mult0~45|cin                                                    ;
;   15.658 ;   0.478  ; FF ; CELL ; 4      ; LABCELL_X33_Y12_N30       ; u_sys|u_synth|u_l2|form|Mult0~45|sumout                                                 ;
;   16.470 ;   0.812  ; FF ; IC   ; 1      ; MLABCELL_X34_Y11_N18      ; u_sys|u_synth|u_l2|form|ShiftRight1~84|datad                                            ;
;   17.125 ;   0.655  ; FF ; CELL ; 4      ; MLABCELL_X34_Y11_N18      ; u_sys|u_synth|u_l2|form|ShiftRight1~84|combout                                          ;
;   17.358 ;   0.233  ; FF ; IC   ; 1      ; MLABCELL_X34_Y11_N42      ; u_sys|u_synth|u_l2|form|ShiftRight1~146|datac                                           ;
;   17.909 ;   0.551  ; FF ; CELL ; 4      ; MLABCELL_X34_Y11_N42      ; u_sys|u_synth|u_l2|form|ShiftRight1~146|combout                                         ;
;   18.793 ;   0.884  ; FF ; IC   ; 2      ; LABCELL_X35_Y14_N54       ; u_sys|u_synth|u_l2|form|Add0~181|datac                                                  ;
;   19.736 ;   0.943  ; FF ; CELL ; 1      ; LABCELL_X35_Y14_N54       ; u_sys|u_synth|u_l2|form|Add0~181|cout                                                   ;
;   19.736 ;   0.000  ; FF ; IC   ; 2      ; LABCELL_X35_Y14_N57       ; u_sys|u_synth|u_l2|form|Add0~173|cin                                                    ;
;   19.736 ;   0.000  ; FF ; CELL ; 1      ; LABCELL_X35_Y14_N57       ; u_sys|u_synth|u_l2|form|Add0~173|cout                                                   ;
;   19.736 ;   0.000  ; FF ; IC   ; 2      ; LABCELL_X35_Y13_N30       ; u_sys|u_synth|u_l2|form|Add0~177|cin                                                    ;
;   19.892 ;   0.156  ; FF ; CELL ; 1      ; LABCELL_X35_Y13_N30       ; u_sys|u_synth|u_l2|form|Add0~177|cout                                                   ;
;   19.892 ;   0.000  ; FF ; IC   ; 2      ; LABCELL_X35_Y13_N33       ; u_sys|u_synth|u_l2|form|Add0~169|cin                                                    ;
;   19.892 ;   0.000  ; FF ; CELL ; 1      ; LABCELL_X35_Y13_N33       ; u_sys|u_synth|u_l2|form|Add0~169|cout                                                   ;
;   19.892 ;   0.000  ; FF ; IC   ; 2      ; LABCELL_X35_Y13_N36       ; u_sys|u_synth|u_l2|form|Add0~149|cin                                                    ;
;   19.944 ;   0.052  ; FF ; CELL ; 1      ; LABCELL_X35_Y13_N36       ; u_sys|u_synth|u_l2|form|Add0~149|cout                                                   ;
;   19.944 ;   0.000  ; FF ; IC   ; 2      ; LABCELL_X35_Y13_N39       ; u_sys|u_synth|u_l2|form|Add0~141|cin                                                    ;
;   19.944 ;   0.000  ; FF ; CELL ; 1      ; LABCELL_X35_Y13_N39       ; u_sys|u_synth|u_l2|form|Add0~141|cout                                                   ;
;   19.944 ;   0.000  ; FF ; IC   ; 2      ; LABCELL_X35_Y13_N42       ; u_sys|u_synth|u_l2|form|Add0~145|cin                                                    ;
;   19.996 ;   0.052  ; FF ; CELL ; 1      ; LABCELL_X35_Y13_N42       ; u_sys|u_synth|u_l2|form|Add0~145|cout                                                   ;
;   19.996 ;   0.000  ; FF ; IC   ; 2      ; LABCELL_X35_Y13_N45       ; u_sys|u_synth|u_l2|form|Add0~137|cin                                                    ;
;   19.996 ;   0.000  ; FF ; CELL ; 1      ; LABCELL_X35_Y13_N45       ; u_sys|u_synth|u_l2|form|Add0~137|cout                                                   ;
;   19.996 ;   0.000  ; FF ; IC   ; 2      ; LABCELL_X35_Y13_N48       ; u_sys|u_synth|u_l2|form|Add0~257|cin                                                    ;
;   20.048 ;   0.052  ; FF ; CELL ; 1      ; LABCELL_X35_Y13_N48       ; u_sys|u_synth|u_l2|form|Add0~257|cout                                                   ;
;   20.048 ;   0.000  ; FF ; IC   ; 2      ; LABCELL_X35_Y13_N51       ; u_sys|u_synth|u_l2|form|Add0~249|cin                                                    ;
;   20.048 ;   0.000  ; FF ; CELL ; 1      ; LABCELL_X35_Y13_N51       ; u_sys|u_synth|u_l2|form|Add0~249|cout                                                   ;
;   20.048 ;   0.000  ; FF ; IC   ; 2      ; LABCELL_X35_Y13_N54       ; u_sys|u_synth|u_l2|form|Add0~253|cin                                                    ;
;   20.097 ;   0.049  ; FF ; CELL ; 1      ; LABCELL_X35_Y13_N54       ; u_sys|u_synth|u_l2|form|Add0~253|cout                                                   ;
;   20.097 ;   0.000  ; FF ; IC   ; 2      ; LABCELL_X35_Y13_N57       ; u_sys|u_synth|u_l2|form|Add0~245|cin                                                    ;
;   20.097 ;   0.000  ; FF ; CELL ; 1      ; LABCELL_X35_Y13_N57       ; u_sys|u_synth|u_l2|form|Add0~245|cout                                                   ;
;   20.097 ;   0.000  ; FF ; IC   ; 2      ; LABCELL_X35_Y12_N30       ; u_sys|u_synth|u_l2|form|Add0~225|cin                                                    ;
;   20.253 ;   0.156  ; FF ; CELL ; 1      ; LABCELL_X35_Y12_N30       ; u_sys|u_synth|u_l2|form|Add0~225|cout                                                   ;
;   20.253 ;   0.000  ; FF ; IC   ; 2      ; LABCELL_X35_Y12_N33       ; u_sys|u_synth|u_l2|form|Add0~217|cin                                                    ;
;   20.253 ;   0.000  ; FF ; CELL ; 1      ; LABCELL_X35_Y12_N33       ; u_sys|u_synth|u_l2|form|Add0~217|cout                                                   ;
;   20.253 ;   0.000  ; FF ; IC   ; 2      ; LABCELL_X35_Y12_N36       ; u_sys|u_synth|u_l2|form|Add0~221|cin                                                    ;
;   20.305 ;   0.052  ; FF ; CELL ; 1      ; LABCELL_X35_Y12_N36       ; u_sys|u_synth|u_l2|form|Add0~221|cout                                                   ;
;   20.305 ;   0.000  ; FF ; IC   ; 2      ; LABCELL_X35_Y12_N39       ; u_sys|u_synth|u_l2|form|Add0~213|cin                                                    ;
;   20.305 ;   0.000  ; FF ; CELL ; 1      ; LABCELL_X35_Y12_N39       ; u_sys|u_synth|u_l2|form|Add0~213|cout                                                   ;
;   20.305 ;   0.000  ; FF ; IC   ; 2      ; LABCELL_X35_Y12_N42       ; u_sys|u_synth|u_l2|form|Add0~241|cin                                                    ;
;   20.357 ;   0.052  ; FF ; CELL ; 1      ; LABCELL_X35_Y12_N42       ; u_sys|u_synth|u_l2|form|Add0~241|cout                                                   ;
;   20.357 ;   0.000  ; FF ; IC   ; 2      ; LABCELL_X35_Y12_N45       ; u_sys|u_synth|u_l2|form|Add0~233|cin                                                    ;
;   20.357 ;   0.000  ; FF ; CELL ; 1      ; LABCELL_X35_Y12_N45       ; u_sys|u_synth|u_l2|form|Add0~233|cout                                                   ;
;   20.357 ;   0.000  ; FF ; IC   ; 2      ; LABCELL_X35_Y12_N48       ; u_sys|u_synth|u_l2|form|Add0~237|cin                                                    ;
;   20.409 ;   0.052  ; FF ; CELL ; 1      ; LABCELL_X35_Y12_N48       ; u_sys|u_synth|u_l2|form|Add0~237|cout                                                   ;
;   20.409 ;   0.000  ; FF ; IC   ; 2      ; LABCELL_X35_Y12_N51       ; u_sys|u_synth|u_l2|form|Add0~229|cin                                                    ;
;   20.409 ;   0.000  ; FF ; CELL ; 1      ; LABCELL_X35_Y12_N51       ; u_sys|u_synth|u_l2|form|Add0~229|cout                                                   ;
;   20.409 ;   0.000  ; FF ; IC   ; 2      ; LABCELL_X35_Y12_N54       ; u_sys|u_synth|u_l2|form|Add0~209|cin                                                    ;
;   20.458 ;   0.049  ; FF ; CELL ; 1      ; LABCELL_X35_Y12_N54       ; u_sys|u_synth|u_l2|form|Add0~209|cout                                                   ;
;   20.458 ;   0.000  ; FF ; IC   ; 2      ; LABCELL_X35_Y12_N57       ; u_sys|u_synth|u_l2|form|Add0~201|cin                                                    ;
;   20.458 ;   0.000  ; FF ; CELL ; 1      ; LABCELL_X35_Y12_N57       ; u_sys|u_synth|u_l2|form|Add0~201|cout                                                   ;
;   20.458 ;   0.000  ; FF ; IC   ; 2      ; LABCELL_X35_Y11_N0        ; u_sys|u_synth|u_l2|form|Add0~205|cin                                                    ;
;   20.579 ;   0.121  ; FF ; CELL ; 1      ; LABCELL_X35_Y11_N0        ; u_sys|u_synth|u_l2|form|Add0~205|cout                                                   ;
;   20.579 ;   0.000  ; FF ; IC   ; 2      ; LABCELL_X35_Y11_N3        ; u_sys|u_synth|u_l2|form|Add0~1|cin                                                      ;
;   20.579 ;   0.000  ; FF ; CELL ; 1      ; LABCELL_X35_Y11_N3        ; u_sys|u_synth|u_l2|form|Add0~1|cout                                                     ;
;   20.579 ;   0.000  ; FF ; IC   ; 2      ; LABCELL_X35_Y11_N6        ; u_sys|u_synth|u_l2|form|Add0~105|cin                                                    ;
;   20.631 ;   0.052  ; FF ; CELL ; 1      ; LABCELL_X35_Y11_N6        ; u_sys|u_synth|u_l2|form|Add0~105|cout                                                   ;
;   20.631 ;   0.000  ; FF ; IC   ; 2      ; LABCELL_X35_Y11_N9        ; u_sys|u_synth|u_l2|form|Add0~109|cin                                                    ;
;   20.631 ;   0.000  ; FF ; CELL ; 1      ; LABCELL_X35_Y11_N9        ; u_sys|u_synth|u_l2|form|Add0~109|cout                                                   ;
;   20.631 ;   0.000  ; FF ; IC   ; 2      ; LABCELL_X35_Y11_N12       ; u_sys|u_synth|u_l2|form|Add0~113|cin                                                    ;
;   20.683 ;   0.052  ; FF ; CELL ; 1      ; LABCELL_X35_Y11_N12       ; u_sys|u_synth|u_l2|form|Add0~113|cout                                                   ;
;   20.683 ;   0.000  ; FF ; IC   ; 2      ; LABCELL_X35_Y11_N15       ; u_sys|u_synth|u_l2|form|Add0~117|cin                                                    ;
;   20.683 ;   0.000  ; FF ; CELL ; 1      ; LABCELL_X35_Y11_N15       ; u_sys|u_synth|u_l2|form|Add0~117|cout                                                   ;
;   20.683 ;   0.000  ; FF ; IC   ; 2      ; LABCELL_X35_Y11_N18       ; u_sys|u_synth|u_l2|form|Add0~121|cin                                                    ;
;   20.735 ;   0.052  ; FF ; CELL ; 1      ; LABCELL_X35_Y11_N18       ; u_sys|u_synth|u_l2|form|Add0~121|cout                                                   ;
;   20.735 ;   0.000  ; FF ; IC   ; 2      ; LABCELL_X35_Y11_N21       ; u_sys|u_synth|u_l2|form|Add0~85|cin                                                     ;
;   20.735 ;   0.000  ; FF ; CELL ; 1      ; LABCELL_X35_Y11_N21       ; u_sys|u_synth|u_l2|form|Add0~85|cout                                                    ;
;   20.735 ;   0.000  ; FF ; IC   ; 2      ; LABCELL_X35_Y11_N24       ; u_sys|u_synth|u_l2|form|Add0~89|cin                                                     ;
;   20.801 ;   0.066  ; FF ; CELL ; 1      ; LABCELL_X35_Y11_N24       ; u_sys|u_synth|u_l2|form|Add0~89|cout                                                    ;
;   20.801 ;   0.000  ; FF ; IC   ; 2      ; LABCELL_X35_Y11_N27       ; u_sys|u_synth|u_l2|form|Add0~93|cin                                                     ;
;   20.801 ;   0.000  ; FF ; CELL ; 1      ; LABCELL_X35_Y11_N27       ; u_sys|u_synth|u_l2|form|Add0~93|cout                                                    ;
;   20.801 ;   0.000  ; FF ; IC   ; 2      ; LABCELL_X35_Y11_N30       ; u_sys|u_synth|u_l2|form|Add0~97|cin                                                     ;
;   20.931 ;   0.130  ; FF ; CELL ; 1      ; LABCELL_X35_Y11_N30       ; u_sys|u_synth|u_l2|form|Add0~97|cout                                                    ;
;   20.931 ;   0.000  ; FF ; IC   ; 2      ; LABCELL_X35_Y11_N33       ; u_sys|u_synth|u_l2|form|Add0~101|cin                                                    ;
;   20.931 ;   0.000  ; FF ; CELL ; 1      ; LABCELL_X35_Y11_N33       ; u_sys|u_synth|u_l2|form|Add0~101|cout                                                   ;
;   20.931 ;   0.000  ; FF ; IC   ; 2      ; LABCELL_X35_Y11_N36       ; u_sys|u_synth|u_l2|form|Add0~65|cin                                                     ;
;   20.983 ;   0.052  ; FF ; CELL ; 1      ; LABCELL_X35_Y11_N36       ; u_sys|u_synth|u_l2|form|Add0~65|cout                                                    ;
;   20.983 ;   0.000  ; FF ; IC   ; 2      ; LABCELL_X35_Y11_N39       ; u_sys|u_synth|u_l2|form|Add0~69|cin                                                     ;
;   20.983 ;   0.000  ; FF ; CELL ; 1      ; LABCELL_X35_Y11_N39       ; u_sys|u_synth|u_l2|form|Add0~69|cout                                                    ;
;   20.983 ;   0.000  ; FF ; IC   ; 2      ; LABCELL_X35_Y11_N42       ; u_sys|u_synth|u_l2|form|Add0~73|cin                                                     ;
;   21.035 ;   0.052  ; FF ; CELL ; 1      ; LABCELL_X35_Y11_N42       ; u_sys|u_synth|u_l2|form|Add0~73|cout                                                    ;
;   21.035 ;   0.000  ; FF ; IC   ; 2      ; LABCELL_X35_Y11_N45       ; u_sys|u_synth|u_l2|form|Add0~77|cin                                                     ;
;   21.035 ;   0.000  ; FF ; CELL ; 1      ; LABCELL_X35_Y11_N45       ; u_sys|u_synth|u_l2|form|Add0~77|cout                                                    ;
;   21.035 ;   0.000  ; FF ; IC   ; 2      ; LABCELL_X35_Y11_N48       ; u_sys|u_synth|u_l2|form|Add0~81|cin                                                     ;
;   21.087 ;   0.052  ; FF ; CELL ; 1      ; LABCELL_X35_Y11_N48       ; u_sys|u_synth|u_l2|form|Add0~81|cout                                                    ;
;   21.087 ;   0.000  ; FF ; IC   ; 2      ; LABCELL_X35_Y11_N51       ; u_sys|u_synth|u_l2|form|Add0~45|cin                                                     ;
;   21.087 ;   0.000  ; FF ; CELL ; 1      ; LABCELL_X35_Y11_N51       ; u_sys|u_synth|u_l2|form|Add0~45|cout                                                    ;
;   21.087 ;   0.000  ; FF ; IC   ; 2      ; LABCELL_X35_Y11_N54       ; u_sys|u_synth|u_l2|form|Add0~49|cin                                                     ;
;   21.136 ;   0.049  ; FF ; CELL ; 1      ; LABCELL_X35_Y11_N54       ; u_sys|u_synth|u_l2|form|Add0~49|cout                                                    ;
;   21.136 ;   0.000  ; FF ; IC   ; 2      ; LABCELL_X35_Y11_N57       ; u_sys|u_synth|u_l2|form|Add0~53|cin                                                     ;
;   21.136 ;   0.000  ; FF ; CELL ; 1      ; LABCELL_X35_Y11_N57       ; u_sys|u_synth|u_l2|form|Add0~53|cout                                                    ;
;   21.136 ;   0.000  ; FF ; IC   ; 2      ; LABCELL_X35_Y10_N0        ; u_sys|u_synth|u_l2|form|Add0~57|cin                                                     ;
;   21.257 ;   0.121  ; FF ; CELL ; 1      ; LABCELL_X35_Y10_N0        ; u_sys|u_synth|u_l2|form|Add0~57|cout                                                    ;
;   21.257 ;   0.000  ; FF ; IC   ; 2      ; LABCELL_X35_Y10_N3        ; u_sys|u_synth|u_l2|form|Add0~61|cin                                                     ;
;   21.257 ;   0.000  ; FF ; CELL ; 1      ; LABCELL_X35_Y10_N3        ; u_sys|u_synth|u_l2|form|Add0~61|cout                                                    ;
;   21.257 ;   0.000  ; FF ; IC   ; 2      ; LABCELL_X35_Y10_N6        ; u_sys|u_synth|u_l2|form|Add0~25|cin                                                     ;
;   21.309 ;   0.052  ; FF ; CELL ; 1      ; LABCELL_X35_Y10_N6        ; u_sys|u_synth|u_l2|form|Add0~25|cout                                                    ;
;   21.309 ;   0.000  ; FF ; IC   ; 2      ; LABCELL_X35_Y10_N9        ; u_sys|u_synth|u_l2|form|Add0~29|cin                                                     ;
;   21.309 ;   0.000  ; FF ; CELL ; 1      ; LABCELL_X35_Y10_N9        ; u_sys|u_synth|u_l2|form|Add0~29|cout                                                    ;
;   21.309 ;   0.000  ; FF ; IC   ; 2      ; LABCELL_X35_Y10_N12       ; u_sys|u_synth|u_l2|form|Add0~33|cin                                                     ;
;   21.361 ;   0.052  ; FF ; CELL ; 1      ; LABCELL_X35_Y10_N12       ; u_sys|u_synth|u_l2|form|Add0~33|cout                                                    ;
;   21.361 ;   0.000  ; FF ; IC   ; 2      ; LABCELL_X35_Y10_N15       ; u_sys|u_synth|u_l2|form|Add0~37|cin                                                     ;
;   21.361 ;   0.000  ; FF ; CELL ; 1      ; LABCELL_X35_Y10_N15       ; u_sys|u_synth|u_l2|form|Add0~37|cout                                                    ;
;   21.361 ;   0.000  ; FF ; IC   ; 2      ; LABCELL_X35_Y10_N18       ; u_sys|u_synth|u_l2|form|Add0~41|cin                                                     ;
;   21.413 ;   0.052  ; FF ; CELL ; 1      ; LABCELL_X35_Y10_N18       ; u_sys|u_synth|u_l2|form|Add0~41|cout                                                    ;
;   21.413 ;   0.000  ; FF ; IC   ; 2      ; LABCELL_X35_Y10_N21       ; u_sys|u_synth|u_l2|form|Add0~5|cin                                                      ;
;   21.413 ;   0.000  ; FF ; CELL ; 1      ; LABCELL_X35_Y10_N21       ; u_sys|u_synth|u_l2|form|Add0~5|cout                                                     ;
;   21.413 ;   0.000  ; FF ; IC   ; 2      ; LABCELL_X35_Y10_N24       ; u_sys|u_synth|u_l2|form|Add0~9|cin                                                      ;
;   21.479 ;   0.066  ; FF ; CELL ; 1      ; LABCELL_X35_Y10_N24       ; u_sys|u_synth|u_l2|form|Add0~9|cout                                                     ;
;   21.479 ;   0.000  ; FF ; IC   ; 2      ; LABCELL_X35_Y10_N27       ; u_sys|u_synth|u_l2|form|Add0~13|cin                                                     ;
;   21.479 ;   0.000  ; FF ; CELL ; 1      ; LABCELL_X35_Y10_N27       ; u_sys|u_synth|u_l2|form|Add0~13|cout                                                    ;
;   21.479 ;   0.000  ; FF ; IC   ; 2      ; LABCELL_X35_Y10_N30       ; u_sys|u_synth|u_l2|form|Add0~17|cin                                                     ;
;   21.609 ;   0.130  ; FF ; CELL ; 1      ; LABCELL_X35_Y10_N30       ; u_sys|u_synth|u_l2|form|Add0~17|cout                                                    ;
;   21.609 ;   0.000  ; FF ; IC   ; 2      ; LABCELL_X35_Y10_N33       ; u_sys|u_synth|u_l2|form|Add0~21|cin                                                     ;
;   21.609 ;   0.000  ; FF ; CELL ; 1      ; LABCELL_X35_Y10_N33       ; u_sys|u_synth|u_l2|form|Add0~21|cout                                                    ;
;   21.609 ;   0.000  ; FF ; IC   ; 2      ; LABCELL_X35_Y10_N36       ; u_sys|u_synth|u_l2|form|Add0~125|cin                                                    ;
;   22.017 ;   0.408  ; FR ; CELL ; 1      ; LABCELL_X35_Y10_N36       ; u_sys|u_synth|u_l2|form|Add0~125|sumout                                                 ;
;   22.249 ;   0.232  ; RR ; IC   ; 1      ; FF_X35_Y10_N49            ; u_sys|u_synth|u_l2|form|w_hi[31]|asdata                                                 ;
;   22.903 ;   0.654  ; RR ; CELL ; 1      ; FF_X35_Y10_N49            ; wpms_system:u_sys|wpms_synth_top:u_synth|wpms_l2_top:u_l2|wpms_formation:form|w_hi[31]  ;
+----------+----------+----+------+--------+---------------------------+-----------------------------------------------------------------------------------------+

+---------------------------------------------------------------------------------------------------------------------------------------------------------------+
; Data Required Path                                                                                                                                            ;
+----------+----------+----+------+--------+---------------------------+----------------------------------------------------------------------------------------+
; Total    ; Incr     ; RF ; Type ; Fanout ; Location                  ; Element                                                                                ;
+----------+----------+----+------+--------+---------------------------+----------------------------------------------------------------------------------------+
; 20.000   ; 20.000   ;    ;      ;        ;                           ; latch edge time                                                                        ;
; 24.342   ; 4.342    ;    ;      ;        ;                           ; clock path                                                                             ;
;   20.000 ;   0.000  ;    ;      ;        ;                           ; source latency                                                                         ;
;   20.000 ;   0.000  ;    ;      ; 1      ; PIN_V11                   ; FPGA_CLK1_50                                                                           ;
;   20.000 ;   0.000  ; RR ; IC   ; 1      ; IOIBUF_X32_Y0_N1          ; FPGA_CLK1_50~input|i                                                                   ;
;   20.785 ;   0.785  ; RR ; CELL ; 2      ; IOIBUF_X32_Y0_N1          ; FPGA_CLK1_50~input|o                                                                   ;
;   21.953 ;   1.168  ; RR ; IC   ; 1      ; PLLREFCLKSELECT_X0_Y7_N0  ; u_pll_sys|g_intel.g_one.u_pll|general[0].gpll~PLL_REFCLK_SELECT|clkin[0]               ;
;   22.265 ;   0.312  ; RR ; CELL ; 1      ; PLLREFCLKSELECT_X0_Y7_N0  ; u_pll_sys|g_intel.g_one.u_pll|general[0].gpll~PLL_REFCLK_SELECT|clkout                 ;
;   22.265 ;   0.000  ; RR ; IC   ; 10     ; FRACTIONALPLL_X0_Y1_N0    ; u_pll_sys|g_intel.g_one.u_pll|general[0].gpll~FRACTIONAL_PLL|refclkin                  ;
;   17.117 ;   -5.148 ; RR ; COMP ; 1      ; FRACTIONALPLL_X0_Y1_N0    ; u_pll_sys|g_intel.g_one.u_pll|general[0].gpll~FRACTIONAL_PLL|vcoph[0]                  ;
;   17.117 ;   0.000  ; RR ; IC   ; 1      ; PLLOUTPUTCOUNTER_X0_Y4_N1 ; u_pll_sys|g_intel.g_one.u_pll|general[0].gpll~PLL_OUTPUT_COUNTER|vco0ph[0]             ;
;   18.592 ;   1.475  ; RR ; CELL ; 1      ; PLLOUTPUTCOUNTER_X0_Y4_N1 ; u_pll_sys|g_intel.g_one.u_pll|general[0].gpll~PLL_OUTPUT_COUNTER|divclk                ;
;   19.544 ;   0.952  ; RR ; IC   ; 1      ; CLKCTRL_G3                ; u_pll_sys|g_intel.g_one.u_pll|outclk_wire[0]~CLKENA0|inclk                             ;
;   19.869 ;   0.325  ; RR ; CELL ; 13501  ; CLKCTRL_G3                ; u_pll_sys|g_intel.g_one.u_pll|outclk_wire[0]~CLKENA0|outclk                            ;
;   21.865 ;   1.996  ; RR ; IC   ; 1      ; FF_X35_Y10_N49            ; u_sys|u_synth|u_l2|form|w_hi[31]|clk                                                   ;
;   22.327 ;   0.462  ; RR ; CELL ; 1      ; FF_X35_Y10_N49            ; wpms_system:u_sys|wpms_synth_top:u_synth|wpms_l2_top:u_l2|wpms_formation:form|w_hi[31] ;
;   24.342 ;   2.015  ;    ;      ;        ;                           ; clock pessimism removed                                                                ;
; 24.262   ; -0.080   ;    ;      ;        ;                           ; clock uncertainty                                                                      ;
; 24.262   ; 0.000    ;    ; uTsu ; 1      ; FF_X35_Y10_N49            ; wpms_system:u_sys|wpms_synth_top:u_synth|wpms_l2_top:u_l2|wpms_formation:form|w_hi[31] ;
+----------+----------+----+------+--------+---------------------------+----------------------------------------------------------------------------------------+

----------------------------
; Extra Fitter Information ;
----------------------------
HTML report is unavailable in plain text report export.


Path #5: Setup slack is 1.368 
===============================================================================
+--------------------------------------------------------------------------------------------------------------+
; Path Summary                                                                                                 ;
+--------------------+-----------------------------------------------------------------------------------------+
; Property           ; Value                                                                                   ;
+--------------------+-----------------------------------------------------------------------------------------+
; From Node          ; wpms_system:u_sys|wpms_synth_top:u_synth|wpms_l2_top:u_l2|wpms_formation:form|x_mode[3] ;
; To Node            ; wpms_system:u_sys|wpms_synth_top:u_synth|wpms_l2_top:u_l2|wpms_formation:form|w_hi[11]  ;
; Launch Clock       ; u_pll_sys|g_intel.g_one.u_pll|general[0].gpll~PLL_OUTPUT_COUNTER|divclk                 ;
; Latch Clock        ; u_pll_sys|g_intel.g_one.u_pll|general[0].gpll~PLL_OUTPUT_COUNTER|divclk                 ;
; Data Arrival Time  ; 22.889                                                                                  ;
; Data Required Time ; 24.257                                                                                  ;
; Slack              ; 1.368                                                                                   ;
+--------------------+-----------------------------------------------------------------------------------------+

+--------------------------------------------------------------------------------------+
; Statistics                                                                           ;
+------------------------+--------+-------+-------------+------------+--------+--------+
; Property               ; Value  ; Count ; Total Delay ; % of Total ; Min    ; Max    ;
+------------------------+--------+-------+-------------+------------+--------+--------+
; Setup Relationship     ; 20.000 ;       ;             ;            ;        ;        ;
; Clock Skew             ; -0.122 ;       ;             ;            ;        ;        ;
; Data Delay             ; 18.430 ;       ;             ;            ;        ;        ;
; Number of Logic Levels ;        ; 9     ;             ;            ;        ;        ;
; Physical Delays        ;        ;       ;             ;            ;        ;        ;
;  Arrival Path          ;        ;       ;             ;            ;        ;        ;
;   Clock                ;        ;       ;             ;            ;        ;        ;
;    IC                  ;        ; 6     ; 4.758       ; 56         ; 0.000  ; 2.431  ;
;    Cell                ;        ; 5     ; 3.701       ; 44         ; 0.333  ; 1.702  ;
;    PLL Compensation    ;        ; 1     ; -4.000      ; 0          ; -4.000 ; -4.000 ;
;   Data                 ;        ;       ;             ;            ;        ;        ;
;    IC                  ;        ; 53    ; 6.277       ; 34         ; 0.000  ; 1.127  ;
;    Cell                ;        ; 54    ; 12.153      ; 66         ; 0.000  ; 4.401  ;
;    uTco                ;        ; 1     ; 0.000       ; 0          ; 0.000  ; 0.000  ;
;  Required Path         ;        ;       ;             ;            ;        ;        ;
;   Clock                ;        ;       ;             ;            ;        ;        ;
;    IC                  ;        ; 6     ; 4.118       ; 55         ; 0.000  ; 1.998  ;
;    Cell                ;        ; 5     ; 3.352       ; 45         ; 0.312  ; 1.475  ;
;    PLL Compensation    ;        ; 1     ; -5.148      ; 0          ; -5.148 ; -5.148 ;
+------------------------+--------+-------+-------------+------------+--------+--------+
Note: Negative delays are omitted from totals when calculating percentages

+----------------------------------------------------------------------------------------------------------------------------------------------------------------+
; Data Arrival Path                                                                                                                                              ;
+----------+----------+----+------+--------+---------------------------+-----------------------------------------------------------------------------------------+
; Total    ; Incr     ; RF ; Type ; Fanout ; Location                  ; Element                                                                                 ;
+----------+----------+----+------+--------+---------------------------+-----------------------------------------------------------------------------------------+
; 0.000    ; 0.000    ;    ;      ;        ;                           ; launch edge time                                                                        ;
; 4.459    ; 4.459    ;    ;      ;        ;                           ; clock path                                                                              ;
;   0.000  ;   0.000  ;    ;      ;        ;                           ; source latency                                                                          ;
;   0.000  ;   0.000  ;    ;      ; 1      ; PIN_V11                   ; FPGA_CLK1_50                                                                            ;
;   0.000  ;   0.000  ; RR ; IC   ; 1      ; IOIBUF_X32_Y0_N1          ; FPGA_CLK1_50~input|i                                                                    ;
;   0.785  ;   0.785  ; RR ; CELL ; 2      ; IOIBUF_X32_Y0_N1          ; FPGA_CLK1_50~input|o                                                                    ;
;   2.101  ;   1.316  ; RR ; IC   ; 1      ; PLLREFCLKSELECT_X0_Y7_N0  ; u_pll_sys|g_intel.g_one.u_pll|general[0].gpll~PLL_REFCLK_SELECT|clkin[0]                ;
;   2.434  ;   0.333  ; RR ; CELL ; 1      ; PLLREFCLKSELECT_X0_Y7_N0  ; u_pll_sys|g_intel.g_one.u_pll|general[0].gpll~PLL_REFCLK_SELECT|clkout                  ;
;   2.434  ;   0.000  ; RR ; IC   ; 10     ; FRACTIONALPLL_X0_Y1_N0    ; u_pll_sys|g_intel.g_one.u_pll|general[0].gpll~FRACTIONAL_PLL|refclkin                   ;
;   -1.566 ;   -4.000 ; RR ; COMP ; 1      ; FRACTIONALPLL_X0_Y1_N0    ; u_pll_sys|g_intel.g_one.u_pll|general[0].gpll~FRACTIONAL_PLL|vcoph[0]                   ;
;   -1.566 ;   0.000  ; RR ; IC   ; 1      ; PLLOUTPUTCOUNTER_X0_Y4_N1 ; u_pll_sys|g_intel.g_one.u_pll|general[0].gpll~PLL_OUTPUT_COUNTER|vco0ph[0]              ;
;   0.136  ;   1.702  ; RR ; CELL ; 1      ; PLLOUTPUTCOUNTER_X0_Y4_N1 ; u_pll_sys|g_intel.g_one.u_pll|general[0].gpll~PLL_OUTPUT_COUNTER|divclk                 ;
;   1.147  ;   1.011  ; RR ; IC   ; 1      ; CLKCTRL_G3                ; u_pll_sys|g_intel.g_one.u_pll|outclk_wire[0]~CLKENA0|inclk                              ;
;   1.495  ;   0.348  ; RR ; CELL ; 13501  ; CLKCTRL_G3                ; u_pll_sys|g_intel.g_one.u_pll|outclk_wire[0]~CLKENA0|outclk                             ;
;   3.926  ;   2.431  ; RR ; IC   ; 1      ; FF_X31_Y13_N41            ; u_sys|u_synth|u_l2|form|x_mode[3]|clk                                                   ;
;   4.459  ;   0.533  ; RR ; CELL ; 1      ; FF_X31_Y13_N41            ; wpms_system:u_sys|wpms_synth_top:u_synth|wpms_l2_top:u_l2|wpms_formation:form|x_mode[3] ;
; 22.889   ; 18.430   ;    ;      ;        ;                           ; data path                                                                               ;
;   4.459  ;   0.000  ;    ; uTco ; 1      ; FF_X31_Y13_N41            ; wpms_system:u_sys|wpms_synth_top:u_synth|wpms_l2_top:u_l2|wpms_formation:form|x_mode[3] ;
;   4.459  ;   0.000  ; RR ; CELL ; 6      ; FF_X31_Y13_N41            ; u_sys|u_synth|u_l2|form|x_mode[3]|q                                                     ;
;   4.792  ;   0.333  ; RR ; IC   ; 1      ; LABCELL_X31_Y13_N27       ; u_sys|u_synth|u_l2|form|Decoder0~0|datac                                                ;
;   5.322  ;   0.530  ; RF ; CELL ; 4      ; LABCELL_X31_Y13_N27       ; u_sys|u_synth|u_l2|form|Decoder0~0|combout                                              ;
;   5.648  ;   0.326  ; FF ; IC   ; 1      ; LABCELL_X31_Y13_N9        ; u_sys|u_synth|u_l2|form|WideOr3~1|dataf                                                 ;
;   5.739  ;   0.091  ; FF ; CELL ; 91     ; LABCELL_X31_Y13_N9        ; u_sys|u_synth|u_l2|form|WideOr3~1|combout                                               ;
;   5.946  ;   0.207  ; FF ; IC   ; 1      ; LABCELL_X31_Y13_N45       ; u_sys|u_synth|u_l2|form|Equal54~1|datac                                                 ;
;   6.496  ;   0.550  ; FF ; CELL ; 46     ; LABCELL_X31_Y13_N45       ; u_sys|u_synth|u_l2|form|Equal54~1|combout                                               ;
;   7.382  ;   0.886  ; FF ; IC   ; 1      ; LABCELL_X31_Y16_N48       ; u_sys|u_synth|u_l2|form|m_b[3]~3|datac                                                  ;
;   7.925  ;   0.543  ; FF ; CELL ; 2      ; LABCELL_X31_Y16_N48       ; u_sys|u_synth|u_l2|form|m_b[3]~3|combout                                                ;
;   8.523  ;   0.598  ; FF ; IC   ; 33     ; DSP_X32_Y12_N0            ; u_sys|u_synth|u_l2|form|Mult0~515|ay[3]                                                 ;
;   12.924 ;   4.401  ; FF ; CELL ; 1      ; DSP_X32_Y12_N0            ; u_sys|u_synth|u_l2|form|Mult0~515|resulta[11]                                           ;
;   14.051 ;   1.127  ; FF ; IC   ; 2      ; LABCELL_X33_Y12_N3        ; u_sys|u_synth|u_l2|form|Mult0~137|datac                                                 ;
;   14.958 ;   0.907  ; FF ; CELL ; 1      ; LABCELL_X33_Y12_N3        ; u_sys|u_synth|u_l2|form|Mult0~137|cout                                                  ;
;   14.958 ;   0.000  ; FF ; IC   ; 2      ; LABCELL_X33_Y12_N6        ; u_sys|u_synth|u_l2|form|Mult0~145|cin                                                   ;
;   15.010 ;   0.052  ; FF ; CELL ; 1      ; LABCELL_X33_Y12_N6        ; u_sys|u_synth|u_l2|form|Mult0~145|cout                                                  ;
;   15.010 ;   0.000  ; FF ; IC   ; 2      ; LABCELL_X33_Y12_N9        ; u_sys|u_synth|u_l2|form|Mult0~1|cin                                                     ;
;   15.010 ;   0.000  ; FF ; CELL ; 1      ; LABCELL_X33_Y12_N9        ; u_sys|u_synth|u_l2|form|Mult0~1|cout                                                    ;
;   15.010 ;   0.000  ; FF ; IC   ; 2      ; LABCELL_X33_Y12_N12       ; u_sys|u_synth|u_l2|form|Mult0~9|cin                                                     ;
;   15.062 ;   0.052  ; FF ; CELL ; 1      ; LABCELL_X33_Y12_N12       ; u_sys|u_synth|u_l2|form|Mult0~9|cout                                                    ;
;   15.062 ;   0.000  ; FF ; IC   ; 2      ; LABCELL_X33_Y12_N15       ; u_sys|u_synth|u_l2|form|Mult0~5|cin                                                     ;
;   15.062 ;   0.000  ; FF ; CELL ; 1      ; LABCELL_X33_Y12_N15       ; u_sys|u_synth|u_l2|form|Mult0~5|cout                                                    ;
;   15.062 ;   0.000  ; FF ; IC   ; 2      ; LABCELL_X33_Y12_N18       ; u_sys|u_synth|u_l2|form|Mult0~13|cin                                                    ;
;   15.114 ;   0.052  ; FF ; CELL ; 1      ; LABCELL_X33_Y12_N18       ; u_sys|u_synth|u_l2|form|Mult0~13|cout                                                   ;
;   15.114 ;   0.000  ; FF ; IC   ; 2      ; LABCELL_X33_Y12_N21       ; u_sys|u_synth|u_l2|form|Mult0~33|cin                                                    ;
;   15.114 ;   0.000  ; FF ; CELL ; 1      ; LABCELL_X33_Y12_N21       ; u_sys|u_synth|u_l2|form|Mult0~33|cout                                                   ;
;   15.114 ;   0.000  ; FF ; IC   ; 2      ; LABCELL_X33_Y12_N24       ; u_sys|u_synth|u_l2|form|Mult0~41|cin                                                    ;
;   15.180 ;   0.066  ; FF ; CELL ; 1      ; LABCELL_X33_Y12_N24       ; u_sys|u_synth|u_l2|form|Mult0~41|cout                                                   ;
;   15.180 ;   0.000  ; FF ; IC   ; 2      ; LABCELL_X33_Y12_N27       ; u_sys|u_synth|u_l2|form|Mult0~37|cin                                                    ;
;   15.180 ;   0.000  ; FF ; CELL ; 1      ; LABCELL_X33_Y12_N27       ; u_sys|u_synth|u_l2|form|Mult0~37|cout                                                   ;
;   15.180 ;   0.000  ; FF ; IC   ; 2      ; LABCELL_X33_Y12_N30       ; u_sys|u_synth|u_l2|form|Mult0~45|cin                                                    ;
;   15.658 ;   0.478  ; FF ; CELL ; 4      ; LABCELL_X33_Y12_N30       ; u_sys|u_synth|u_l2|form|Mult0~45|sumout                                                 ;
;   16.470 ;   0.812  ; FF ; IC   ; 1      ; MLABCELL_X34_Y11_N18      ; u_sys|u_synth|u_l2|form|ShiftRight1~84|datad                                            ;
;   17.125 ;   0.655  ; FF ; CELL ; 4      ; MLABCELL_X34_Y11_N18      ; u_sys|u_synth|u_l2|form|ShiftRight1~84|combout                                          ;
;   17.358 ;   0.233  ; FF ; IC   ; 1      ; MLABCELL_X34_Y11_N42      ; u_sys|u_synth|u_l2|form|ShiftRight1~146|datac                                           ;
;   17.909 ;   0.551  ; FF ; CELL ; 4      ; MLABCELL_X34_Y11_N42      ; u_sys|u_synth|u_l2|form|ShiftRight1~146|combout                                         ;
;   18.793 ;   0.884  ; FF ; IC   ; 2      ; LABCELL_X35_Y14_N54       ; u_sys|u_synth|u_l2|form|Add0~181|datac                                                  ;
;   19.736 ;   0.943  ; FF ; CELL ; 1      ; LABCELL_X35_Y14_N54       ; u_sys|u_synth|u_l2|form|Add0~181|cout                                                   ;
;   19.736 ;   0.000  ; FF ; IC   ; 2      ; LABCELL_X35_Y14_N57       ; u_sys|u_synth|u_l2|form|Add0~173|cin                                                    ;
;   19.736 ;   0.000  ; FF ; CELL ; 1      ; LABCELL_X35_Y14_N57       ; u_sys|u_synth|u_l2|form|Add0~173|cout                                                   ;
;   19.736 ;   0.000  ; FF ; IC   ; 2      ; LABCELL_X35_Y13_N30       ; u_sys|u_synth|u_l2|form|Add0~177|cin                                                    ;
;   19.892 ;   0.156  ; FF ; CELL ; 1      ; LABCELL_X35_Y13_N30       ; u_sys|u_synth|u_l2|form|Add0~177|cout                                                   ;
;   19.892 ;   0.000  ; FF ; IC   ; 2      ; LABCELL_X35_Y13_N33       ; u_sys|u_synth|u_l2|form|Add0~169|cin                                                    ;
;   19.892 ;   0.000  ; FF ; CELL ; 1      ; LABCELL_X35_Y13_N33       ; u_sys|u_synth|u_l2|form|Add0~169|cout                                                   ;
;   19.892 ;   0.000  ; FF ; IC   ; 2      ; LABCELL_X35_Y13_N36       ; u_sys|u_synth|u_l2|form|Add0~149|cin                                                    ;
;   19.944 ;   0.052  ; FF ; CELL ; 1      ; LABCELL_X35_Y13_N36       ; u_sys|u_synth|u_l2|form|Add0~149|cout                                                   ;
;   19.944 ;   0.000  ; FF ; IC   ; 2      ; LABCELL_X35_Y13_N39       ; u_sys|u_synth|u_l2|form|Add0~141|cin                                                    ;
;   19.944 ;   0.000  ; FF ; CELL ; 1      ; LABCELL_X35_Y13_N39       ; u_sys|u_synth|u_l2|form|Add0~141|cout                                                   ;
;   19.944 ;   0.000  ; FF ; IC   ; 2      ; LABCELL_X35_Y13_N42       ; u_sys|u_synth|u_l2|form|Add0~145|cin                                                    ;
;   19.996 ;   0.052  ; FF ; CELL ; 1      ; LABCELL_X35_Y13_N42       ; u_sys|u_synth|u_l2|form|Add0~145|cout                                                   ;
;   19.996 ;   0.000  ; FF ; IC   ; 2      ; LABCELL_X35_Y13_N45       ; u_sys|u_synth|u_l2|form|Add0~137|cin                                                    ;
;   19.996 ;   0.000  ; FF ; CELL ; 1      ; LABCELL_X35_Y13_N45       ; u_sys|u_synth|u_l2|form|Add0~137|cout                                                   ;
;   19.996 ;   0.000  ; FF ; IC   ; 2      ; LABCELL_X35_Y13_N48       ; u_sys|u_synth|u_l2|form|Add0~257|cin                                                    ;
;   20.048 ;   0.052  ; FF ; CELL ; 1      ; LABCELL_X35_Y13_N48       ; u_sys|u_synth|u_l2|form|Add0~257|cout                                                   ;
;   20.048 ;   0.000  ; FF ; IC   ; 2      ; LABCELL_X35_Y13_N51       ; u_sys|u_synth|u_l2|form|Add0~249|cin                                                    ;
;   20.048 ;   0.000  ; FF ; CELL ; 1      ; LABCELL_X35_Y13_N51       ; u_sys|u_synth|u_l2|form|Add0~249|cout                                                   ;
;   20.048 ;   0.000  ; FF ; IC   ; 2      ; LABCELL_X35_Y13_N54       ; u_sys|u_synth|u_l2|form|Add0~253|cin                                                    ;
;   20.097 ;   0.049  ; FF ; CELL ; 1      ; LABCELL_X35_Y13_N54       ; u_sys|u_synth|u_l2|form|Add0~253|cout                                                   ;
;   20.097 ;   0.000  ; FF ; IC   ; 2      ; LABCELL_X35_Y13_N57       ; u_sys|u_synth|u_l2|form|Add0~245|cin                                                    ;
;   20.097 ;   0.000  ; FF ; CELL ; 1      ; LABCELL_X35_Y13_N57       ; u_sys|u_synth|u_l2|form|Add0~245|cout                                                   ;
;   20.097 ;   0.000  ; FF ; IC   ; 2      ; LABCELL_X35_Y12_N30       ; u_sys|u_synth|u_l2|form|Add0~225|cin                                                    ;
;   20.253 ;   0.156  ; FF ; CELL ; 1      ; LABCELL_X35_Y12_N30       ; u_sys|u_synth|u_l2|form|Add0~225|cout                                                   ;
;   20.253 ;   0.000  ; FF ; IC   ; 2      ; LABCELL_X35_Y12_N33       ; u_sys|u_synth|u_l2|form|Add0~217|cin                                                    ;
;   20.253 ;   0.000  ; FF ; CELL ; 1      ; LABCELL_X35_Y12_N33       ; u_sys|u_synth|u_l2|form|Add0~217|cout                                                   ;
;   20.253 ;   0.000  ; FF ; IC   ; 2      ; LABCELL_X35_Y12_N36       ; u_sys|u_synth|u_l2|form|Add0~221|cin                                                    ;
;   20.305 ;   0.052  ; FF ; CELL ; 1      ; LABCELL_X35_Y12_N36       ; u_sys|u_synth|u_l2|form|Add0~221|cout                                                   ;
;   20.305 ;   0.000  ; FF ; IC   ; 2      ; LABCELL_X35_Y12_N39       ; u_sys|u_synth|u_l2|form|Add0~213|cin                                                    ;
;   20.305 ;   0.000  ; FF ; CELL ; 1      ; LABCELL_X35_Y12_N39       ; u_sys|u_synth|u_l2|form|Add0~213|cout                                                   ;
;   20.305 ;   0.000  ; FF ; IC   ; 2      ; LABCELL_X35_Y12_N42       ; u_sys|u_synth|u_l2|form|Add0~241|cin                                                    ;
;   20.357 ;   0.052  ; FF ; CELL ; 1      ; LABCELL_X35_Y12_N42       ; u_sys|u_synth|u_l2|form|Add0~241|cout                                                   ;
;   20.357 ;   0.000  ; FF ; IC   ; 2      ; LABCELL_X35_Y12_N45       ; u_sys|u_synth|u_l2|form|Add0~233|cin                                                    ;
;   20.357 ;   0.000  ; FF ; CELL ; 1      ; LABCELL_X35_Y12_N45       ; u_sys|u_synth|u_l2|form|Add0~233|cout                                                   ;
;   20.357 ;   0.000  ; FF ; IC   ; 2      ; LABCELL_X35_Y12_N48       ; u_sys|u_synth|u_l2|form|Add0~237|cin                                                    ;
;   20.409 ;   0.052  ; FF ; CELL ; 1      ; LABCELL_X35_Y12_N48       ; u_sys|u_synth|u_l2|form|Add0~237|cout                                                   ;
;   20.409 ;   0.000  ; FF ; IC   ; 2      ; LABCELL_X35_Y12_N51       ; u_sys|u_synth|u_l2|form|Add0~229|cin                                                    ;
;   20.409 ;   0.000  ; FF ; CELL ; 1      ; LABCELL_X35_Y12_N51       ; u_sys|u_synth|u_l2|form|Add0~229|cout                                                   ;
;   20.409 ;   0.000  ; FF ; IC   ; 2      ; LABCELL_X35_Y12_N54       ; u_sys|u_synth|u_l2|form|Add0~209|cin                                                    ;
;   20.458 ;   0.049  ; FF ; CELL ; 1      ; LABCELL_X35_Y12_N54       ; u_sys|u_synth|u_l2|form|Add0~209|cout                                                   ;
;   20.458 ;   0.000  ; FF ; IC   ; 2      ; LABCELL_X35_Y12_N57       ; u_sys|u_synth|u_l2|form|Add0~201|cin                                                    ;
;   20.458 ;   0.000  ; FF ; CELL ; 1      ; LABCELL_X35_Y12_N57       ; u_sys|u_synth|u_l2|form|Add0~201|cout                                                   ;
;   20.458 ;   0.000  ; FF ; IC   ; 2      ; LABCELL_X35_Y11_N0        ; u_sys|u_synth|u_l2|form|Add0~205|cin                                                    ;
;   20.579 ;   0.121  ; FF ; CELL ; 1      ; LABCELL_X35_Y11_N0        ; u_sys|u_synth|u_l2|form|Add0~205|cout                                                   ;
;   20.579 ;   0.000  ; FF ; IC   ; 2      ; LABCELL_X35_Y11_N3        ; u_sys|u_synth|u_l2|form|Add0~1|cin                                                      ;
;   20.579 ;   0.000  ; FF ; CELL ; 1      ; LABCELL_X35_Y11_N3        ; u_sys|u_synth|u_l2|form|Add0~1|cout                                                     ;
;   20.579 ;   0.000  ; FF ; IC   ; 2      ; LABCELL_X35_Y11_N6        ; u_sys|u_synth|u_l2|form|Add0~105|cin                                                    ;
;   20.631 ;   0.052  ; FF ; CELL ; 1      ; LABCELL_X35_Y11_N6        ; u_sys|u_synth|u_l2|form|Add0~105|cout                                                   ;
;   20.631 ;   0.000  ; FF ; IC   ; 2      ; LABCELL_X35_Y11_N9        ; u_sys|u_synth|u_l2|form|Add0~109|cin                                                    ;
;   20.631 ;   0.000  ; FF ; CELL ; 1      ; LABCELL_X35_Y11_N9        ; u_sys|u_synth|u_l2|form|Add0~109|cout                                                   ;
;   20.631 ;   0.000  ; FF ; IC   ; 2      ; LABCELL_X35_Y11_N12       ; u_sys|u_synth|u_l2|form|Add0~113|cin                                                    ;
;   20.683 ;   0.052  ; FF ; CELL ; 1      ; LABCELL_X35_Y11_N12       ; u_sys|u_synth|u_l2|form|Add0~113|cout                                                   ;
;   20.683 ;   0.000  ; FF ; IC   ; 2      ; LABCELL_X35_Y11_N15       ; u_sys|u_synth|u_l2|form|Add0~117|cin                                                    ;
;   20.683 ;   0.000  ; FF ; CELL ; 1      ; LABCELL_X35_Y11_N15       ; u_sys|u_synth|u_l2|form|Add0~117|cout                                                   ;
;   20.683 ;   0.000  ; FF ; IC   ; 2      ; LABCELL_X35_Y11_N18       ; u_sys|u_synth|u_l2|form|Add0~121|cin                                                    ;
;   20.735 ;   0.052  ; FF ; CELL ; 1      ; LABCELL_X35_Y11_N18       ; u_sys|u_synth|u_l2|form|Add0~121|cout                                                   ;
;   20.735 ;   0.000  ; FF ; IC   ; 2      ; LABCELL_X35_Y11_N21       ; u_sys|u_synth|u_l2|form|Add0~85|cin                                                     ;
;   20.735 ;   0.000  ; FF ; CELL ; 1      ; LABCELL_X35_Y11_N21       ; u_sys|u_synth|u_l2|form|Add0~85|cout                                                    ;
;   20.735 ;   0.000  ; FF ; IC   ; 2      ; LABCELL_X35_Y11_N24       ; u_sys|u_synth|u_l2|form|Add0~89|cin                                                     ;
;   20.801 ;   0.066  ; FF ; CELL ; 1      ; LABCELL_X35_Y11_N24       ; u_sys|u_synth|u_l2|form|Add0~89|cout                                                    ;
;   20.801 ;   0.000  ; FF ; IC   ; 2      ; LABCELL_X35_Y11_N27       ; u_sys|u_synth|u_l2|form|Add0~93|cin                                                     ;
;   20.801 ;   0.000  ; FF ; CELL ; 1      ; LABCELL_X35_Y11_N27       ; u_sys|u_synth|u_l2|form|Add0~93|cout                                                    ;
;   20.801 ;   0.000  ; FF ; IC   ; 2      ; LABCELL_X35_Y11_N30       ; u_sys|u_synth|u_l2|form|Add0~97|cin                                                     ;
;   20.931 ;   0.130  ; FF ; CELL ; 1      ; LABCELL_X35_Y11_N30       ; u_sys|u_synth|u_l2|form|Add0~97|cout                                                    ;
;   20.931 ;   0.000  ; FF ; IC   ; 2      ; LABCELL_X35_Y11_N33       ; u_sys|u_synth|u_l2|form|Add0~101|cin                                                    ;
;   20.931 ;   0.000  ; FF ; CELL ; 1      ; LABCELL_X35_Y11_N33       ; u_sys|u_synth|u_l2|form|Add0~101|cout                                                   ;
;   20.931 ;   0.000  ; FF ; IC   ; 2      ; LABCELL_X35_Y11_N36       ; u_sys|u_synth|u_l2|form|Add0~65|cin                                                     ;
;   21.347 ;   0.416  ; FF ; CELL ; 1      ; LABCELL_X35_Y11_N36       ; u_sys|u_synth|u_l2|form|Add0~65|sumout                                                  ;
;   22.218 ;   0.871  ; FF ; IC   ; 1      ; FF_X36_Y10_N22            ; u_sys|u_synth|u_l2|form|w_hi[11]|asdata                                                 ;
;   22.889 ;   0.671  ; FF ; CELL ; 1      ; FF_X36_Y10_N22            ; wpms_system:u_sys|wpms_synth_top:u_synth|wpms_l2_top:u_l2|wpms_formation:form|w_hi[11]  ;
+----------+----------+----+------+--------+---------------------------+-----------------------------------------------------------------------------------------+

+---------------------------------------------------------------------------------------------------------------------------------------------------------------+
; Data Required Path                                                                                                                                            ;
+----------+----------+----+------+--------+---------------------------+----------------------------------------------------------------------------------------+
; Total    ; Incr     ; RF ; Type ; Fanout ; Location                  ; Element                                                                                ;
+----------+----------+----+------+--------+---------------------------+----------------------------------------------------------------------------------------+
; 20.000   ; 20.000   ;    ;      ;        ;                           ; latch edge time                                                                        ;
; 24.337   ; 4.337    ;    ;      ;        ;                           ; clock path                                                                             ;
;   20.000 ;   0.000  ;    ;      ;        ;                           ; source latency                                                                         ;
;   20.000 ;   0.000  ;    ;      ; 1      ; PIN_V11                   ; FPGA_CLK1_50                                                                           ;
;   20.000 ;   0.000  ; RR ; IC   ; 1      ; IOIBUF_X32_Y0_N1          ; FPGA_CLK1_50~input|i                                                                   ;
;   20.785 ;   0.785  ; RR ; CELL ; 2      ; IOIBUF_X32_Y0_N1          ; FPGA_CLK1_50~input|o                                                                   ;
;   21.953 ;   1.168  ; RR ; IC   ; 1      ; PLLREFCLKSELECT_X0_Y7_N0  ; u_pll_sys|g_intel.g_one.u_pll|general[0].gpll~PLL_REFCLK_SELECT|clkin[0]               ;
;   22.265 ;   0.312  ; RR ; CELL ; 1      ; PLLREFCLKSELECT_X0_Y7_N0  ; u_pll_sys|g_intel.g_one.u_pll|general[0].gpll~PLL_REFCLK_SELECT|clkout                 ;
;   22.265 ;   0.000  ; RR ; IC   ; 10     ; FRACTIONALPLL_X0_Y1_N0    ; u_pll_sys|g_intel.g_one.u_pll|general[0].gpll~FRACTIONAL_PLL|refclkin                  ;
;   17.117 ;   -5.148 ; RR ; COMP ; 1      ; FRACTIONALPLL_X0_Y1_N0    ; u_pll_sys|g_intel.g_one.u_pll|general[0].gpll~FRACTIONAL_PLL|vcoph[0]                  ;
;   17.117 ;   0.000  ; RR ; IC   ; 1      ; PLLOUTPUTCOUNTER_X0_Y4_N1 ; u_pll_sys|g_intel.g_one.u_pll|general[0].gpll~PLL_OUTPUT_COUNTER|vco0ph[0]             ;
;   18.592 ;   1.475  ; RR ; CELL ; 1      ; PLLOUTPUTCOUNTER_X0_Y4_N1 ; u_pll_sys|g_intel.g_one.u_pll|general[0].gpll~PLL_OUTPUT_COUNTER|divclk                ;
;   19.544 ;   0.952  ; RR ; IC   ; 1      ; CLKCTRL_G3                ; u_pll_sys|g_intel.g_one.u_pll|outclk_wire[0]~CLKENA0|inclk                             ;
;   19.869 ;   0.325  ; RR ; CELL ; 13501  ; CLKCTRL_G3                ; u_pll_sys|g_intel.g_one.u_pll|outclk_wire[0]~CLKENA0|outclk                            ;
;   21.867 ;   1.998  ; RR ; IC   ; 1      ; FF_X36_Y10_N22            ; u_sys|u_synth|u_l2|form|w_hi[11]|clk                                                   ;
;   22.322 ;   0.455  ; RR ; CELL ; 1      ; FF_X36_Y10_N22            ; wpms_system:u_sys|wpms_synth_top:u_synth|wpms_l2_top:u_l2|wpms_formation:form|w_hi[11] ;
;   24.337 ;   2.015  ;    ;      ;        ;                           ; clock pessimism removed                                                                ;
; 24.257   ; -0.080   ;    ;      ;        ;                           ; clock uncertainty                                                                      ;
; 24.257   ; 0.000    ;    ; uTsu ; 1      ; FF_X36_Y10_N22            ; wpms_system:u_sys|wpms_synth_top:u_synth|wpms_l2_top:u_l2|wpms_formation:form|w_hi[11] ;
+----------+----------+----+------+--------+---------------------------+----------------------------------------------------------------------------------------+

----------------------------
; Extra Fitter Information ;
----------------------------
HTML report is unavailable in plain text report export.


Path #6: Setup slack is 1.421 
===============================================================================
+--------------------------------------------------------------------------------------------------------------+
; Path Summary                                                                                                 ;
+--------------------+-----------------------------------------------------------------------------------------+
; Property           ; Value                                                                                   ;
+--------------------+-----------------------------------------------------------------------------------------+
; From Node          ; wpms_system:u_sys|wpms_synth_top:u_synth|wpms_l2_top:u_l2|wpms_formation:form|x_mode[3] ;
; To Node            ; wpms_system:u_sys|wpms_synth_top:u_synth|wpms_l2_top:u_l2|wpms_formation:form|w_hi[15]  ;
; Launch Clock       ; u_pll_sys|g_intel.g_one.u_pll|general[0].gpll~PLL_OUTPUT_COUNTER|divclk                 ;
; Latch Clock        ; u_pll_sys|g_intel.g_one.u_pll|general[0].gpll~PLL_OUTPUT_COUNTER|divclk                 ;
; Data Arrival Time  ; 22.837                                                                                  ;
; Data Required Time ; 24.258                                                                                  ;
; Slack              ; 1.421                                                                                   ;
+--------------------+-----------------------------------------------------------------------------------------+

+--------------------------------------------------------------------------------------+
; Statistics                                                                           ;
+------------------------+--------+-------+-------------+------------+--------+--------+
; Property               ; Value  ; Count ; Total Delay ; % of Total ; Min    ; Max    ;
+------------------------+--------+-------+-------------+------------+--------+--------+
; Setup Relationship     ; 20.000 ;       ;             ;            ;        ;        ;
; Clock Skew             ; -0.121 ;       ;             ;            ;        ;        ;
; Data Delay             ; 18.378 ;       ;             ;            ;        ;        ;
; Number of Logic Levels ;        ; 9     ;             ;            ;        ;        ;
; Physical Delays        ;        ;       ;             ;            ;        ;        ;
;  Arrival Path          ;        ;       ;             ;            ;        ;        ;
;   Clock                ;        ;       ;             ;            ;        ;        ;
;    IC                  ;        ; 6     ; 4.758       ; 56         ; 0.000  ; 2.431  ;
;    Cell                ;        ; 5     ; 3.701       ; 44         ; 0.333  ; 1.702  ;
;    PLL Compensation    ;        ; 1     ; -4.000      ; 0          ; -4.000 ; -4.000 ;
;   Data                 ;        ;       ;             ;            ;        ;        ;
;    IC                  ;        ; 57    ; 6.138       ; 33         ; 0.000  ; 1.127  ;
;    Cell                ;        ; 58    ; 12.240      ; 67         ; 0.000  ; 4.401  ;
;    uTco                ;        ; 1     ; 0.000       ; 0          ; 0.000  ; 0.000  ;
;  Required Path         ;        ;       ;             ;            ;        ;        ;
;   Clock                ;        ;       ;             ;            ;        ;        ;
;    IC                  ;        ; 6     ; 4.111       ; 55         ; 0.000  ; 1.991  ;
;    Cell                ;        ; 5     ; 3.360       ; 45         ; 0.312  ; 1.475  ;
;    PLL Compensation    ;        ; 1     ; -5.148      ; 0          ; -5.148 ; -5.148 ;
+------------------------+--------+-------+-------------+------------+--------+--------+
Note: Negative delays are omitted from totals when calculating percentages

+----------------------------------------------------------------------------------------------------------------------------------------------------------------+
; Data Arrival Path                                                                                                                                              ;
+----------+----------+----+------+--------+---------------------------+-----------------------------------------------------------------------------------------+
; Total    ; Incr     ; RF ; Type ; Fanout ; Location                  ; Element                                                                                 ;
+----------+----------+----+------+--------+---------------------------+-----------------------------------------------------------------------------------------+
; 0.000    ; 0.000    ;    ;      ;        ;                           ; launch edge time                                                                        ;
; 4.459    ; 4.459    ;    ;      ;        ;                           ; clock path                                                                              ;
;   0.000  ;   0.000  ;    ;      ;        ;                           ; source latency                                                                          ;
;   0.000  ;   0.000  ;    ;      ; 1      ; PIN_V11                   ; FPGA_CLK1_50                                                                            ;
;   0.000  ;   0.000  ; RR ; IC   ; 1      ; IOIBUF_X32_Y0_N1          ; FPGA_CLK1_50~input|i                                                                    ;
;   0.785  ;   0.785  ; RR ; CELL ; 2      ; IOIBUF_X32_Y0_N1          ; FPGA_CLK1_50~input|o                                                                    ;
;   2.101  ;   1.316  ; RR ; IC   ; 1      ; PLLREFCLKSELECT_X0_Y7_N0  ; u_pll_sys|g_intel.g_one.u_pll|general[0].gpll~PLL_REFCLK_SELECT|clkin[0]                ;
;   2.434  ;   0.333  ; RR ; CELL ; 1      ; PLLREFCLKSELECT_X0_Y7_N0  ; u_pll_sys|g_intel.g_one.u_pll|general[0].gpll~PLL_REFCLK_SELECT|clkout                  ;
;   2.434  ;   0.000  ; RR ; IC   ; 10     ; FRACTIONALPLL_X0_Y1_N0    ; u_pll_sys|g_intel.g_one.u_pll|general[0].gpll~FRACTIONAL_PLL|refclkin                   ;
;   -1.566 ;   -4.000 ; RR ; COMP ; 1      ; FRACTIONALPLL_X0_Y1_N0    ; u_pll_sys|g_intel.g_one.u_pll|general[0].gpll~FRACTIONAL_PLL|vcoph[0]                   ;
;   -1.566 ;   0.000  ; RR ; IC   ; 1      ; PLLOUTPUTCOUNTER_X0_Y4_N1 ; u_pll_sys|g_intel.g_one.u_pll|general[0].gpll~PLL_OUTPUT_COUNTER|vco0ph[0]              ;
;   0.136  ;   1.702  ; RR ; CELL ; 1      ; PLLOUTPUTCOUNTER_X0_Y4_N1 ; u_pll_sys|g_intel.g_one.u_pll|general[0].gpll~PLL_OUTPUT_COUNTER|divclk                 ;
;   1.147  ;   1.011  ; RR ; IC   ; 1      ; CLKCTRL_G3                ; u_pll_sys|g_intel.g_one.u_pll|outclk_wire[0]~CLKENA0|inclk                              ;
;   1.495  ;   0.348  ; RR ; CELL ; 13501  ; CLKCTRL_G3                ; u_pll_sys|g_intel.g_one.u_pll|outclk_wire[0]~CLKENA0|outclk                             ;
;   3.926  ;   2.431  ; RR ; IC   ; 1      ; FF_X31_Y13_N41            ; u_sys|u_synth|u_l2|form|x_mode[3]|clk                                                   ;
;   4.459  ;   0.533  ; RR ; CELL ; 1      ; FF_X31_Y13_N41            ; wpms_system:u_sys|wpms_synth_top:u_synth|wpms_l2_top:u_l2|wpms_formation:form|x_mode[3] ;
; 22.837   ; 18.378   ;    ;      ;        ;                           ; data path                                                                               ;
;   4.459  ;   0.000  ;    ; uTco ; 1      ; FF_X31_Y13_N41            ; wpms_system:u_sys|wpms_synth_top:u_synth|wpms_l2_top:u_l2|wpms_formation:form|x_mode[3] ;
;   4.459  ;   0.000  ; RR ; CELL ; 6      ; FF_X31_Y13_N41            ; u_sys|u_synth|u_l2|form|x_mode[3]|q                                                     ;
;   4.792  ;   0.333  ; RR ; IC   ; 1      ; LABCELL_X31_Y13_N27       ; u_sys|u_synth|u_l2|form|Decoder0~0|datac                                                ;
;   5.322  ;   0.530  ; RF ; CELL ; 4      ; LABCELL_X31_Y13_N27       ; u_sys|u_synth|u_l2|form|Decoder0~0|combout                                              ;
;   5.648  ;   0.326  ; FF ; IC   ; 1      ; LABCELL_X31_Y13_N9        ; u_sys|u_synth|u_l2|form|WideOr3~1|dataf                                                 ;
;   5.739  ;   0.091  ; FF ; CELL ; 91     ; LABCELL_X31_Y13_N9        ; u_sys|u_synth|u_l2|form|WideOr3~1|combout                                               ;
;   5.946  ;   0.207  ; FF ; IC   ; 1      ; LABCELL_X31_Y13_N45       ; u_sys|u_synth|u_l2|form|Equal54~1|datac                                                 ;
;   6.496  ;   0.550  ; FF ; CELL ; 46     ; LABCELL_X31_Y13_N45       ; u_sys|u_synth|u_l2|form|Equal54~1|combout                                               ;
;   7.382  ;   0.886  ; FF ; IC   ; 1      ; LABCELL_X31_Y16_N48       ; u_sys|u_synth|u_l2|form|m_b[3]~3|datac                                                  ;
;   7.925  ;   0.543  ; FF ; CELL ; 2      ; LABCELL_X31_Y16_N48       ; u_sys|u_synth|u_l2|form|m_b[3]~3|combout                                                ;
;   8.523  ;   0.598  ; FF ; IC   ; 33     ; DSP_X32_Y12_N0            ; u_sys|u_synth|u_l2|form|Mult0~515|ay[3]                                                 ;
;   12.924 ;   4.401  ; FF ; CELL ; 1      ; DSP_X32_Y12_N0            ; u_sys|u_synth|u_l2|form|Mult0~515|resulta[11]                                           ;
;   14.051 ;   1.127  ; FF ; IC   ; 2      ; LABCELL_X33_Y12_N3        ; u_sys|u_synth|u_l2|form|Mult0~137|datac                                                 ;
;   14.958 ;   0.907  ; FF ; CELL ; 1      ; LABCELL_X33_Y12_N3        ; u_sys|u_synth|u_l2|form|Mult0~137|cout                                                  ;
;   14.958 ;   0.000  ; FF ; IC   ; 2      ; LABCELL_X33_Y12_N6        ; u_sys|u_synth|u_l2|form|Mult0~145|cin                                                   ;
;   15.010 ;   0.052  ; FF ; CELL ; 1      ; LABCELL_X33_Y12_N6        ; u_sys|u_synth|u_l2|form|Mult0~145|cout                                                  ;
;   15.010 ;   0.000  ; FF ; IC   ; 2      ; LABCELL_X33_Y12_N9        ; u_sys|u_synth|u_l2|form|Mult0~1|cin                                                     ;
;   15.010 ;   0.000  ; FF ; CELL ; 1      ; LABCELL_X33_Y12_N9        ; u_sys|u_synth|u_l2|form|Mult0~1|cout                                                    ;
;   15.010 ;   0.000  ; FF ; IC   ; 2      ; LABCELL_X33_Y12_N12       ; u_sys|u_synth|u_l2|form|Mult0~9|cin                                                     ;
;   15.062 ;   0.052  ; FF ; CELL ; 1      ; LABCELL_X33_Y12_N12       ; u_sys|u_synth|u_l2|form|Mult0~9|cout                                                    ;
;   15.062 ;   0.000  ; FF ; IC   ; 2      ; LABCELL_X33_Y12_N15       ; u_sys|u_synth|u_l2|form|Mult0~5|cin                                                     ;
;   15.062 ;   0.000  ; FF ; CELL ; 1      ; LABCELL_X33_Y12_N15       ; u_sys|u_synth|u_l2|form|Mult0~5|cout                                                    ;
;   15.062 ;   0.000  ; FF ; IC   ; 2      ; LABCELL_X33_Y12_N18       ; u_sys|u_synth|u_l2|form|Mult0~13|cin                                                    ;
;   15.114 ;   0.052  ; FF ; CELL ; 1      ; LABCELL_X33_Y12_N18       ; u_sys|u_synth|u_l2|form|Mult0~13|cout                                                   ;
;   15.114 ;   0.000  ; FF ; IC   ; 2      ; LABCELL_X33_Y12_N21       ; u_sys|u_synth|u_l2|form|Mult0~33|cin                                                    ;
;   15.114 ;   0.000  ; FF ; CELL ; 1      ; LABCELL_X33_Y12_N21       ; u_sys|u_synth|u_l2|form|Mult0~33|cout                                                   ;
;   15.114 ;   0.000  ; FF ; IC   ; 2      ; LABCELL_X33_Y12_N24       ; u_sys|u_synth|u_l2|form|Mult0~41|cin                                                    ;
;   15.180 ;   0.066  ; FF ; CELL ; 1      ; LABCELL_X33_Y12_N24       ; u_sys|u_synth|u_l2|form|Mult0~41|cout                                                   ;
;   15.180 ;   0.000  ; FF ; IC   ; 2      ; LABCELL_X33_Y12_N27       ; u_sys|u_synth|u_l2|form|Mult0~37|cin                                                    ;
;   15.180 ;   0.000  ; FF ; CELL ; 1      ; LABCELL_X33_Y12_N27       ; u_sys|u_synth|u_l2|form|Mult0~37|cout                                                   ;
;   15.180 ;   0.000  ; FF ; IC   ; 2      ; LABCELL_X33_Y12_N30       ; u_sys|u_synth|u_l2|form|Mult0~45|cin                                                    ;
;   15.658 ;   0.478  ; FF ; CELL ; 4      ; LABCELL_X33_Y12_N30       ; u_sys|u_synth|u_l2|form|Mult0~45|sumout                                                 ;
;   16.470 ;   0.812  ; FF ; IC   ; 1      ; MLABCELL_X34_Y11_N18      ; u_sys|u_synth|u_l2|form|ShiftRight1~84|datad                                            ;
;   17.125 ;   0.655  ; FF ; CELL ; 4      ; MLABCELL_X34_Y11_N18      ; u_sys|u_synth|u_l2|form|ShiftRight1~84|combout                                          ;
;   17.358 ;   0.233  ; FF ; IC   ; 1      ; MLABCELL_X34_Y11_N42      ; u_sys|u_synth|u_l2|form|ShiftRight1~146|datac                                           ;
;   17.909 ;   0.551  ; FF ; CELL ; 4      ; MLABCELL_X34_Y11_N42      ; u_sys|u_synth|u_l2|form|ShiftRight1~146|combout                                         ;
;   18.793 ;   0.884  ; FF ; IC   ; 2      ; LABCELL_X35_Y14_N54       ; u_sys|u_synth|u_l2|form|Add0~181|datac                                                  ;
;   19.736 ;   0.943  ; FF ; CELL ; 1      ; LABCELL_X35_Y14_N54       ; u_sys|u_synth|u_l2|form|Add0~181|cout                                                   ;
;   19.736 ;   0.000  ; FF ; IC   ; 2      ; LABCELL_X35_Y14_N57       ; u_sys|u_synth|u_l2|form|Add0~173|cin                                                    ;
;   19.736 ;   0.000  ; FF ; CELL ; 1      ; LABCELL_X35_Y14_N57       ; u_sys|u_synth|u_l2|form|Add0~173|cout                                                   ;
;   19.736 ;   0.000  ; FF ; IC   ; 2      ; LABCELL_X35_Y13_N30       ; u_sys|u_synth|u_l2|form|Add0~177|cin                                                    ;
;   19.892 ;   0.156  ; FF ; CELL ; 1      ; LABCELL_X35_Y13_N30       ; u_sys|u_synth|u_l2|form|Add0~177|cout                                                   ;
;   19.892 ;   0.000  ; FF ; IC   ; 2      ; LABCELL_X35_Y13_N33       ; u_sys|u_synth|u_l2|form|Add0~169|cin                                                    ;
;   19.892 ;   0.000  ; FF ; CELL ; 1      ; LABCELL_X35_Y13_N33       ; u_sys|u_synth|u_l2|form|Add0~169|cout                                                   ;
;   19.892 ;   0.000  ; FF ; IC   ; 2      ; LABCELL_X35_Y13_N36       ; u_sys|u_synth|u_l2|form|Add0~149|cin                                                    ;
;   19.944 ;   0.052  ; FF ; CELL ; 1      ; LABCELL_X35_Y13_N36       ; u_sys|u_synth|u_l2|form|Add0~149|cout                                                   ;
;   19.944 ;   0.000  ; FF ; IC   ; 2      ; LABCELL_X35_Y13_N39       ; u_sys|u_synth|u_l2|form|Add0~141|cin                                                    ;
;   19.944 ;   0.000  ; FF ; CELL ; 1      ; LABCELL_X35_Y13_N39       ; u_sys|u_synth|u_l2|form|Add0~141|cout                                                   ;
;   19.944 ;   0.000  ; FF ; IC   ; 2      ; LABCELL_X35_Y13_N42       ; u_sys|u_synth|u_l2|form|Add0~145|cin                                                    ;
;   19.996 ;   0.052  ; FF ; CELL ; 1      ; LABCELL_X35_Y13_N42       ; u_sys|u_synth|u_l2|form|Add0~145|cout                                                   ;
;   19.996 ;   0.000  ; FF ; IC   ; 2      ; LABCELL_X35_Y13_N45       ; u_sys|u_synth|u_l2|form|Add0~137|cin                                                    ;
;   19.996 ;   0.000  ; FF ; CELL ; 1      ; LABCELL_X35_Y13_N45       ; u_sys|u_synth|u_l2|form|Add0~137|cout                                                   ;
;   19.996 ;   0.000  ; FF ; IC   ; 2      ; LABCELL_X35_Y13_N48       ; u_sys|u_synth|u_l2|form|Add0~257|cin                                                    ;
;   20.048 ;   0.052  ; FF ; CELL ; 1      ; LABCELL_X35_Y13_N48       ; u_sys|u_synth|u_l2|form|Add0~257|cout                                                   ;
;   20.048 ;   0.000  ; FF ; IC   ; 2      ; LABCELL_X35_Y13_N51       ; u_sys|u_synth|u_l2|form|Add0~249|cin                                                    ;
;   20.048 ;   0.000  ; FF ; CELL ; 1      ; LABCELL_X35_Y13_N51       ; u_sys|u_synth|u_l2|form|Add0~249|cout                                                   ;
;   20.048 ;   0.000  ; FF ; IC   ; 2      ; LABCELL_X35_Y13_N54       ; u_sys|u_synth|u_l2|form|Add0~253|cin                                                    ;
;   20.097 ;   0.049  ; FF ; CELL ; 1      ; LABCELL_X35_Y13_N54       ; u_sys|u_synth|u_l2|form|Add0~253|cout                                                   ;
;   20.097 ;   0.000  ; FF ; IC   ; 2      ; LABCELL_X35_Y13_N57       ; u_sys|u_synth|u_l2|form|Add0~245|cin                                                    ;
;   20.097 ;   0.000  ; FF ; CELL ; 1      ; LABCELL_X35_Y13_N57       ; u_sys|u_synth|u_l2|form|Add0~245|cout                                                   ;
;   20.097 ;   0.000  ; FF ; IC   ; 2      ; LABCELL_X35_Y12_N30       ; u_sys|u_synth|u_l2|form|Add0~225|cin                                                    ;
;   20.253 ;   0.156  ; FF ; CELL ; 1      ; LABCELL_X35_Y12_N30       ; u_sys|u_synth|u_l2|form|Add0~225|cout                                                   ;
;   20.253 ;   0.000  ; FF ; IC   ; 2      ; LABCELL_X35_Y12_N33       ; u_sys|u_synth|u_l2|form|Add0~217|cin                                                    ;
;   20.253 ;   0.000  ; FF ; CELL ; 1      ; LABCELL_X35_Y12_N33       ; u_sys|u_synth|u_l2|form|Add0~217|cout                                                   ;
;   20.253 ;   0.000  ; FF ; IC   ; 2      ; LABCELL_X35_Y12_N36       ; u_sys|u_synth|u_l2|form|Add0~221|cin                                                    ;
;   20.305 ;   0.052  ; FF ; CELL ; 1      ; LABCELL_X35_Y12_N36       ; u_sys|u_synth|u_l2|form|Add0~221|cout                                                   ;
;   20.305 ;   0.000  ; FF ; IC   ; 2      ; LABCELL_X35_Y12_N39       ; u_sys|u_synth|u_l2|form|Add0~213|cin                                                    ;
;   20.305 ;   0.000  ; FF ; CELL ; 1      ; LABCELL_X35_Y12_N39       ; u_sys|u_synth|u_l2|form|Add0~213|cout                                                   ;
;   20.305 ;   0.000  ; FF ; IC   ; 2      ; LABCELL_X35_Y12_N42       ; u_sys|u_synth|u_l2|form|Add0~241|cin                                                    ;
;   20.357 ;   0.052  ; FF ; CELL ; 1      ; LABCELL_X35_Y12_N42       ; u_sys|u_synth|u_l2|form|Add0~241|cout                                                   ;
;   20.357 ;   0.000  ; FF ; IC   ; 2      ; LABCELL_X35_Y12_N45       ; u_sys|u_synth|u_l2|form|Add0~233|cin                                                    ;
;   20.357 ;   0.000  ; FF ; CELL ; 1      ; LABCELL_X35_Y12_N45       ; u_sys|u_synth|u_l2|form|Add0~233|cout                                                   ;
;   20.357 ;   0.000  ; FF ; IC   ; 2      ; LABCELL_X35_Y12_N48       ; u_sys|u_synth|u_l2|form|Add0~237|cin                                                    ;
;   20.409 ;   0.052  ; FF ; CELL ; 1      ; LABCELL_X35_Y12_N48       ; u_sys|u_synth|u_l2|form|Add0~237|cout                                                   ;
;   20.409 ;   0.000  ; FF ; IC   ; 2      ; LABCELL_X35_Y12_N51       ; u_sys|u_synth|u_l2|form|Add0~229|cin                                                    ;
;   20.409 ;   0.000  ; FF ; CELL ; 1      ; LABCELL_X35_Y12_N51       ; u_sys|u_synth|u_l2|form|Add0~229|cout                                                   ;
;   20.409 ;   0.000  ; FF ; IC   ; 2      ; LABCELL_X35_Y12_N54       ; u_sys|u_synth|u_l2|form|Add0~209|cin                                                    ;
;   20.458 ;   0.049  ; FF ; CELL ; 1      ; LABCELL_X35_Y12_N54       ; u_sys|u_synth|u_l2|form|Add0~209|cout                                                   ;
;   20.458 ;   0.000  ; FF ; IC   ; 2      ; LABCELL_X35_Y12_N57       ; u_sys|u_synth|u_l2|form|Add0~201|cin                                                    ;
;   20.458 ;   0.000  ; FF ; CELL ; 1      ; LABCELL_X35_Y12_N57       ; u_sys|u_synth|u_l2|form|Add0~201|cout                                                   ;
;   20.458 ;   0.000  ; FF ; IC   ; 2      ; LABCELL_X35_Y11_N0        ; u_sys|u_synth|u_l2|form|Add0~205|cin                                                    ;
;   20.579 ;   0.121  ; FF ; CELL ; 1      ; LABCELL_X35_Y11_N0        ; u_sys|u_synth|u_l2|form|Add0~205|cout                                                   ;
;   20.579 ;   0.000  ; FF ; IC   ; 2      ; LABCELL_X35_Y11_N3        ; u_sys|u_synth|u_l2|form|Add0~1|cin                                                      ;
;   20.579 ;   0.000  ; FF ; CELL ; 1      ; LABCELL_X35_Y11_N3        ; u_sys|u_synth|u_l2|form|Add0~1|cout                                                     ;
;   20.579 ;   0.000  ; FF ; IC   ; 2      ; LABCELL_X35_Y11_N6        ; u_sys|u_synth|u_l2|form|Add0~105|cin                                                    ;
;   20.631 ;   0.052  ; FF ; CELL ; 1      ; LABCELL_X35_Y11_N6        ; u_sys|u_synth|u_l2|form|Add0~105|cout                                                   ;
;   20.631 ;   0.000  ; FF ; IC   ; 2      ; LABCELL_X35_Y11_N9        ; u_sys|u_synth|u_l2|form|Add0~109|cin                                                    ;
;   20.631 ;   0.000  ; FF ; CELL ; 1      ; LABCELL_X35_Y11_N9        ; u_sys|u_synth|u_l2|form|Add0~109|cout                                                   ;
;   20.631 ;   0.000  ; FF ; IC   ; 2      ; LABCELL_X35_Y11_N12       ; u_sys|u_synth|u_l2|form|Add0~113|cin                                                    ;
;   20.683 ;   0.052  ; FF ; CELL ; 1      ; LABCELL_X35_Y11_N12       ; u_sys|u_synth|u_l2|form|Add0~113|cout                                                   ;
;   20.683 ;   0.000  ; FF ; IC   ; 2      ; LABCELL_X35_Y11_N15       ; u_sys|u_synth|u_l2|form|Add0~117|cin                                                    ;
;   20.683 ;   0.000  ; FF ; CELL ; 1      ; LABCELL_X35_Y11_N15       ; u_sys|u_synth|u_l2|form|Add0~117|cout                                                   ;
;   20.683 ;   0.000  ; FF ; IC   ; 2      ; LABCELL_X35_Y11_N18       ; u_sys|u_synth|u_l2|form|Add0~121|cin                                                    ;
;   20.735 ;   0.052  ; FF ; CELL ; 1      ; LABCELL_X35_Y11_N18       ; u_sys|u_synth|u_l2|form|Add0~121|cout                                                   ;
;   20.735 ;   0.000  ; FF ; IC   ; 2      ; LABCELL_X35_Y11_N21       ; u_sys|u_synth|u_l2|form|Add0~85|cin                                                     ;
;   20.735 ;   0.000  ; FF ; CELL ; 1      ; LABCELL_X35_Y11_N21       ; u_sys|u_synth|u_l2|form|Add0~85|cout                                                    ;
;   20.735 ;   0.000  ; FF ; IC   ; 2      ; LABCELL_X35_Y11_N24       ; u_sys|u_synth|u_l2|form|Add0~89|cin                                                     ;
;   20.801 ;   0.066  ; FF ; CELL ; 1      ; LABCELL_X35_Y11_N24       ; u_sys|u_synth|u_l2|form|Add0~89|cout                                                    ;
;   20.801 ;   0.000  ; FF ; IC   ; 2      ; LABCELL_X35_Y11_N27       ; u_sys|u_synth|u_l2|form|Add0~93|cin                                                     ;
;   20.801 ;   0.000  ; FF ; CELL ; 1      ; LABCELL_X35_Y11_N27       ; u_sys|u_synth|u_l2|form|Add0~93|cout                                                    ;
;   20.801 ;   0.000  ; FF ; IC   ; 2      ; LABCELL_X35_Y11_N30       ; u_sys|u_synth|u_l2|form|Add0~97|cin                                                     ;
;   20.931 ;   0.130  ; FF ; CELL ; 1      ; LABCELL_X35_Y11_N30       ; u_sys|u_synth|u_l2|form|Add0~97|cout                                                    ;
;   20.931 ;   0.000  ; FF ; IC   ; 2      ; LABCELL_X35_Y11_N33       ; u_sys|u_synth|u_l2|form|Add0~101|cin                                                    ;
;   20.931 ;   0.000  ; FF ; CELL ; 1      ; LABCELL_X35_Y11_N33       ; u_sys|u_synth|u_l2|form|Add0~101|cout                                                   ;
;   20.931 ;   0.000  ; FF ; IC   ; 2      ; LABCELL_X35_Y11_N36       ; u_sys|u_synth|u_l2|form|Add0~65|cin                                                     ;
;   20.983 ;   0.052  ; FF ; CELL ; 1      ; LABCELL_X35_Y11_N36       ; u_sys|u_synth|u_l2|form|Add0~65|cout                                                    ;
;   20.983 ;   0.000  ; FF ; IC   ; 2      ; LABCELL_X35_Y11_N39       ; u_sys|u_synth|u_l2|form|Add0~69|cin                                                     ;
;   20.983 ;   0.000  ; FF ; CELL ; 1      ; LABCELL_X35_Y11_N39       ; u_sys|u_synth|u_l2|form|Add0~69|cout                                                    ;
;   20.983 ;   0.000  ; FF ; IC   ; 2      ; LABCELL_X35_Y11_N42       ; u_sys|u_synth|u_l2|form|Add0~73|cin                                                     ;
;   21.035 ;   0.052  ; FF ; CELL ; 1      ; LABCELL_X35_Y11_N42       ; u_sys|u_synth|u_l2|form|Add0~73|cout                                                    ;
;   21.035 ;   0.000  ; FF ; IC   ; 2      ; LABCELL_X35_Y11_N45       ; u_sys|u_synth|u_l2|form|Add0~77|cin                                                     ;
;   21.035 ;   0.000  ; FF ; CELL ; 1      ; LABCELL_X35_Y11_N45       ; u_sys|u_synth|u_l2|form|Add0~77|cout                                                    ;
;   21.035 ;   0.000  ; FF ; IC   ; 2      ; LABCELL_X35_Y11_N48       ; u_sys|u_synth|u_l2|form|Add0~81|cin                                                     ;
;   21.451 ;   0.416  ; FF ; CELL ; 1      ; LABCELL_X35_Y11_N48       ; u_sys|u_synth|u_l2|form|Add0~81|sumout                                                  ;
;   22.183 ;   0.732  ; FF ; IC   ; 1      ; FF_X34_Y9_N59             ; u_sys|u_synth|u_l2|form|w_hi[15]|asdata                                                 ;
;   22.837 ;   0.654  ; FF ; CELL ; 1      ; FF_X34_Y9_N59             ; wpms_system:u_sys|wpms_synth_top:u_synth|wpms_l2_top:u_l2|wpms_formation:form|w_hi[15]  ;
+----------+----------+----+------+--------+---------------------------+-----------------------------------------------------------------------------------------+

+---------------------------------------------------------------------------------------------------------------------------------------------------------------+
; Data Required Path                                                                                                                                            ;
+----------+----------+----+------+--------+---------------------------+----------------------------------------------------------------------------------------+
; Total    ; Incr     ; RF ; Type ; Fanout ; Location                  ; Element                                                                                ;
+----------+----------+----+------+--------+---------------------------+----------------------------------------------------------------------------------------+
; 20.000   ; 20.000   ;    ;      ;        ;                           ; latch edge time                                                                        ;
; 24.338   ; 4.338    ;    ;      ;        ;                           ; clock path                                                                             ;
;   20.000 ;   0.000  ;    ;      ;        ;                           ; source latency                                                                         ;
;   20.000 ;   0.000  ;    ;      ; 1      ; PIN_V11                   ; FPGA_CLK1_50                                                                           ;
;   20.000 ;   0.000  ; RR ; IC   ; 1      ; IOIBUF_X32_Y0_N1          ; FPGA_CLK1_50~input|i                                                                   ;
;   20.785 ;   0.785  ; RR ; CELL ; 2      ; IOIBUF_X32_Y0_N1          ; FPGA_CLK1_50~input|o                                                                   ;
;   21.953 ;   1.168  ; RR ; IC   ; 1      ; PLLREFCLKSELECT_X0_Y7_N0  ; u_pll_sys|g_intel.g_one.u_pll|general[0].gpll~PLL_REFCLK_SELECT|clkin[0]               ;
;   22.265 ;   0.312  ; RR ; CELL ; 1      ; PLLREFCLKSELECT_X0_Y7_N0  ; u_pll_sys|g_intel.g_one.u_pll|general[0].gpll~PLL_REFCLK_SELECT|clkout                 ;
;   22.265 ;   0.000  ; RR ; IC   ; 10     ; FRACTIONALPLL_X0_Y1_N0    ; u_pll_sys|g_intel.g_one.u_pll|general[0].gpll~FRACTIONAL_PLL|refclkin                  ;
;   17.117 ;   -5.148 ; RR ; COMP ; 1      ; FRACTIONALPLL_X0_Y1_N0    ; u_pll_sys|g_intel.g_one.u_pll|general[0].gpll~FRACTIONAL_PLL|vcoph[0]                  ;
;   17.117 ;   0.000  ; RR ; IC   ; 1      ; PLLOUTPUTCOUNTER_X0_Y4_N1 ; u_pll_sys|g_intel.g_one.u_pll|general[0].gpll~PLL_OUTPUT_COUNTER|vco0ph[0]             ;
;   18.592 ;   1.475  ; RR ; CELL ; 1      ; PLLOUTPUTCOUNTER_X0_Y4_N1 ; u_pll_sys|g_intel.g_one.u_pll|general[0].gpll~PLL_OUTPUT_COUNTER|divclk                ;
;   19.544 ;   0.952  ; RR ; IC   ; 1      ; CLKCTRL_G3                ; u_pll_sys|g_intel.g_one.u_pll|outclk_wire[0]~CLKENA0|inclk                             ;
;   19.869 ;   0.325  ; RR ; CELL ; 13501  ; CLKCTRL_G3                ; u_pll_sys|g_intel.g_one.u_pll|outclk_wire[0]~CLKENA0|outclk                            ;
;   21.860 ;   1.991  ; RR ; IC   ; 1      ; FF_X34_Y9_N59             ; u_sys|u_synth|u_l2|form|w_hi[15]|clk                                                   ;
;   22.323 ;   0.463  ; RR ; CELL ; 1      ; FF_X34_Y9_N59             ; wpms_system:u_sys|wpms_synth_top:u_synth|wpms_l2_top:u_l2|wpms_formation:form|w_hi[15] ;
;   24.338 ;   2.015  ;    ;      ;        ;                           ; clock pessimism removed                                                                ;
; 24.258   ; -0.080   ;    ;      ;        ;                           ; clock uncertainty                                                                      ;
; 24.258   ; 0.000    ;    ; uTsu ; 1      ; FF_X34_Y9_N59             ; wpms_system:u_sys|wpms_synth_top:u_synth|wpms_l2_top:u_l2|wpms_formation:form|w_hi[15] ;
+----------+----------+----+------+--------+---------------------------+----------------------------------------------------------------------------------------+

----------------------------
; Extra Fitter Information ;
----------------------------
HTML report is unavailable in plain text report export.


Path #7: Setup slack is 1.425 
===============================================================================
+--------------------------------------------------------------------------------------------------------------+
; Path Summary                                                                                                 ;
+--------------------+-----------------------------------------------------------------------------------------+
; Property           ; Value                                                                                   ;
+--------------------+-----------------------------------------------------------------------------------------+
; From Node          ; wpms_system:u_sys|wpms_synth_top:u_synth|wpms_l2_top:u_l2|wpms_formation:form|x_mode[3] ;
; To Node            ; wpms_system:u_sys|wpms_synth_top:u_synth|wpms_l2_top:u_l2|wpms_formation:form|w_hi[22]  ;
; Launch Clock       ; u_pll_sys|g_intel.g_one.u_pll|general[0].gpll~PLL_OUTPUT_COUNTER|divclk                 ;
; Latch Clock        ; u_pll_sys|g_intel.g_one.u_pll|general[0].gpll~PLL_OUTPUT_COUNTER|divclk                 ;
; Data Arrival Time  ; 22.835                                                                                  ;
; Data Required Time ; 24.260                                                                                  ;
; Slack              ; 1.425                                                                                   ;
+--------------------+-----------------------------------------------------------------------------------------+

+--------------------------------------------------------------------------------------+
; Statistics                                                                           ;
+------------------------+--------+-------+-------------+------------+--------+--------+
; Property               ; Value  ; Count ; Total Delay ; % of Total ; Min    ; Max    ;
+------------------------+--------+-------+-------------+------------+--------+--------+
; Setup Relationship     ; 20.000 ;       ;             ;            ;        ;        ;
; Clock Skew             ; -0.119 ;       ;             ;            ;        ;        ;
; Data Delay             ; 18.376 ;       ;             ;            ;        ;        ;
; Number of Logic Levels ;        ; 9     ;             ;            ;        ;        ;
; Physical Delays        ;        ;       ;             ;            ;        ;        ;
;  Arrival Path          ;        ;       ;             ;            ;        ;        ;
;   Clock                ;        ;       ;             ;            ;        ;        ;
;    IC                  ;        ; 6     ; 4.758       ; 56         ; 0.000  ; 2.431  ;
;    Cell                ;        ; 5     ; 3.701       ; 44         ; 0.333  ; 1.702  ;
;    PLL Compensation    ;        ; 1     ; -4.000      ; 0          ; -4.000 ; -4.000 ;
;   Data                 ;        ;       ;             ;            ;        ;        ;
;    IC                  ;        ; 64    ; 6.108       ; 33         ; 0.000  ; 1.127  ;
;    Cell                ;        ; 65    ; 12.268      ; 67         ; 0.000  ; 4.401  ;
;    uTco                ;        ; 1     ; 0.000       ; 0          ; 0.000  ; 0.000  ;
;  Required Path         ;        ;       ;             ;            ;        ;        ;
;   Clock                ;        ;       ;             ;            ;        ;        ;
;    IC                  ;        ; 6     ; 4.121       ; 55         ; 0.000  ; 2.001  ;
;    Cell                ;        ; 5     ; 3.352       ; 45         ; 0.312  ; 1.475  ;
;    PLL Compensation    ;        ; 1     ; -5.148      ; 0          ; -5.148 ; -5.148 ;
+------------------------+--------+-------+-------------+------------+--------+--------+
Note: Negative delays are omitted from totals when calculating percentages

+----------------------------------------------------------------------------------------------------------------------------------------------------------------+
; Data Arrival Path                                                                                                                                              ;
+----------+----------+----+------+--------+---------------------------+-----------------------------------------------------------------------------------------+
; Total    ; Incr     ; RF ; Type ; Fanout ; Location                  ; Element                                                                                 ;
+----------+----------+----+------+--------+---------------------------+-----------------------------------------------------------------------------------------+
; 0.000    ; 0.000    ;    ;      ;        ;                           ; launch edge time                                                                        ;
; 4.459    ; 4.459    ;    ;      ;        ;                           ; clock path                                                                              ;
;   0.000  ;   0.000  ;    ;      ;        ;                           ; source latency                                                                          ;
;   0.000  ;   0.000  ;    ;      ; 1      ; PIN_V11                   ; FPGA_CLK1_50                                                                            ;
;   0.000  ;   0.000  ; RR ; IC   ; 1      ; IOIBUF_X32_Y0_N1          ; FPGA_CLK1_50~input|i                                                                    ;
;   0.785  ;   0.785  ; RR ; CELL ; 2      ; IOIBUF_X32_Y0_N1          ; FPGA_CLK1_50~input|o                                                                    ;
;   2.101  ;   1.316  ; RR ; IC   ; 1      ; PLLREFCLKSELECT_X0_Y7_N0  ; u_pll_sys|g_intel.g_one.u_pll|general[0].gpll~PLL_REFCLK_SELECT|clkin[0]                ;
;   2.434  ;   0.333  ; RR ; CELL ; 1      ; PLLREFCLKSELECT_X0_Y7_N0  ; u_pll_sys|g_intel.g_one.u_pll|general[0].gpll~PLL_REFCLK_SELECT|clkout                  ;
;   2.434  ;   0.000  ; RR ; IC   ; 10     ; FRACTIONALPLL_X0_Y1_N0    ; u_pll_sys|g_intel.g_one.u_pll|general[0].gpll~FRACTIONAL_PLL|refclkin                   ;
;   -1.566 ;   -4.000 ; RR ; COMP ; 1      ; FRACTIONALPLL_X0_Y1_N0    ; u_pll_sys|g_intel.g_one.u_pll|general[0].gpll~FRACTIONAL_PLL|vcoph[0]                   ;
;   -1.566 ;   0.000  ; RR ; IC   ; 1      ; PLLOUTPUTCOUNTER_X0_Y4_N1 ; u_pll_sys|g_intel.g_one.u_pll|general[0].gpll~PLL_OUTPUT_COUNTER|vco0ph[0]              ;
;   0.136  ;   1.702  ; RR ; CELL ; 1      ; PLLOUTPUTCOUNTER_X0_Y4_N1 ; u_pll_sys|g_intel.g_one.u_pll|general[0].gpll~PLL_OUTPUT_COUNTER|divclk                 ;
;   1.147  ;   1.011  ; RR ; IC   ; 1      ; CLKCTRL_G3                ; u_pll_sys|g_intel.g_one.u_pll|outclk_wire[0]~CLKENA0|inclk                              ;
;   1.495  ;   0.348  ; RR ; CELL ; 13501  ; CLKCTRL_G3                ; u_pll_sys|g_intel.g_one.u_pll|outclk_wire[0]~CLKENA0|outclk                             ;
;   3.926  ;   2.431  ; RR ; IC   ; 1      ; FF_X31_Y13_N41            ; u_sys|u_synth|u_l2|form|x_mode[3]|clk                                                   ;
;   4.459  ;   0.533  ; RR ; CELL ; 1      ; FF_X31_Y13_N41            ; wpms_system:u_sys|wpms_synth_top:u_synth|wpms_l2_top:u_l2|wpms_formation:form|x_mode[3] ;
; 22.835   ; 18.376   ;    ;      ;        ;                           ; data path                                                                               ;
;   4.459  ;   0.000  ;    ; uTco ; 1      ; FF_X31_Y13_N41            ; wpms_system:u_sys|wpms_synth_top:u_synth|wpms_l2_top:u_l2|wpms_formation:form|x_mode[3] ;
;   4.459  ;   0.000  ; RR ; CELL ; 6      ; FF_X31_Y13_N41            ; u_sys|u_synth|u_l2|form|x_mode[3]|q                                                     ;
;   4.792  ;   0.333  ; RR ; IC   ; 1      ; LABCELL_X31_Y13_N27       ; u_sys|u_synth|u_l2|form|Decoder0~0|datac                                                ;
;   5.322  ;   0.530  ; RF ; CELL ; 4      ; LABCELL_X31_Y13_N27       ; u_sys|u_synth|u_l2|form|Decoder0~0|combout                                              ;
;   5.648  ;   0.326  ; FF ; IC   ; 1      ; LABCELL_X31_Y13_N9        ; u_sys|u_synth|u_l2|form|WideOr3~1|dataf                                                 ;
;   5.739  ;   0.091  ; FF ; CELL ; 91     ; LABCELL_X31_Y13_N9        ; u_sys|u_synth|u_l2|form|WideOr3~1|combout                                               ;
;   5.946  ;   0.207  ; FF ; IC   ; 1      ; LABCELL_X31_Y13_N45       ; u_sys|u_synth|u_l2|form|Equal54~1|datac                                                 ;
;   6.496  ;   0.550  ; FF ; CELL ; 46     ; LABCELL_X31_Y13_N45       ; u_sys|u_synth|u_l2|form|Equal54~1|combout                                               ;
;   7.382  ;   0.886  ; FF ; IC   ; 1      ; LABCELL_X31_Y16_N48       ; u_sys|u_synth|u_l2|form|m_b[3]~3|datac                                                  ;
;   7.925  ;   0.543  ; FF ; CELL ; 2      ; LABCELL_X31_Y16_N48       ; u_sys|u_synth|u_l2|form|m_b[3]~3|combout                                                ;
;   8.523  ;   0.598  ; FF ; IC   ; 33     ; DSP_X32_Y12_N0            ; u_sys|u_synth|u_l2|form|Mult0~515|ay[3]                                                 ;
;   12.924 ;   4.401  ; FF ; CELL ; 1      ; DSP_X32_Y12_N0            ; u_sys|u_synth|u_l2|form|Mult0~515|resulta[11]                                           ;
;   14.051 ;   1.127  ; FF ; IC   ; 2      ; LABCELL_X33_Y12_N3        ; u_sys|u_synth|u_l2|form|Mult0~137|datac                                                 ;
;   14.958 ;   0.907  ; FF ; CELL ; 1      ; LABCELL_X33_Y12_N3        ; u_sys|u_synth|u_l2|form|Mult0~137|cout                                                  ;
;   14.958 ;   0.000  ; FF ; IC   ; 2      ; LABCELL_X33_Y12_N6        ; u_sys|u_synth|u_l2|form|Mult0~145|cin                                                   ;
;   15.010 ;   0.052  ; FF ; CELL ; 1      ; LABCELL_X33_Y12_N6        ; u_sys|u_synth|u_l2|form|Mult0~145|cout                                                  ;
;   15.010 ;   0.000  ; FF ; IC   ; 2      ; LABCELL_X33_Y12_N9        ; u_sys|u_synth|u_l2|form|Mult0~1|cin                                                     ;
;   15.010 ;   0.000  ; FF ; CELL ; 1      ; LABCELL_X33_Y12_N9        ; u_sys|u_synth|u_l2|form|Mult0~1|cout                                                    ;
;   15.010 ;   0.000  ; FF ; IC   ; 2      ; LABCELL_X33_Y12_N12       ; u_sys|u_synth|u_l2|form|Mult0~9|cin                                                     ;
;   15.062 ;   0.052  ; FF ; CELL ; 1      ; LABCELL_X33_Y12_N12       ; u_sys|u_synth|u_l2|form|Mult0~9|cout                                                    ;
;   15.062 ;   0.000  ; FF ; IC   ; 2      ; LABCELL_X33_Y12_N15       ; u_sys|u_synth|u_l2|form|Mult0~5|cin                                                     ;
;   15.062 ;   0.000  ; FF ; CELL ; 1      ; LABCELL_X33_Y12_N15       ; u_sys|u_synth|u_l2|form|Mult0~5|cout                                                    ;
;   15.062 ;   0.000  ; FF ; IC   ; 2      ; LABCELL_X33_Y12_N18       ; u_sys|u_synth|u_l2|form|Mult0~13|cin                                                    ;
;   15.114 ;   0.052  ; FF ; CELL ; 1      ; LABCELL_X33_Y12_N18       ; u_sys|u_synth|u_l2|form|Mult0~13|cout                                                   ;
;   15.114 ;   0.000  ; FF ; IC   ; 2      ; LABCELL_X33_Y12_N21       ; u_sys|u_synth|u_l2|form|Mult0~33|cin                                                    ;
;   15.114 ;   0.000  ; FF ; CELL ; 1      ; LABCELL_X33_Y12_N21       ; u_sys|u_synth|u_l2|form|Mult0~33|cout                                                   ;
;   15.114 ;   0.000  ; FF ; IC   ; 2      ; LABCELL_X33_Y12_N24       ; u_sys|u_synth|u_l2|form|Mult0~41|cin                                                    ;
;   15.180 ;   0.066  ; FF ; CELL ; 1      ; LABCELL_X33_Y12_N24       ; u_sys|u_synth|u_l2|form|Mult0~41|cout                                                   ;
;   15.180 ;   0.000  ; FF ; IC   ; 2      ; LABCELL_X33_Y12_N27       ; u_sys|u_synth|u_l2|form|Mult0~37|cin                                                    ;
;   15.180 ;   0.000  ; FF ; CELL ; 1      ; LABCELL_X33_Y12_N27       ; u_sys|u_synth|u_l2|form|Mult0~37|cout                                                   ;
;   15.180 ;   0.000  ; FF ; IC   ; 2      ; LABCELL_X33_Y12_N30       ; u_sys|u_synth|u_l2|form|Mult0~45|cin                                                    ;
;   15.658 ;   0.478  ; FF ; CELL ; 4      ; LABCELL_X33_Y12_N30       ; u_sys|u_synth|u_l2|form|Mult0~45|sumout                                                 ;
;   16.470 ;   0.812  ; FF ; IC   ; 1      ; MLABCELL_X34_Y11_N18      ; u_sys|u_synth|u_l2|form|ShiftRight1~84|datad                                            ;
;   17.125 ;   0.655  ; FF ; CELL ; 4      ; MLABCELL_X34_Y11_N18      ; u_sys|u_synth|u_l2|form|ShiftRight1~84|combout                                          ;
;   17.358 ;   0.233  ; FF ; IC   ; 1      ; MLABCELL_X34_Y11_N42      ; u_sys|u_synth|u_l2|form|ShiftRight1~146|datac                                           ;
;   17.909 ;   0.551  ; FF ; CELL ; 4      ; MLABCELL_X34_Y11_N42      ; u_sys|u_synth|u_l2|form|ShiftRight1~146|combout                                         ;
;   18.793 ;   0.884  ; FF ; IC   ; 2      ; LABCELL_X35_Y14_N54       ; u_sys|u_synth|u_l2|form|Add0~181|datac                                                  ;
;   19.736 ;   0.943  ; FF ; CELL ; 1      ; LABCELL_X35_Y14_N54       ; u_sys|u_synth|u_l2|form|Add0~181|cout                                                   ;
;   19.736 ;   0.000  ; FF ; IC   ; 2      ; LABCELL_X35_Y14_N57       ; u_sys|u_synth|u_l2|form|Add0~173|cin                                                    ;
;   19.736 ;   0.000  ; FF ; CELL ; 1      ; LABCELL_X35_Y14_N57       ; u_sys|u_synth|u_l2|form|Add0~173|cout                                                   ;
;   19.736 ;   0.000  ; FF ; IC   ; 2      ; LABCELL_X35_Y13_N30       ; u_sys|u_synth|u_l2|form|Add0~177|cin                                                    ;
;   19.892 ;   0.156  ; FF ; CELL ; 1      ; LABCELL_X35_Y13_N30       ; u_sys|u_synth|u_l2|form|Add0~177|cout                                                   ;
;   19.892 ;   0.000  ; FF ; IC   ; 2      ; LABCELL_X35_Y13_N33       ; u_sys|u_synth|u_l2|form|Add0~169|cin                                                    ;
;   19.892 ;   0.000  ; FF ; CELL ; 1      ; LABCELL_X35_Y13_N33       ; u_sys|u_synth|u_l2|form|Add0~169|cout                                                   ;
;   19.892 ;   0.000  ; FF ; IC   ; 2      ; LABCELL_X35_Y13_N36       ; u_sys|u_synth|u_l2|form|Add0~149|cin                                                    ;
;   19.944 ;   0.052  ; FF ; CELL ; 1      ; LABCELL_X35_Y13_N36       ; u_sys|u_synth|u_l2|form|Add0~149|cout                                                   ;
;   19.944 ;   0.000  ; FF ; IC   ; 2      ; LABCELL_X35_Y13_N39       ; u_sys|u_synth|u_l2|form|Add0~141|cin                                                    ;
;   19.944 ;   0.000  ; FF ; CELL ; 1      ; LABCELL_X35_Y13_N39       ; u_sys|u_synth|u_l2|form|Add0~141|cout                                                   ;
;   19.944 ;   0.000  ; FF ; IC   ; 2      ; LABCELL_X35_Y13_N42       ; u_sys|u_synth|u_l2|form|Add0~145|cin                                                    ;
;   19.996 ;   0.052  ; FF ; CELL ; 1      ; LABCELL_X35_Y13_N42       ; u_sys|u_synth|u_l2|form|Add0~145|cout                                                   ;
;   19.996 ;   0.000  ; FF ; IC   ; 2      ; LABCELL_X35_Y13_N45       ; u_sys|u_synth|u_l2|form|Add0~137|cin                                                    ;
;   19.996 ;   0.000  ; FF ; CELL ; 1      ; LABCELL_X35_Y13_N45       ; u_sys|u_synth|u_l2|form|Add0~137|cout                                                   ;
;   19.996 ;   0.000  ; FF ; IC   ; 2      ; LABCELL_X35_Y13_N48       ; u_sys|u_synth|u_l2|form|Add0~257|cin                                                    ;
;   20.048 ;   0.052  ; FF ; CELL ; 1      ; LABCELL_X35_Y13_N48       ; u_sys|u_synth|u_l2|form|Add0~257|cout                                                   ;
;   20.048 ;   0.000  ; FF ; IC   ; 2      ; LABCELL_X35_Y13_N51       ; u_sys|u_synth|u_l2|form|Add0~249|cin                                                    ;
;   20.048 ;   0.000  ; FF ; CELL ; 1      ; LABCELL_X35_Y13_N51       ; u_sys|u_synth|u_l2|form|Add0~249|cout                                                   ;
;   20.048 ;   0.000  ; FF ; IC   ; 2      ; LABCELL_X35_Y13_N54       ; u_sys|u_synth|u_l2|form|Add0~253|cin                                                    ;
;   20.097 ;   0.049  ; FF ; CELL ; 1      ; LABCELL_X35_Y13_N54       ; u_sys|u_synth|u_l2|form|Add0~253|cout                                                   ;
;   20.097 ;   0.000  ; FF ; IC   ; 2      ; LABCELL_X35_Y13_N57       ; u_sys|u_synth|u_l2|form|Add0~245|cin                                                    ;
;   20.097 ;   0.000  ; FF ; CELL ; 1      ; LABCELL_X35_Y13_N57       ; u_sys|u_synth|u_l2|form|Add0~245|cout                                                   ;
;   20.097 ;   0.000  ; FF ; IC   ; 2      ; LABCELL_X35_Y12_N30       ; u_sys|u_synth|u_l2|form|Add0~225|cin                                                    ;
;   20.253 ;   0.156  ; FF ; CELL ; 1      ; LABCELL_X35_Y12_N30       ; u_sys|u_synth|u_l2|form|Add0~225|cout                                                   ;
;   20.253 ;   0.000  ; FF ; IC   ; 2      ; LABCELL_X35_Y12_N33       ; u_sys|u_synth|u_l2|form|Add0~217|cin                                                    ;
;   20.253 ;   0.000  ; FF ; CELL ; 1      ; LABCELL_X35_Y12_N33       ; u_sys|u_synth|u_l2|form|Add0~217|cout                                                   ;
;   20.253 ;   0.000  ; FF ; IC   ; 2      ; LABCELL_X35_Y12_N36       ; u_sys|u_synth|u_l2|form|Add0~221|cin                                                    ;
;   20.305 ;   0.052  ; FF ; CELL ; 1      ; LABCELL_X35_Y12_N36       ; u_sys|u_synth|u_l2|form|Add0~221|cout                                                   ;
;   20.305 ;   0.000  ; FF ; IC   ; 2      ; LABCELL_X35_Y12_N39       ; u_sys|u_synth|u_l2|form|Add0~213|cin                                                    ;
;   20.305 ;   0.000  ; FF ; CELL ; 1      ; LABCELL_X35_Y12_N39       ; u_sys|u_synth|u_l2|form|Add0~213|cout                                                   ;
;   20.305 ;   0.000  ; FF ; IC   ; 2      ; LABCELL_X35_Y12_N42       ; u_sys|u_synth|u_l2|form|Add0~241|cin                                                    ;
;   20.357 ;   0.052  ; FF ; CELL ; 1      ; LABCELL_X35_Y12_N42       ; u_sys|u_synth|u_l2|form|Add0~241|cout                                                   ;
;   20.357 ;   0.000  ; FF ; IC   ; 2      ; LABCELL_X35_Y12_N45       ; u_sys|u_synth|u_l2|form|Add0~233|cin                                                    ;
;   20.357 ;   0.000  ; FF ; CELL ; 1      ; LABCELL_X35_Y12_N45       ; u_sys|u_synth|u_l2|form|Add0~233|cout                                                   ;
;   20.357 ;   0.000  ; FF ; IC   ; 2      ; LABCELL_X35_Y12_N48       ; u_sys|u_synth|u_l2|form|Add0~237|cin                                                    ;
;   20.409 ;   0.052  ; FF ; CELL ; 1      ; LABCELL_X35_Y12_N48       ; u_sys|u_synth|u_l2|form|Add0~237|cout                                                   ;
;   20.409 ;   0.000  ; FF ; IC   ; 2      ; LABCELL_X35_Y12_N51       ; u_sys|u_synth|u_l2|form|Add0~229|cin                                                    ;
;   20.409 ;   0.000  ; FF ; CELL ; 1      ; LABCELL_X35_Y12_N51       ; u_sys|u_synth|u_l2|form|Add0~229|cout                                                   ;
;   20.409 ;   0.000  ; FF ; IC   ; 2      ; LABCELL_X35_Y12_N54       ; u_sys|u_synth|u_l2|form|Add0~209|cin                                                    ;
;   20.458 ;   0.049  ; FF ; CELL ; 1      ; LABCELL_X35_Y12_N54       ; u_sys|u_synth|u_l2|form|Add0~209|cout                                                   ;
;   20.458 ;   0.000  ; FF ; IC   ; 2      ; LABCELL_X35_Y12_N57       ; u_sys|u_synth|u_l2|form|Add0~201|cin                                                    ;
;   20.458 ;   0.000  ; FF ; CELL ; 1      ; LABCELL_X35_Y12_N57       ; u_sys|u_synth|u_l2|form|Add0~201|cout                                                   ;
;   20.458 ;   0.000  ; FF ; IC   ; 2      ; LABCELL_X35_Y11_N0        ; u_sys|u_synth|u_l2|form|Add0~205|cin                                                    ;
;   20.579 ;   0.121  ; FF ; CELL ; 1      ; LABCELL_X35_Y11_N0        ; u_sys|u_synth|u_l2|form|Add0~205|cout                                                   ;
;   20.579 ;   0.000  ; FF ; IC   ; 2      ; LABCELL_X35_Y11_N3        ; u_sys|u_synth|u_l2|form|Add0~1|cin                                                      ;
;   20.579 ;   0.000  ; FF ; CELL ; 1      ; LABCELL_X35_Y11_N3        ; u_sys|u_synth|u_l2|form|Add0~1|cout                                                     ;
;   20.579 ;   0.000  ; FF ; IC   ; 2      ; LABCELL_X35_Y11_N6        ; u_sys|u_synth|u_l2|form|Add0~105|cin                                                    ;
;   20.631 ;   0.052  ; FF ; CELL ; 1      ; LABCELL_X35_Y11_N6        ; u_sys|u_synth|u_l2|form|Add0~105|cout                                                   ;
;   20.631 ;   0.000  ; FF ; IC   ; 2      ; LABCELL_X35_Y11_N9        ; u_sys|u_synth|u_l2|form|Add0~109|cin                                                    ;
;   20.631 ;   0.000  ; FF ; CELL ; 1      ; LABCELL_X35_Y11_N9        ; u_sys|u_synth|u_l2|form|Add0~109|cout                                                   ;
;   20.631 ;   0.000  ; FF ; IC   ; 2      ; LABCELL_X35_Y11_N12       ; u_sys|u_synth|u_l2|form|Add0~113|cin                                                    ;
;   20.683 ;   0.052  ; FF ; CELL ; 1      ; LABCELL_X35_Y11_N12       ; u_sys|u_synth|u_l2|form|Add0~113|cout                                                   ;
;   20.683 ;   0.000  ; FF ; IC   ; 2      ; LABCELL_X35_Y11_N15       ; u_sys|u_synth|u_l2|form|Add0~117|cin                                                    ;
;   20.683 ;   0.000  ; FF ; CELL ; 1      ; LABCELL_X35_Y11_N15       ; u_sys|u_synth|u_l2|form|Add0~117|cout                                                   ;
;   20.683 ;   0.000  ; FF ; IC   ; 2      ; LABCELL_X35_Y11_N18       ; u_sys|u_synth|u_l2|form|Add0~121|cin                                                    ;
;   20.735 ;   0.052  ; FF ; CELL ; 1      ; LABCELL_X35_Y11_N18       ; u_sys|u_synth|u_l2|form|Add0~121|cout                                                   ;
;   20.735 ;   0.000  ; FF ; IC   ; 2      ; LABCELL_X35_Y11_N21       ; u_sys|u_synth|u_l2|form|Add0~85|cin                                                     ;
;   20.735 ;   0.000  ; FF ; CELL ; 1      ; LABCELL_X35_Y11_N21       ; u_sys|u_synth|u_l2|form|Add0~85|cout                                                    ;
;   20.735 ;   0.000  ; FF ; IC   ; 2      ; LABCELL_X35_Y11_N24       ; u_sys|u_synth|u_l2|form|Add0~89|cin                                                     ;
;   20.801 ;   0.066  ; FF ; CELL ; 1      ; LABCELL_X35_Y11_N24       ; u_sys|u_synth|u_l2|form|Add0~89|cout                                                    ;
;   20.801 ;   0.000  ; FF ; IC   ; 2      ; LABCELL_X35_Y11_N27       ; u_sys|u_synth|u_l2|form|Add0~93|cin                                                     ;
;   20.801 ;   0.000  ; FF ; CELL ; 1      ; LABCELL_X35_Y11_N27       ; u_sys|u_synth|u_l2|form|Add0~93|cout                                                    ;
;   20.801 ;   0.000  ; FF ; IC   ; 2      ; LABCELL_X35_Y11_N30       ; u_sys|u_synth|u_l2|form|Add0~97|cin                                                     ;
;   20.931 ;   0.130  ; FF ; CELL ; 1      ; LABCELL_X35_Y11_N30       ; u_sys|u_synth|u_l2|form|Add0~97|cout                                                    ;
;   20.931 ;   0.000  ; FF ; IC   ; 2      ; LABCELL_X35_Y11_N33       ; u_sys|u_synth|u_l2|form|Add0~101|cin                                                    ;
;   20.931 ;   0.000  ; FF ; CELL ; 1      ; LABCELL_X35_Y11_N33       ; u_sys|u_synth|u_l2|form|Add0~101|cout                                                   ;
;   20.931 ;   0.000  ; FF ; IC   ; 2      ; LABCELL_X35_Y11_N36       ; u_sys|u_synth|u_l2|form|Add0~65|cin                                                     ;
;   20.983 ;   0.052  ; FF ; CELL ; 1      ; LABCELL_X35_Y11_N36       ; u_sys|u_synth|u_l2|form|Add0~65|cout                                                    ;
;   20.983 ;   0.000  ; FF ; IC   ; 2      ; LABCELL_X35_Y11_N39       ; u_sys|u_synth|u_l2|form|Add0~69|cin                                                     ;
;   20.983 ;   0.000  ; FF ; CELL ; 1      ; LABCELL_X35_Y11_N39       ; u_sys|u_synth|u_l2|form|Add0~69|cout                                                    ;
;   20.983 ;   0.000  ; FF ; IC   ; 2      ; LABCELL_X35_Y11_N42       ; u_sys|u_synth|u_l2|form|Add0~73|cin                                                     ;
;   21.035 ;   0.052  ; FF ; CELL ; 1      ; LABCELL_X35_Y11_N42       ; u_sys|u_synth|u_l2|form|Add0~73|cout                                                    ;
;   21.035 ;   0.000  ; FF ; IC   ; 2      ; LABCELL_X35_Y11_N45       ; u_sys|u_synth|u_l2|form|Add0~77|cin                                                     ;
;   21.035 ;   0.000  ; FF ; CELL ; 1      ; LABCELL_X35_Y11_N45       ; u_sys|u_synth|u_l2|form|Add0~77|cout                                                    ;
;   21.035 ;   0.000  ; FF ; IC   ; 2      ; LABCELL_X35_Y11_N48       ; u_sys|u_synth|u_l2|form|Add0~81|cin                                                     ;
;   21.087 ;   0.052  ; FF ; CELL ; 1      ; LABCELL_X35_Y11_N48       ; u_sys|u_synth|u_l2|form|Add0~81|cout                                                    ;
;   21.087 ;   0.000  ; FF ; IC   ; 2      ; LABCELL_X35_Y11_N51       ; u_sys|u_synth|u_l2|form|Add0~45|cin                                                     ;
;   21.087 ;   0.000  ; FF ; CELL ; 1      ; LABCELL_X35_Y11_N51       ; u_sys|u_synth|u_l2|form|Add0~45|cout                                                    ;
;   21.087 ;   0.000  ; FF ; IC   ; 2      ; LABCELL_X35_Y11_N54       ; u_sys|u_synth|u_l2|form|Add0~49|cin                                                     ;
;   21.136 ;   0.049  ; FF ; CELL ; 1      ; LABCELL_X35_Y11_N54       ; u_sys|u_synth|u_l2|form|Add0~49|cout                                                    ;
;   21.136 ;   0.000  ; FF ; IC   ; 2      ; LABCELL_X35_Y11_N57       ; u_sys|u_synth|u_l2|form|Add0~53|cin                                                     ;
;   21.136 ;   0.000  ; FF ; CELL ; 1      ; LABCELL_X35_Y11_N57       ; u_sys|u_synth|u_l2|form|Add0~53|cout                                                    ;
;   21.136 ;   0.000  ; FF ; IC   ; 2      ; LABCELL_X35_Y10_N0        ; u_sys|u_synth|u_l2|form|Add0~57|cin                                                     ;
;   21.257 ;   0.121  ; FF ; CELL ; 1      ; LABCELL_X35_Y10_N0        ; u_sys|u_synth|u_l2|form|Add0~57|cout                                                    ;
;   21.257 ;   0.000  ; FF ; IC   ; 2      ; LABCELL_X35_Y10_N3        ; u_sys|u_synth|u_l2|form|Add0~61|cin                                                     ;
;   21.257 ;   0.000  ; FF ; CELL ; 1      ; LABCELL_X35_Y10_N3        ; u_sys|u_synth|u_l2|form|Add0~61|cout                                                    ;
;   21.257 ;   0.000  ; FF ; IC   ; 2      ; LABCELL_X35_Y10_N6        ; u_sys|u_synth|u_l2|form|Add0~25|cin                                                     ;
;   21.309 ;   0.052  ; FF ; CELL ; 1      ; LABCELL_X35_Y10_N6        ; u_sys|u_synth|u_l2|form|Add0~25|cout                                                    ;
;   21.309 ;   0.000  ; FF ; IC   ; 2      ; LABCELL_X35_Y10_N9        ; u_sys|u_synth|u_l2|form|Add0~29|cin                                                     ;
;   21.462 ;   0.153  ; FF ; CELL ; 1      ; LABCELL_X35_Y10_N9        ; u_sys|u_synth|u_l2|form|Add0~29|sumout                                                  ;
;   22.164 ;   0.702  ; FF ; IC   ; 1      ; FF_X37_Y11_N10            ; u_sys|u_synth|u_l2|form|w_hi[22]|asdata                                                 ;
;   22.835 ;   0.671  ; FF ; CELL ; 1      ; FF_X37_Y11_N10            ; wpms_system:u_sys|wpms_synth_top:u_synth|wpms_l2_top:u_l2|wpms_formation:form|w_hi[22]  ;
+----------+----------+----+------+--------+---------------------------+-----------------------------------------------------------------------------------------+

+---------------------------------------------------------------------------------------------------------------------------------------------------------------+
; Data Required Path                                                                                                                                            ;
+----------+----------+----+------+--------+---------------------------+----------------------------------------------------------------------------------------+
; Total    ; Incr     ; RF ; Type ; Fanout ; Location                  ; Element                                                                                ;
+----------+----------+----+------+--------+---------------------------+----------------------------------------------------------------------------------------+
; 20.000   ; 20.000   ;    ;      ;        ;                           ; latch edge time                                                                        ;
; 24.340   ; 4.340    ;    ;      ;        ;                           ; clock path                                                                             ;
;   20.000 ;   0.000  ;    ;      ;        ;                           ; source latency                                                                         ;
;   20.000 ;   0.000  ;    ;      ; 1      ; PIN_V11                   ; FPGA_CLK1_50                                                                           ;
;   20.000 ;   0.000  ; RR ; IC   ; 1      ; IOIBUF_X32_Y0_N1          ; FPGA_CLK1_50~input|i                                                                   ;
;   20.785 ;   0.785  ; RR ; CELL ; 2      ; IOIBUF_X32_Y0_N1          ; FPGA_CLK1_50~input|o                                                                   ;
;   21.953 ;   1.168  ; RR ; IC   ; 1      ; PLLREFCLKSELECT_X0_Y7_N0  ; u_pll_sys|g_intel.g_one.u_pll|general[0].gpll~PLL_REFCLK_SELECT|clkin[0]               ;
;   22.265 ;   0.312  ; RR ; CELL ; 1      ; PLLREFCLKSELECT_X0_Y7_N0  ; u_pll_sys|g_intel.g_one.u_pll|general[0].gpll~PLL_REFCLK_SELECT|clkout                 ;
;   22.265 ;   0.000  ; RR ; IC   ; 10     ; FRACTIONALPLL_X0_Y1_N0    ; u_pll_sys|g_intel.g_one.u_pll|general[0].gpll~FRACTIONAL_PLL|refclkin                  ;
;   17.117 ;   -5.148 ; RR ; COMP ; 1      ; FRACTIONALPLL_X0_Y1_N0    ; u_pll_sys|g_intel.g_one.u_pll|general[0].gpll~FRACTIONAL_PLL|vcoph[0]                  ;
;   17.117 ;   0.000  ; RR ; IC   ; 1      ; PLLOUTPUTCOUNTER_X0_Y4_N1 ; u_pll_sys|g_intel.g_one.u_pll|general[0].gpll~PLL_OUTPUT_COUNTER|vco0ph[0]             ;
;   18.592 ;   1.475  ; RR ; CELL ; 1      ; PLLOUTPUTCOUNTER_X0_Y4_N1 ; u_pll_sys|g_intel.g_one.u_pll|general[0].gpll~PLL_OUTPUT_COUNTER|divclk                ;
;   19.544 ;   0.952  ; RR ; IC   ; 1      ; CLKCTRL_G3                ; u_pll_sys|g_intel.g_one.u_pll|outclk_wire[0]~CLKENA0|inclk                             ;
;   19.869 ;   0.325  ; RR ; CELL ; 13501  ; CLKCTRL_G3                ; u_pll_sys|g_intel.g_one.u_pll|outclk_wire[0]~CLKENA0|outclk                            ;
;   21.870 ;   2.001  ; RR ; IC   ; 1      ; FF_X37_Y11_N10            ; u_sys|u_synth|u_l2|form|w_hi[22]|clk                                                   ;
;   22.325 ;   0.455  ; RR ; CELL ; 1      ; FF_X37_Y11_N10            ; wpms_system:u_sys|wpms_synth_top:u_synth|wpms_l2_top:u_l2|wpms_formation:form|w_hi[22] ;
;   24.340 ;   2.015  ;    ;      ;        ;                           ; clock pessimism removed                                                                ;
; 24.260   ; -0.080   ;    ;      ;        ;                           ; clock uncertainty                                                                      ;
; 24.260   ; 0.000    ;    ; uTsu ; 1      ; FF_X37_Y11_N10            ; wpms_system:u_sys|wpms_synth_top:u_synth|wpms_l2_top:u_l2|wpms_formation:form|w_hi[22] ;
+----------+----------+----+------+--------+---------------------------+----------------------------------------------------------------------------------------+

----------------------------
; Extra Fitter Information ;
----------------------------
HTML report is unavailable in plain text report export.


Path #8: Setup slack is 1.441 
===============================================================================
+--------------------------------------------------------------------------------------------------------------+
; Path Summary                                                                                                 ;
+--------------------+-----------------------------------------------------------------------------------------+
; Property           ; Value                                                                                   ;
+--------------------+-----------------------------------------------------------------------------------------+
; From Node          ; wpms_system:u_sys|wpms_synth_top:u_synth|wpms_l2_top:u_l2|wpms_formation:form|x_mode[3] ;
; To Node            ; wpms_system:u_sys|wpms_synth_top:u_synth|wpms_l2_top:u_l2|wpms_formation:form|w_hi[10]  ;
; Launch Clock       ; u_pll_sys|g_intel.g_one.u_pll|general[0].gpll~PLL_OUTPUT_COUNTER|divclk                 ;
; Latch Clock        ; u_pll_sys|g_intel.g_one.u_pll|general[0].gpll~PLL_OUTPUT_COUNTER|divclk                 ;
; Data Arrival Time  ; 22.823                                                                                  ;
; Data Required Time ; 24.264                                                                                  ;
; Slack              ; 1.441                                                                                   ;
+--------------------+-----------------------------------------------------------------------------------------+

+--------------------------------------------------------------------------------------+
; Statistics                                                                           ;
+------------------------+--------+-------+-------------+------------+--------+--------+
; Property               ; Value  ; Count ; Total Delay ; % of Total ; Min    ; Max    ;
+------------------------+--------+-------+-------------+------------+--------+--------+
; Setup Relationship     ; 20.000 ;       ;             ;            ;        ;        ;
; Clock Skew             ; -0.115 ;       ;             ;            ;        ;        ;
; Data Delay             ; 18.364 ;       ;             ;            ;        ;        ;
; Number of Logic Levels ;        ; 9     ;             ;            ;        ;        ;
; Physical Delays        ;        ;       ;             ;            ;        ;        ;
;  Arrival Path          ;        ;       ;             ;            ;        ;        ;
;   Clock                ;        ;       ;             ;            ;        ;        ;
;    IC                  ;        ; 6     ; 4.758       ; 56         ; 0.000  ; 2.431  ;
;    Cell                ;        ; 5     ; 3.701       ; 44         ; 0.333  ; 1.702  ;
;    PLL Compensation    ;        ; 1     ; -4.000      ; 0          ; -4.000 ; -4.000 ;
;   Data                 ;        ;       ;             ;            ;        ;        ;
;    IC                  ;        ; 52    ; 6.478       ; 35         ; 0.000  ; 1.127  ;
;    Cell                ;        ; 53    ; 11.886      ; 65         ; 0.000  ; 4.401  ;
;    uTco                ;        ; 1     ; 0.000       ; 0          ; 0.000  ; 0.000  ;
;  Required Path         ;        ;       ;             ;            ;        ;        ;
;   Clock                ;        ;       ;             ;            ;        ;        ;
;    IC                  ;        ; 6     ; 4.118       ; 55         ; 0.000  ; 1.998  ;
;    Cell                ;        ; 5     ; 3.359       ; 45         ; 0.312  ; 1.475  ;
;    PLL Compensation    ;        ; 1     ; -5.148      ; 0          ; -5.148 ; -5.148 ;
+------------------------+--------+-------+-------------+------------+--------+--------+
Note: Negative delays are omitted from totals when calculating percentages

+----------------------------------------------------------------------------------------------------------------------------------------------------------------+
; Data Arrival Path                                                                                                                                              ;
+----------+----------+----+------+--------+---------------------------+-----------------------------------------------------------------------------------------+
; Total    ; Incr     ; RF ; Type ; Fanout ; Location                  ; Element                                                                                 ;
+----------+----------+----+------+--------+---------------------------+-----------------------------------------------------------------------------------------+
; 0.000    ; 0.000    ;    ;      ;        ;                           ; launch edge time                                                                        ;
; 4.459    ; 4.459    ;    ;      ;        ;                           ; clock path                                                                              ;
;   0.000  ;   0.000  ;    ;      ;        ;                           ; source latency                                                                          ;
;   0.000  ;   0.000  ;    ;      ; 1      ; PIN_V11                   ; FPGA_CLK1_50                                                                            ;
;   0.000  ;   0.000  ; RR ; IC   ; 1      ; IOIBUF_X32_Y0_N1          ; FPGA_CLK1_50~input|i                                                                    ;
;   0.785  ;   0.785  ; RR ; CELL ; 2      ; IOIBUF_X32_Y0_N1          ; FPGA_CLK1_50~input|o                                                                    ;
;   2.101  ;   1.316  ; RR ; IC   ; 1      ; PLLREFCLKSELECT_X0_Y7_N0  ; u_pll_sys|g_intel.g_one.u_pll|general[0].gpll~PLL_REFCLK_SELECT|clkin[0]                ;
;   2.434  ;   0.333  ; RR ; CELL ; 1      ; PLLREFCLKSELECT_X0_Y7_N0  ; u_pll_sys|g_intel.g_one.u_pll|general[0].gpll~PLL_REFCLK_SELECT|clkout                  ;
;   2.434  ;   0.000  ; RR ; IC   ; 10     ; FRACTIONALPLL_X0_Y1_N0    ; u_pll_sys|g_intel.g_one.u_pll|general[0].gpll~FRACTIONAL_PLL|refclkin                   ;
;   -1.566 ;   -4.000 ; RR ; COMP ; 1      ; FRACTIONALPLL_X0_Y1_N0    ; u_pll_sys|g_intel.g_one.u_pll|general[0].gpll~FRACTIONAL_PLL|vcoph[0]                   ;
;   -1.566 ;   0.000  ; RR ; IC   ; 1      ; PLLOUTPUTCOUNTER_X0_Y4_N1 ; u_pll_sys|g_intel.g_one.u_pll|general[0].gpll~PLL_OUTPUT_COUNTER|vco0ph[0]              ;
;   0.136  ;   1.702  ; RR ; CELL ; 1      ; PLLOUTPUTCOUNTER_X0_Y4_N1 ; u_pll_sys|g_intel.g_one.u_pll|general[0].gpll~PLL_OUTPUT_COUNTER|divclk                 ;
;   1.147  ;   1.011  ; RR ; IC   ; 1      ; CLKCTRL_G3                ; u_pll_sys|g_intel.g_one.u_pll|outclk_wire[0]~CLKENA0|inclk                              ;
;   1.495  ;   0.348  ; RR ; CELL ; 13501  ; CLKCTRL_G3                ; u_pll_sys|g_intel.g_one.u_pll|outclk_wire[0]~CLKENA0|outclk                             ;
;   3.926  ;   2.431  ; RR ; IC   ; 1      ; FF_X31_Y13_N41            ; u_sys|u_synth|u_l2|form|x_mode[3]|clk                                                   ;
;   4.459  ;   0.533  ; RR ; CELL ; 1      ; FF_X31_Y13_N41            ; wpms_system:u_sys|wpms_synth_top:u_synth|wpms_l2_top:u_l2|wpms_formation:form|x_mode[3] ;
; 22.823   ; 18.364   ;    ;      ;        ;                           ; data path                                                                               ;
;   4.459  ;   0.000  ;    ; uTco ; 1      ; FF_X31_Y13_N41            ; wpms_system:u_sys|wpms_synth_top:u_synth|wpms_l2_top:u_l2|wpms_formation:form|x_mode[3] ;
;   4.459  ;   0.000  ; RR ; CELL ; 6      ; FF_X31_Y13_N41            ; u_sys|u_synth|u_l2|form|x_mode[3]|q                                                     ;
;   4.792  ;   0.333  ; RR ; IC   ; 1      ; LABCELL_X31_Y13_N27       ; u_sys|u_synth|u_l2|form|Decoder0~0|datac                                                ;
;   5.322  ;   0.530  ; RF ; CELL ; 4      ; LABCELL_X31_Y13_N27       ; u_sys|u_synth|u_l2|form|Decoder0~0|combout                                              ;
;   5.648  ;   0.326  ; FF ; IC   ; 1      ; LABCELL_X31_Y13_N9        ; u_sys|u_synth|u_l2|form|WideOr3~1|dataf                                                 ;
;   5.739  ;   0.091  ; FF ; CELL ; 91     ; LABCELL_X31_Y13_N9        ; u_sys|u_synth|u_l2|form|WideOr3~1|combout                                               ;
;   5.946  ;   0.207  ; FF ; IC   ; 1      ; LABCELL_X31_Y13_N45       ; u_sys|u_synth|u_l2|form|Equal54~1|datac                                                 ;
;   6.496  ;   0.550  ; FF ; CELL ; 46     ; LABCELL_X31_Y13_N45       ; u_sys|u_synth|u_l2|form|Equal54~1|combout                                               ;
;   7.382  ;   0.886  ; FF ; IC   ; 1      ; LABCELL_X31_Y16_N48       ; u_sys|u_synth|u_l2|form|m_b[3]~3|datac                                                  ;
;   7.925  ;   0.543  ; FF ; CELL ; 2      ; LABCELL_X31_Y16_N48       ; u_sys|u_synth|u_l2|form|m_b[3]~3|combout                                                ;
;   8.523  ;   0.598  ; FF ; IC   ; 33     ; DSP_X32_Y12_N0            ; u_sys|u_synth|u_l2|form|Mult0~515|ay[3]                                                 ;
;   12.924 ;   4.401  ; FF ; CELL ; 1      ; DSP_X32_Y12_N0            ; u_sys|u_synth|u_l2|form|Mult0~515|resulta[11]                                           ;
;   14.051 ;   1.127  ; FF ; IC   ; 2      ; LABCELL_X33_Y12_N3        ; u_sys|u_synth|u_l2|form|Mult0~137|datac                                                 ;
;   14.958 ;   0.907  ; FF ; CELL ; 1      ; LABCELL_X33_Y12_N3        ; u_sys|u_synth|u_l2|form|Mult0~137|cout                                                  ;
;   14.958 ;   0.000  ; FF ; IC   ; 2      ; LABCELL_X33_Y12_N6        ; u_sys|u_synth|u_l2|form|Mult0~145|cin                                                   ;
;   15.010 ;   0.052  ; FF ; CELL ; 1      ; LABCELL_X33_Y12_N6        ; u_sys|u_synth|u_l2|form|Mult0~145|cout                                                  ;
;   15.010 ;   0.000  ; FF ; IC   ; 2      ; LABCELL_X33_Y12_N9        ; u_sys|u_synth|u_l2|form|Mult0~1|cin                                                     ;
;   15.010 ;   0.000  ; FF ; CELL ; 1      ; LABCELL_X33_Y12_N9        ; u_sys|u_synth|u_l2|form|Mult0~1|cout                                                    ;
;   15.010 ;   0.000  ; FF ; IC   ; 2      ; LABCELL_X33_Y12_N12       ; u_sys|u_synth|u_l2|form|Mult0~9|cin                                                     ;
;   15.062 ;   0.052  ; FF ; CELL ; 1      ; LABCELL_X33_Y12_N12       ; u_sys|u_synth|u_l2|form|Mult0~9|cout                                                    ;
;   15.062 ;   0.000  ; FF ; IC   ; 2      ; LABCELL_X33_Y12_N15       ; u_sys|u_synth|u_l2|form|Mult0~5|cin                                                     ;
;   15.062 ;   0.000  ; FF ; CELL ; 1      ; LABCELL_X33_Y12_N15       ; u_sys|u_synth|u_l2|form|Mult0~5|cout                                                    ;
;   15.062 ;   0.000  ; FF ; IC   ; 2      ; LABCELL_X33_Y12_N18       ; u_sys|u_synth|u_l2|form|Mult0~13|cin                                                    ;
;   15.114 ;   0.052  ; FF ; CELL ; 1      ; LABCELL_X33_Y12_N18       ; u_sys|u_synth|u_l2|form|Mult0~13|cout                                                   ;
;   15.114 ;   0.000  ; FF ; IC   ; 2      ; LABCELL_X33_Y12_N21       ; u_sys|u_synth|u_l2|form|Mult0~33|cin                                                    ;
;   15.114 ;   0.000  ; FF ; CELL ; 1      ; LABCELL_X33_Y12_N21       ; u_sys|u_synth|u_l2|form|Mult0~33|cout                                                   ;
;   15.114 ;   0.000  ; FF ; IC   ; 2      ; LABCELL_X33_Y12_N24       ; u_sys|u_synth|u_l2|form|Mult0~41|cin                                                    ;
;   15.180 ;   0.066  ; FF ; CELL ; 1      ; LABCELL_X33_Y12_N24       ; u_sys|u_synth|u_l2|form|Mult0~41|cout                                                   ;
;   15.180 ;   0.000  ; FF ; IC   ; 2      ; LABCELL_X33_Y12_N27       ; u_sys|u_synth|u_l2|form|Mult0~37|cin                                                    ;
;   15.180 ;   0.000  ; FF ; CELL ; 1      ; LABCELL_X33_Y12_N27       ; u_sys|u_synth|u_l2|form|Mult0~37|cout                                                   ;
;   15.180 ;   0.000  ; FF ; IC   ; 2      ; LABCELL_X33_Y12_N30       ; u_sys|u_synth|u_l2|form|Mult0~45|cin                                                    ;
;   15.658 ;   0.478  ; FF ; CELL ; 4      ; LABCELL_X33_Y12_N30       ; u_sys|u_synth|u_l2|form|Mult0~45|sumout                                                 ;
;   16.470 ;   0.812  ; FF ; IC   ; 1      ; MLABCELL_X34_Y11_N18      ; u_sys|u_synth|u_l2|form|ShiftRight1~84|datad                                            ;
;   17.125 ;   0.655  ; FF ; CELL ; 4      ; MLABCELL_X34_Y11_N18      ; u_sys|u_synth|u_l2|form|ShiftRight1~84|combout                                          ;
;   17.358 ;   0.233  ; FF ; IC   ; 1      ; MLABCELL_X34_Y11_N42      ; u_sys|u_synth|u_l2|form|ShiftRight1~146|datac                                           ;
;   17.909 ;   0.551  ; FF ; CELL ; 4      ; MLABCELL_X34_Y11_N42      ; u_sys|u_synth|u_l2|form|ShiftRight1~146|combout                                         ;
;   18.793 ;   0.884  ; FF ; IC   ; 2      ; LABCELL_X35_Y14_N54       ; u_sys|u_synth|u_l2|form|Add0~181|datac                                                  ;
;   19.736 ;   0.943  ; FF ; CELL ; 1      ; LABCELL_X35_Y14_N54       ; u_sys|u_synth|u_l2|form|Add0~181|cout                                                   ;
;   19.736 ;   0.000  ; FF ; IC   ; 2      ; LABCELL_X35_Y14_N57       ; u_sys|u_synth|u_l2|form|Add0~173|cin                                                    ;
;   19.736 ;   0.000  ; FF ; CELL ; 1      ; LABCELL_X35_Y14_N57       ; u_sys|u_synth|u_l2|form|Add0~173|cout                                                   ;
;   19.736 ;   0.000  ; FF ; IC   ; 2      ; LABCELL_X35_Y13_N30       ; u_sys|u_synth|u_l2|form|Add0~177|cin                                                    ;
;   19.892 ;   0.156  ; FF ; CELL ; 1      ; LABCELL_X35_Y13_N30       ; u_sys|u_synth|u_l2|form|Add0~177|cout                                                   ;
;   19.892 ;   0.000  ; FF ; IC   ; 2      ; LABCELL_X35_Y13_N33       ; u_sys|u_synth|u_l2|form|Add0~169|cin                                                    ;
;   19.892 ;   0.000  ; FF ; CELL ; 1      ; LABCELL_X35_Y13_N33       ; u_sys|u_synth|u_l2|form|Add0~169|cout                                                   ;
;   19.892 ;   0.000  ; FF ; IC   ; 2      ; LABCELL_X35_Y13_N36       ; u_sys|u_synth|u_l2|form|Add0~149|cin                                                    ;
;   19.944 ;   0.052  ; FF ; CELL ; 1      ; LABCELL_X35_Y13_N36       ; u_sys|u_synth|u_l2|form|Add0~149|cout                                                   ;
;   19.944 ;   0.000  ; FF ; IC   ; 2      ; LABCELL_X35_Y13_N39       ; u_sys|u_synth|u_l2|form|Add0~141|cin                                                    ;
;   19.944 ;   0.000  ; FF ; CELL ; 1      ; LABCELL_X35_Y13_N39       ; u_sys|u_synth|u_l2|form|Add0~141|cout                                                   ;
;   19.944 ;   0.000  ; FF ; IC   ; 2      ; LABCELL_X35_Y13_N42       ; u_sys|u_synth|u_l2|form|Add0~145|cin                                                    ;
;   19.996 ;   0.052  ; FF ; CELL ; 1      ; LABCELL_X35_Y13_N42       ; u_sys|u_synth|u_l2|form|Add0~145|cout                                                   ;
;   19.996 ;   0.000  ; FF ; IC   ; 2      ; LABCELL_X35_Y13_N45       ; u_sys|u_synth|u_l2|form|Add0~137|cin                                                    ;
;   19.996 ;   0.000  ; FF ; CELL ; 1      ; LABCELL_X35_Y13_N45       ; u_sys|u_synth|u_l2|form|Add0~137|cout                                                   ;
;   19.996 ;   0.000  ; FF ; IC   ; 2      ; LABCELL_X35_Y13_N48       ; u_sys|u_synth|u_l2|form|Add0~257|cin                                                    ;
;   20.048 ;   0.052  ; FF ; CELL ; 1      ; LABCELL_X35_Y13_N48       ; u_sys|u_synth|u_l2|form|Add0~257|cout                                                   ;
;   20.048 ;   0.000  ; FF ; IC   ; 2      ; LABCELL_X35_Y13_N51       ; u_sys|u_synth|u_l2|form|Add0~249|cin                                                    ;
;   20.048 ;   0.000  ; FF ; CELL ; 1      ; LABCELL_X35_Y13_N51       ; u_sys|u_synth|u_l2|form|Add0~249|cout                                                   ;
;   20.048 ;   0.000  ; FF ; IC   ; 2      ; LABCELL_X35_Y13_N54       ; u_sys|u_synth|u_l2|form|Add0~253|cin                                                    ;
;   20.097 ;   0.049  ; FF ; CELL ; 1      ; LABCELL_X35_Y13_N54       ; u_sys|u_synth|u_l2|form|Add0~253|cout                                                   ;
;   20.097 ;   0.000  ; FF ; IC   ; 2      ; LABCELL_X35_Y13_N57       ; u_sys|u_synth|u_l2|form|Add0~245|cin                                                    ;
;   20.097 ;   0.000  ; FF ; CELL ; 1      ; LABCELL_X35_Y13_N57       ; u_sys|u_synth|u_l2|form|Add0~245|cout                                                   ;
;   20.097 ;   0.000  ; FF ; IC   ; 2      ; LABCELL_X35_Y12_N30       ; u_sys|u_synth|u_l2|form|Add0~225|cin                                                    ;
;   20.253 ;   0.156  ; FF ; CELL ; 1      ; LABCELL_X35_Y12_N30       ; u_sys|u_synth|u_l2|form|Add0~225|cout                                                   ;
;   20.253 ;   0.000  ; FF ; IC   ; 2      ; LABCELL_X35_Y12_N33       ; u_sys|u_synth|u_l2|form|Add0~217|cin                                                    ;
;   20.253 ;   0.000  ; FF ; CELL ; 1      ; LABCELL_X35_Y12_N33       ; u_sys|u_synth|u_l2|form|Add0~217|cout                                                   ;
;   20.253 ;   0.000  ; FF ; IC   ; 2      ; LABCELL_X35_Y12_N36       ; u_sys|u_synth|u_l2|form|Add0~221|cin                                                    ;
;   20.305 ;   0.052  ; FF ; CELL ; 1      ; LABCELL_X35_Y12_N36       ; u_sys|u_synth|u_l2|form|Add0~221|cout                                                   ;
;   20.305 ;   0.000  ; FF ; IC   ; 2      ; LABCELL_X35_Y12_N39       ; u_sys|u_synth|u_l2|form|Add0~213|cin                                                    ;
;   20.305 ;   0.000  ; FF ; CELL ; 1      ; LABCELL_X35_Y12_N39       ; u_sys|u_synth|u_l2|form|Add0~213|cout                                                   ;
;   20.305 ;   0.000  ; FF ; IC   ; 2      ; LABCELL_X35_Y12_N42       ; u_sys|u_synth|u_l2|form|Add0~241|cin                                                    ;
;   20.357 ;   0.052  ; FF ; CELL ; 1      ; LABCELL_X35_Y12_N42       ; u_sys|u_synth|u_l2|form|Add0~241|cout                                                   ;
;   20.357 ;   0.000  ; FF ; IC   ; 2      ; LABCELL_X35_Y12_N45       ; u_sys|u_synth|u_l2|form|Add0~233|cin                                                    ;
;   20.357 ;   0.000  ; FF ; CELL ; 1      ; LABCELL_X35_Y12_N45       ; u_sys|u_synth|u_l2|form|Add0~233|cout                                                   ;
;   20.357 ;   0.000  ; FF ; IC   ; 2      ; LABCELL_X35_Y12_N48       ; u_sys|u_synth|u_l2|form|Add0~237|cin                                                    ;
;   20.409 ;   0.052  ; FF ; CELL ; 1      ; LABCELL_X35_Y12_N48       ; u_sys|u_synth|u_l2|form|Add0~237|cout                                                   ;
;   20.409 ;   0.000  ; FF ; IC   ; 2      ; LABCELL_X35_Y12_N51       ; u_sys|u_synth|u_l2|form|Add0~229|cin                                                    ;
;   20.409 ;   0.000  ; FF ; CELL ; 1      ; LABCELL_X35_Y12_N51       ; u_sys|u_synth|u_l2|form|Add0~229|cout                                                   ;
;   20.409 ;   0.000  ; FF ; IC   ; 2      ; LABCELL_X35_Y12_N54       ; u_sys|u_synth|u_l2|form|Add0~209|cin                                                    ;
;   20.458 ;   0.049  ; FF ; CELL ; 1      ; LABCELL_X35_Y12_N54       ; u_sys|u_synth|u_l2|form|Add0~209|cout                                                   ;
;   20.458 ;   0.000  ; FF ; IC   ; 2      ; LABCELL_X35_Y12_N57       ; u_sys|u_synth|u_l2|form|Add0~201|cin                                                    ;
;   20.458 ;   0.000  ; FF ; CELL ; 1      ; LABCELL_X35_Y12_N57       ; u_sys|u_synth|u_l2|form|Add0~201|cout                                                   ;
;   20.458 ;   0.000  ; FF ; IC   ; 2      ; LABCELL_X35_Y11_N0        ; u_sys|u_synth|u_l2|form|Add0~205|cin                                                    ;
;   20.579 ;   0.121  ; FF ; CELL ; 1      ; LABCELL_X35_Y11_N0        ; u_sys|u_synth|u_l2|form|Add0~205|cout                                                   ;
;   20.579 ;   0.000  ; FF ; IC   ; 2      ; LABCELL_X35_Y11_N3        ; u_sys|u_synth|u_l2|form|Add0~1|cin                                                      ;
;   20.579 ;   0.000  ; FF ; CELL ; 1      ; LABCELL_X35_Y11_N3        ; u_sys|u_synth|u_l2|form|Add0~1|cout                                                     ;
;   20.579 ;   0.000  ; FF ; IC   ; 2      ; LABCELL_X35_Y11_N6        ; u_sys|u_synth|u_l2|form|Add0~105|cin                                                    ;
;   20.631 ;   0.052  ; FF ; CELL ; 1      ; LABCELL_X35_Y11_N6        ; u_sys|u_synth|u_l2|form|Add0~105|cout                                                   ;
;   20.631 ;   0.000  ; FF ; IC   ; 2      ; LABCELL_X35_Y11_N9        ; u_sys|u_synth|u_l2|form|Add0~109|cin                                                    ;
;   20.631 ;   0.000  ; FF ; CELL ; 1      ; LABCELL_X35_Y11_N9        ; u_sys|u_synth|u_l2|form|Add0~109|cout                                                   ;
;   20.631 ;   0.000  ; FF ; IC   ; 2      ; LABCELL_X35_Y11_N12       ; u_sys|u_synth|u_l2|form|Add0~113|cin                                                    ;
;   20.683 ;   0.052  ; FF ; CELL ; 1      ; LABCELL_X35_Y11_N12       ; u_sys|u_synth|u_l2|form|Add0~113|cout                                                   ;
;   20.683 ;   0.000  ; FF ; IC   ; 2      ; LABCELL_X35_Y11_N15       ; u_sys|u_synth|u_l2|form|Add0~117|cin                                                    ;
;   20.683 ;   0.000  ; FF ; CELL ; 1      ; LABCELL_X35_Y11_N15       ; u_sys|u_synth|u_l2|form|Add0~117|cout                                                   ;
;   20.683 ;   0.000  ; FF ; IC   ; 2      ; LABCELL_X35_Y11_N18       ; u_sys|u_synth|u_l2|form|Add0~121|cin                                                    ;
;   20.735 ;   0.052  ; FF ; CELL ; 1      ; LABCELL_X35_Y11_N18       ; u_sys|u_synth|u_l2|form|Add0~121|cout                                                   ;
;   20.735 ;   0.000  ; FF ; IC   ; 2      ; LABCELL_X35_Y11_N21       ; u_sys|u_synth|u_l2|form|Add0~85|cin                                                     ;
;   20.735 ;   0.000  ; FF ; CELL ; 1      ; LABCELL_X35_Y11_N21       ; u_sys|u_synth|u_l2|form|Add0~85|cout                                                    ;
;   20.735 ;   0.000  ; FF ; IC   ; 2      ; LABCELL_X35_Y11_N24       ; u_sys|u_synth|u_l2|form|Add0~89|cin                                                     ;
;   20.801 ;   0.066  ; FF ; CELL ; 1      ; LABCELL_X35_Y11_N24       ; u_sys|u_synth|u_l2|form|Add0~89|cout                                                    ;
;   20.801 ;   0.000  ; FF ; IC   ; 2      ; LABCELL_X35_Y11_N27       ; u_sys|u_synth|u_l2|form|Add0~93|cin                                                     ;
;   20.801 ;   0.000  ; FF ; CELL ; 1      ; LABCELL_X35_Y11_N27       ; u_sys|u_synth|u_l2|form|Add0~93|cout                                                    ;
;   20.801 ;   0.000  ; FF ; IC   ; 2      ; LABCELL_X35_Y11_N30       ; u_sys|u_synth|u_l2|form|Add0~97|cin                                                     ;
;   20.931 ;   0.130  ; FF ; CELL ; 1      ; LABCELL_X35_Y11_N30       ; u_sys|u_synth|u_l2|form|Add0~97|cout                                                    ;
;   20.931 ;   0.000  ; FF ; IC   ; 2      ; LABCELL_X35_Y11_N33       ; u_sys|u_synth|u_l2|form|Add0~101|cin                                                    ;
;   21.084 ;   0.153  ; FF ; CELL ; 1      ; LABCELL_X35_Y11_N33       ; u_sys|u_synth|u_l2|form|Add0~101|sumout                                                 ;
;   22.156 ;   1.072  ; FF ; IC   ; 1      ; FF_X36_Y10_N37            ; u_sys|u_synth|u_l2|form|w_hi[10]|asdata                                                 ;
;   22.823 ;   0.667  ; FF ; CELL ; 1      ; FF_X36_Y10_N37            ; wpms_system:u_sys|wpms_synth_top:u_synth|wpms_l2_top:u_l2|wpms_formation:form|w_hi[10]  ;
+----------+----------+----+------+--------+---------------------------+-----------------------------------------------------------------------------------------+

+---------------------------------------------------------------------------------------------------------------------------------------------------------------+
; Data Required Path                                                                                                                                            ;
+----------+----------+----+------+--------+---------------------------+----------------------------------------------------------------------------------------+
; Total    ; Incr     ; RF ; Type ; Fanout ; Location                  ; Element                                                                                ;
+----------+----------+----+------+--------+---------------------------+----------------------------------------------------------------------------------------+
; 20.000   ; 20.000   ;    ;      ;        ;                           ; latch edge time                                                                        ;
; 24.344   ; 4.344    ;    ;      ;        ;                           ; clock path                                                                             ;
;   20.000 ;   0.000  ;    ;      ;        ;                           ; source latency                                                                         ;
;   20.000 ;   0.000  ;    ;      ; 1      ; PIN_V11                   ; FPGA_CLK1_50                                                                           ;
;   20.000 ;   0.000  ; RR ; IC   ; 1      ; IOIBUF_X32_Y0_N1          ; FPGA_CLK1_50~input|i                                                                   ;
;   20.785 ;   0.785  ; RR ; CELL ; 2      ; IOIBUF_X32_Y0_N1          ; FPGA_CLK1_50~input|o                                                                   ;
;   21.953 ;   1.168  ; RR ; IC   ; 1      ; PLLREFCLKSELECT_X0_Y7_N0  ; u_pll_sys|g_intel.g_one.u_pll|general[0].gpll~PLL_REFCLK_SELECT|clkin[0]               ;
;   22.265 ;   0.312  ; RR ; CELL ; 1      ; PLLREFCLKSELECT_X0_Y7_N0  ; u_pll_sys|g_intel.g_one.u_pll|general[0].gpll~PLL_REFCLK_SELECT|clkout                 ;
;   22.265 ;   0.000  ; RR ; IC   ; 10     ; FRACTIONALPLL_X0_Y1_N0    ; u_pll_sys|g_intel.g_one.u_pll|general[0].gpll~FRACTIONAL_PLL|refclkin                  ;
;   17.117 ;   -5.148 ; RR ; COMP ; 1      ; FRACTIONALPLL_X0_Y1_N0    ; u_pll_sys|g_intel.g_one.u_pll|general[0].gpll~FRACTIONAL_PLL|vcoph[0]                  ;
;   17.117 ;   0.000  ; RR ; IC   ; 1      ; PLLOUTPUTCOUNTER_X0_Y4_N1 ; u_pll_sys|g_intel.g_one.u_pll|general[0].gpll~PLL_OUTPUT_COUNTER|vco0ph[0]             ;
;   18.592 ;   1.475  ; RR ; CELL ; 1      ; PLLOUTPUTCOUNTER_X0_Y4_N1 ; u_pll_sys|g_intel.g_one.u_pll|general[0].gpll~PLL_OUTPUT_COUNTER|divclk                ;
;   19.544 ;   0.952  ; RR ; IC   ; 1      ; CLKCTRL_G3                ; u_pll_sys|g_intel.g_one.u_pll|outclk_wire[0]~CLKENA0|inclk                             ;
;   19.869 ;   0.325  ; RR ; CELL ; 13501  ; CLKCTRL_G3                ; u_pll_sys|g_intel.g_one.u_pll|outclk_wire[0]~CLKENA0|outclk                            ;
;   21.867 ;   1.998  ; RR ; IC   ; 1      ; FF_X36_Y10_N37            ; u_sys|u_synth|u_l2|form|w_hi[10]|clk                                                   ;
;   22.329 ;   0.462  ; RR ; CELL ; 1      ; FF_X36_Y10_N37            ; wpms_system:u_sys|wpms_synth_top:u_synth|wpms_l2_top:u_l2|wpms_formation:form|w_hi[10] ;
;   24.344 ;   2.015  ;    ;      ;        ;                           ; clock pessimism removed                                                                ;
; 24.264   ; -0.080   ;    ;      ;        ;                           ; clock uncertainty                                                                      ;
; 24.264   ; 0.000    ;    ; uTsu ; 1      ; FF_X36_Y10_N37            ; wpms_system:u_sys|wpms_synth_top:u_synth|wpms_l2_top:u_l2|wpms_formation:form|w_hi[10] ;
+----------+----------+----+------+--------+---------------------------+----------------------------------------------------------------------------------------+

----------------------------
; Extra Fitter Information ;
----------------------------
HTML report is unavailable in plain text report export.


Path #9: Setup slack is 1.512 
===============================================================================
+--------------------------------------------------------------------------------------------------------------+
; Path Summary                                                                                                 ;
+--------------------+-----------------------------------------------------------------------------------------+
; Property           ; Value                                                                                   ;
+--------------------+-----------------------------------------------------------------------------------------+
; From Node          ; wpms_system:u_sys|wpms_synth_top:u_synth|wpms_l2_top:u_l2|wpms_formation:form|x_mode[3] ;
; To Node            ; wpms_system:u_sys|wpms_synth_top:u_synth|wpms_l2_top:u_l2|wpms_formation:form|w_hi[30]  ;
; Launch Clock       ; u_pll_sys|g_intel.g_one.u_pll|general[0].gpll~PLL_OUTPUT_COUNTER|divclk                 ;
; Latch Clock        ; u_pll_sys|g_intel.g_one.u_pll|general[0].gpll~PLL_OUTPUT_COUNTER|divclk                 ;
; Data Arrival Time  ; 22.746                                                                                  ;
; Data Required Time ; 24.258                                                                                  ;
; Slack              ; 1.512                                                                                   ;
+--------------------+-----------------------------------------------------------------------------------------+

+--------------------------------------------------------------------------------------+
; Statistics                                                                           ;
+------------------------+--------+-------+-------------+------------+--------+--------+
; Property               ; Value  ; Count ; Total Delay ; % of Total ; Min    ; Max    ;
+------------------------+--------+-------+-------------+------------+--------+--------+
; Setup Relationship     ; 20.000 ;       ;             ;            ;        ;        ;
; Clock Skew             ; -0.121 ;       ;             ;            ;        ;        ;
; Data Delay             ; 18.287 ;       ;             ;            ;        ;        ;
; Number of Logic Levels ;        ; 9     ;             ;            ;        ;        ;
; Physical Delays        ;        ;       ;             ;            ;        ;        ;
;  Arrival Path          ;        ;       ;             ;            ;        ;        ;
;   Clock                ;        ;       ;             ;            ;        ;        ;
;    IC                  ;        ; 6     ; 4.758       ; 56         ; 0.000  ; 2.431  ;
;    Cell                ;        ; 5     ; 3.701       ; 44         ; 0.333  ; 1.702  ;
;    PLL Compensation    ;        ; 1     ; -4.000      ; 0          ; -4.000 ; -4.000 ;
;   Data                 ;        ;       ;             ;            ;        ;        ;
;    IC                  ;        ; 72    ; 5.734       ; 31         ; 0.000  ; 1.127  ;
;    Cell                ;        ; 73    ; 12.553      ; 69         ; 0.000  ; 4.401  ;
;    uTco                ;        ; 1     ; 0.000       ; 0          ; 0.000  ; 0.000  ;
;  Required Path         ;        ;       ;             ;            ;        ;        ;
;   Clock                ;        ;       ;             ;            ;        ;        ;
;    IC                  ;        ; 6     ; 4.118       ; 55         ; 0.000  ; 1.998  ;
;    Cell                ;        ; 5     ; 3.353       ; 45         ; 0.312  ; 1.475  ;
;    PLL Compensation    ;        ; 1     ; -5.148      ; 0          ; -5.148 ; -5.148 ;
+------------------------+--------+-------+-------------+------------+--------+--------+
Note: Negative delays are omitted from totals when calculating percentages

+----------------------------------------------------------------------------------------------------------------------------------------------------------------+
; Data Arrival Path                                                                                                                                              ;
+----------+----------+----+------+--------+---------------------------+-----------------------------------------------------------------------------------------+
; Total    ; Incr     ; RF ; Type ; Fanout ; Location                  ; Element                                                                                 ;
+----------+----------+----+------+--------+---------------------------+-----------------------------------------------------------------------------------------+
; 0.000    ; 0.000    ;    ;      ;        ;                           ; launch edge time                                                                        ;
; 4.459    ; 4.459    ;    ;      ;        ;                           ; clock path                                                                              ;
;   0.000  ;   0.000  ;    ;      ;        ;                           ; source latency                                                                          ;
;   0.000  ;   0.000  ;    ;      ; 1      ; PIN_V11                   ; FPGA_CLK1_50                                                                            ;
;   0.000  ;   0.000  ; RR ; IC   ; 1      ; IOIBUF_X32_Y0_N1          ; FPGA_CLK1_50~input|i                                                                    ;
;   0.785  ;   0.785  ; RR ; CELL ; 2      ; IOIBUF_X32_Y0_N1          ; FPGA_CLK1_50~input|o                                                                    ;
;   2.101  ;   1.316  ; RR ; IC   ; 1      ; PLLREFCLKSELECT_X0_Y7_N0  ; u_pll_sys|g_intel.g_one.u_pll|general[0].gpll~PLL_REFCLK_SELECT|clkin[0]                ;
;   2.434  ;   0.333  ; RR ; CELL ; 1      ; PLLREFCLKSELECT_X0_Y7_N0  ; u_pll_sys|g_intel.g_one.u_pll|general[0].gpll~PLL_REFCLK_SELECT|clkout                  ;
;   2.434  ;   0.000  ; RR ; IC   ; 10     ; FRACTIONALPLL_X0_Y1_N0    ; u_pll_sys|g_intel.g_one.u_pll|general[0].gpll~FRACTIONAL_PLL|refclkin                   ;
;   -1.566 ;   -4.000 ; RR ; COMP ; 1      ; FRACTIONALPLL_X0_Y1_N0    ; u_pll_sys|g_intel.g_one.u_pll|general[0].gpll~FRACTIONAL_PLL|vcoph[0]                   ;
;   -1.566 ;   0.000  ; RR ; IC   ; 1      ; PLLOUTPUTCOUNTER_X0_Y4_N1 ; u_pll_sys|g_intel.g_one.u_pll|general[0].gpll~PLL_OUTPUT_COUNTER|vco0ph[0]              ;
;   0.136  ;   1.702  ; RR ; CELL ; 1      ; PLLOUTPUTCOUNTER_X0_Y4_N1 ; u_pll_sys|g_intel.g_one.u_pll|general[0].gpll~PLL_OUTPUT_COUNTER|divclk                 ;
;   1.147  ;   1.011  ; RR ; IC   ; 1      ; CLKCTRL_G3                ; u_pll_sys|g_intel.g_one.u_pll|outclk_wire[0]~CLKENA0|inclk                              ;
;   1.495  ;   0.348  ; RR ; CELL ; 13501  ; CLKCTRL_G3                ; u_pll_sys|g_intel.g_one.u_pll|outclk_wire[0]~CLKENA0|outclk                             ;
;   3.926  ;   2.431  ; RR ; IC   ; 1      ; FF_X31_Y13_N41            ; u_sys|u_synth|u_l2|form|x_mode[3]|clk                                                   ;
;   4.459  ;   0.533  ; RR ; CELL ; 1      ; FF_X31_Y13_N41            ; wpms_system:u_sys|wpms_synth_top:u_synth|wpms_l2_top:u_l2|wpms_formation:form|x_mode[3] ;
; 22.746   ; 18.287   ;    ;      ;        ;                           ; data path                                                                               ;
;   4.459  ;   0.000  ;    ; uTco ; 1      ; FF_X31_Y13_N41            ; wpms_system:u_sys|wpms_synth_top:u_synth|wpms_l2_top:u_l2|wpms_formation:form|x_mode[3] ;
;   4.459  ;   0.000  ; RR ; CELL ; 6      ; FF_X31_Y13_N41            ; u_sys|u_synth|u_l2|form|x_mode[3]|q                                                     ;
;   4.792  ;   0.333  ; RR ; IC   ; 1      ; LABCELL_X31_Y13_N27       ; u_sys|u_synth|u_l2|form|Decoder0~0|datac                                                ;
;   5.322  ;   0.530  ; RF ; CELL ; 4      ; LABCELL_X31_Y13_N27       ; u_sys|u_synth|u_l2|form|Decoder0~0|combout                                              ;
;   5.648  ;   0.326  ; FF ; IC   ; 1      ; LABCELL_X31_Y13_N9        ; u_sys|u_synth|u_l2|form|WideOr3~1|dataf                                                 ;
;   5.739  ;   0.091  ; FF ; CELL ; 91     ; LABCELL_X31_Y13_N9        ; u_sys|u_synth|u_l2|form|WideOr3~1|combout                                               ;
;   5.946  ;   0.207  ; FF ; IC   ; 1      ; LABCELL_X31_Y13_N45       ; u_sys|u_synth|u_l2|form|Equal54~1|datac                                                 ;
;   6.496  ;   0.550  ; FF ; CELL ; 46     ; LABCELL_X31_Y13_N45       ; u_sys|u_synth|u_l2|form|Equal54~1|combout                                               ;
;   7.382  ;   0.886  ; FF ; IC   ; 1      ; LABCELL_X31_Y16_N48       ; u_sys|u_synth|u_l2|form|m_b[3]~3|datac                                                  ;
;   7.925  ;   0.543  ; FF ; CELL ; 2      ; LABCELL_X31_Y16_N48       ; u_sys|u_synth|u_l2|form|m_b[3]~3|combout                                                ;
;   8.523  ;   0.598  ; FF ; IC   ; 33     ; DSP_X32_Y12_N0            ; u_sys|u_synth|u_l2|form|Mult0~515|ay[3]                                                 ;
;   12.924 ;   4.401  ; FF ; CELL ; 1      ; DSP_X32_Y12_N0            ; u_sys|u_synth|u_l2|form|Mult0~515|resulta[11]                                           ;
;   14.051 ;   1.127  ; FF ; IC   ; 2      ; LABCELL_X33_Y12_N3        ; u_sys|u_synth|u_l2|form|Mult0~137|datac                                                 ;
;   14.958 ;   0.907  ; FF ; CELL ; 1      ; LABCELL_X33_Y12_N3        ; u_sys|u_synth|u_l2|form|Mult0~137|cout                                                  ;
;   14.958 ;   0.000  ; FF ; IC   ; 2      ; LABCELL_X33_Y12_N6        ; u_sys|u_synth|u_l2|form|Mult0~145|cin                                                   ;
;   15.010 ;   0.052  ; FF ; CELL ; 1      ; LABCELL_X33_Y12_N6        ; u_sys|u_synth|u_l2|form|Mult0~145|cout                                                  ;
;   15.010 ;   0.000  ; FF ; IC   ; 2      ; LABCELL_X33_Y12_N9        ; u_sys|u_synth|u_l2|form|Mult0~1|cin                                                     ;
;   15.010 ;   0.000  ; FF ; CELL ; 1      ; LABCELL_X33_Y12_N9        ; u_sys|u_synth|u_l2|form|Mult0~1|cout                                                    ;
;   15.010 ;   0.000  ; FF ; IC   ; 2      ; LABCELL_X33_Y12_N12       ; u_sys|u_synth|u_l2|form|Mult0~9|cin                                                     ;
;   15.062 ;   0.052  ; FF ; CELL ; 1      ; LABCELL_X33_Y12_N12       ; u_sys|u_synth|u_l2|form|Mult0~9|cout                                                    ;
;   15.062 ;   0.000  ; FF ; IC   ; 2      ; LABCELL_X33_Y12_N15       ; u_sys|u_synth|u_l2|form|Mult0~5|cin                                                     ;
;   15.062 ;   0.000  ; FF ; CELL ; 1      ; LABCELL_X33_Y12_N15       ; u_sys|u_synth|u_l2|form|Mult0~5|cout                                                    ;
;   15.062 ;   0.000  ; FF ; IC   ; 2      ; LABCELL_X33_Y12_N18       ; u_sys|u_synth|u_l2|form|Mult0~13|cin                                                    ;
;   15.114 ;   0.052  ; FF ; CELL ; 1      ; LABCELL_X33_Y12_N18       ; u_sys|u_synth|u_l2|form|Mult0~13|cout                                                   ;
;   15.114 ;   0.000  ; FF ; IC   ; 2      ; LABCELL_X33_Y12_N21       ; u_sys|u_synth|u_l2|form|Mult0~33|cin                                                    ;
;   15.114 ;   0.000  ; FF ; CELL ; 1      ; LABCELL_X33_Y12_N21       ; u_sys|u_synth|u_l2|form|Mult0~33|cout                                                   ;
;   15.114 ;   0.000  ; FF ; IC   ; 2      ; LABCELL_X33_Y12_N24       ; u_sys|u_synth|u_l2|form|Mult0~41|cin                                                    ;
;   15.180 ;   0.066  ; FF ; CELL ; 1      ; LABCELL_X33_Y12_N24       ; u_sys|u_synth|u_l2|form|Mult0~41|cout                                                   ;
;   15.180 ;   0.000  ; FF ; IC   ; 2      ; LABCELL_X33_Y12_N27       ; u_sys|u_synth|u_l2|form|Mult0~37|cin                                                    ;
;   15.180 ;   0.000  ; FF ; CELL ; 1      ; LABCELL_X33_Y12_N27       ; u_sys|u_synth|u_l2|form|Mult0~37|cout                                                   ;
;   15.180 ;   0.000  ; FF ; IC   ; 2      ; LABCELL_X33_Y12_N30       ; u_sys|u_synth|u_l2|form|Mult0~45|cin                                                    ;
;   15.658 ;   0.478  ; FF ; CELL ; 4      ; LABCELL_X33_Y12_N30       ; u_sys|u_synth|u_l2|form|Mult0~45|sumout                                                 ;
;   16.470 ;   0.812  ; FF ; IC   ; 1      ; MLABCELL_X34_Y11_N18      ; u_sys|u_synth|u_l2|form|ShiftRight1~84|datad                                            ;
;   17.125 ;   0.655  ; FF ; CELL ; 4      ; MLABCELL_X34_Y11_N18      ; u_sys|u_synth|u_l2|form|ShiftRight1~84|combout                                          ;
;   17.358 ;   0.233  ; FF ; IC   ; 1      ; MLABCELL_X34_Y11_N42      ; u_sys|u_synth|u_l2|form|ShiftRight1~146|datac                                           ;
;   17.909 ;   0.551  ; FF ; CELL ; 4      ; MLABCELL_X34_Y11_N42      ; u_sys|u_synth|u_l2|form|ShiftRight1~146|combout                                         ;
;   18.793 ;   0.884  ; FF ; IC   ; 2      ; LABCELL_X35_Y14_N54       ; u_sys|u_synth|u_l2|form|Add0~181|datac                                                  ;
;   19.736 ;   0.943  ; FF ; CELL ; 1      ; LABCELL_X35_Y14_N54       ; u_sys|u_synth|u_l2|form|Add0~181|cout                                                   ;
;   19.736 ;   0.000  ; FF ; IC   ; 2      ; LABCELL_X35_Y14_N57       ; u_sys|u_synth|u_l2|form|Add0~173|cin                                                    ;
;   19.736 ;   0.000  ; FF ; CELL ; 1      ; LABCELL_X35_Y14_N57       ; u_sys|u_synth|u_l2|form|Add0~173|cout                                                   ;
;   19.736 ;   0.000  ; FF ; IC   ; 2      ; LABCELL_X35_Y13_N30       ; u_sys|u_synth|u_l2|form|Add0~177|cin                                                    ;
;   19.892 ;   0.156  ; FF ; CELL ; 1      ; LABCELL_X35_Y13_N30       ; u_sys|u_synth|u_l2|form|Add0~177|cout                                                   ;
;   19.892 ;   0.000  ; FF ; IC   ; 2      ; LABCELL_X35_Y13_N33       ; u_sys|u_synth|u_l2|form|Add0~169|cin                                                    ;
;   19.892 ;   0.000  ; FF ; CELL ; 1      ; LABCELL_X35_Y13_N33       ; u_sys|u_synth|u_l2|form|Add0~169|cout                                                   ;
;   19.892 ;   0.000  ; FF ; IC   ; 2      ; LABCELL_X35_Y13_N36       ; u_sys|u_synth|u_l2|form|Add0~149|cin                                                    ;
;   19.944 ;   0.052  ; FF ; CELL ; 1      ; LABCELL_X35_Y13_N36       ; u_sys|u_synth|u_l2|form|Add0~149|cout                                                   ;
;   19.944 ;   0.000  ; FF ; IC   ; 2      ; LABCELL_X35_Y13_N39       ; u_sys|u_synth|u_l2|form|Add0~141|cin                                                    ;
;   19.944 ;   0.000  ; FF ; CELL ; 1      ; LABCELL_X35_Y13_N39       ; u_sys|u_synth|u_l2|form|Add0~141|cout                                                   ;
;   19.944 ;   0.000  ; FF ; IC   ; 2      ; LABCELL_X35_Y13_N42       ; u_sys|u_synth|u_l2|form|Add0~145|cin                                                    ;
;   19.996 ;   0.052  ; FF ; CELL ; 1      ; LABCELL_X35_Y13_N42       ; u_sys|u_synth|u_l2|form|Add0~145|cout                                                   ;
;   19.996 ;   0.000  ; FF ; IC   ; 2      ; LABCELL_X35_Y13_N45       ; u_sys|u_synth|u_l2|form|Add0~137|cin                                                    ;
;   19.996 ;   0.000  ; FF ; CELL ; 1      ; LABCELL_X35_Y13_N45       ; u_sys|u_synth|u_l2|form|Add0~137|cout                                                   ;
;   19.996 ;   0.000  ; FF ; IC   ; 2      ; LABCELL_X35_Y13_N48       ; u_sys|u_synth|u_l2|form|Add0~257|cin                                                    ;
;   20.048 ;   0.052  ; FF ; CELL ; 1      ; LABCELL_X35_Y13_N48       ; u_sys|u_synth|u_l2|form|Add0~257|cout                                                   ;
;   20.048 ;   0.000  ; FF ; IC   ; 2      ; LABCELL_X35_Y13_N51       ; u_sys|u_synth|u_l2|form|Add0~249|cin                                                    ;
;   20.048 ;   0.000  ; FF ; CELL ; 1      ; LABCELL_X35_Y13_N51       ; u_sys|u_synth|u_l2|form|Add0~249|cout                                                   ;
;   20.048 ;   0.000  ; FF ; IC   ; 2      ; LABCELL_X35_Y13_N54       ; u_sys|u_synth|u_l2|form|Add0~253|cin                                                    ;
;   20.097 ;   0.049  ; FF ; CELL ; 1      ; LABCELL_X35_Y13_N54       ; u_sys|u_synth|u_l2|form|Add0~253|cout                                                   ;
;   20.097 ;   0.000  ; FF ; IC   ; 2      ; LABCELL_X35_Y13_N57       ; u_sys|u_synth|u_l2|form|Add0~245|cin                                                    ;
;   20.097 ;   0.000  ; FF ; CELL ; 1      ; LABCELL_X35_Y13_N57       ; u_sys|u_synth|u_l2|form|Add0~245|cout                                                   ;
;   20.097 ;   0.000  ; FF ; IC   ; 2      ; LABCELL_X35_Y12_N30       ; u_sys|u_synth|u_l2|form|Add0~225|cin                                                    ;
;   20.253 ;   0.156  ; FF ; CELL ; 1      ; LABCELL_X35_Y12_N30       ; u_sys|u_synth|u_l2|form|Add0~225|cout                                                   ;
;   20.253 ;   0.000  ; FF ; IC   ; 2      ; LABCELL_X35_Y12_N33       ; u_sys|u_synth|u_l2|form|Add0~217|cin                                                    ;
;   20.253 ;   0.000  ; FF ; CELL ; 1      ; LABCELL_X35_Y12_N33       ; u_sys|u_synth|u_l2|form|Add0~217|cout                                                   ;
;   20.253 ;   0.000  ; FF ; IC   ; 2      ; LABCELL_X35_Y12_N36       ; u_sys|u_synth|u_l2|form|Add0~221|cin                                                    ;
;   20.305 ;   0.052  ; FF ; CELL ; 1      ; LABCELL_X35_Y12_N36       ; u_sys|u_synth|u_l2|form|Add0~221|cout                                                   ;
;   20.305 ;   0.000  ; FF ; IC   ; 2      ; LABCELL_X35_Y12_N39       ; u_sys|u_synth|u_l2|form|Add0~213|cin                                                    ;
;   20.305 ;   0.000  ; FF ; CELL ; 1      ; LABCELL_X35_Y12_N39       ; u_sys|u_synth|u_l2|form|Add0~213|cout                                                   ;
;   20.305 ;   0.000  ; FF ; IC   ; 2      ; LABCELL_X35_Y12_N42       ; u_sys|u_synth|u_l2|form|Add0~241|cin                                                    ;
;   20.357 ;   0.052  ; FF ; CELL ; 1      ; LABCELL_X35_Y12_N42       ; u_sys|u_synth|u_l2|form|Add0~241|cout                                                   ;
;   20.357 ;   0.000  ; FF ; IC   ; 2      ; LABCELL_X35_Y12_N45       ; u_sys|u_synth|u_l2|form|Add0~233|cin                                                    ;
;   20.357 ;   0.000  ; FF ; CELL ; 1      ; LABCELL_X35_Y12_N45       ; u_sys|u_synth|u_l2|form|Add0~233|cout                                                   ;
;   20.357 ;   0.000  ; FF ; IC   ; 2      ; LABCELL_X35_Y12_N48       ; u_sys|u_synth|u_l2|form|Add0~237|cin                                                    ;
;   20.409 ;   0.052  ; FF ; CELL ; 1      ; LABCELL_X35_Y12_N48       ; u_sys|u_synth|u_l2|form|Add0~237|cout                                                   ;
;   20.409 ;   0.000  ; FF ; IC   ; 2      ; LABCELL_X35_Y12_N51       ; u_sys|u_synth|u_l2|form|Add0~229|cin                                                    ;
;   20.409 ;   0.000  ; FF ; CELL ; 1      ; LABCELL_X35_Y12_N51       ; u_sys|u_synth|u_l2|form|Add0~229|cout                                                   ;
;   20.409 ;   0.000  ; FF ; IC   ; 2      ; LABCELL_X35_Y12_N54       ; u_sys|u_synth|u_l2|form|Add0~209|cin                                                    ;
;   20.458 ;   0.049  ; FF ; CELL ; 1      ; LABCELL_X35_Y12_N54       ; u_sys|u_synth|u_l2|form|Add0~209|cout                                                   ;
;   20.458 ;   0.000  ; FF ; IC   ; 2      ; LABCELL_X35_Y12_N57       ; u_sys|u_synth|u_l2|form|Add0~201|cin                                                    ;
;   20.458 ;   0.000  ; FF ; CELL ; 1      ; LABCELL_X35_Y12_N57       ; u_sys|u_synth|u_l2|form|Add0~201|cout                                                   ;
;   20.458 ;   0.000  ; FF ; IC   ; 2      ; LABCELL_X35_Y11_N0        ; u_sys|u_synth|u_l2|form|Add0~205|cin                                                    ;
;   20.579 ;   0.121  ; FF ; CELL ; 1      ; LABCELL_X35_Y11_N0        ; u_sys|u_synth|u_l2|form|Add0~205|cout                                                   ;
;   20.579 ;   0.000  ; FF ; IC   ; 2      ; LABCELL_X35_Y11_N3        ; u_sys|u_synth|u_l2|form|Add0~1|cin                                                      ;
;   20.579 ;   0.000  ; FF ; CELL ; 1      ; LABCELL_X35_Y11_N3        ; u_sys|u_synth|u_l2|form|Add0~1|cout                                                     ;
;   20.579 ;   0.000  ; FF ; IC   ; 2      ; LABCELL_X35_Y11_N6        ; u_sys|u_synth|u_l2|form|Add0~105|cin                                                    ;
;   20.631 ;   0.052  ; FF ; CELL ; 1      ; LABCELL_X35_Y11_N6        ; u_sys|u_synth|u_l2|form|Add0~105|cout                                                   ;
;   20.631 ;   0.000  ; FF ; IC   ; 2      ; LABCELL_X35_Y11_N9        ; u_sys|u_synth|u_l2|form|Add0~109|cin                                                    ;
;   20.631 ;   0.000  ; FF ; CELL ; 1      ; LABCELL_X35_Y11_N9        ; u_sys|u_synth|u_l2|form|Add0~109|cout                                                   ;
;   20.631 ;   0.000  ; FF ; IC   ; 2      ; LABCELL_X35_Y11_N12       ; u_sys|u_synth|u_l2|form|Add0~113|cin                                                    ;
;   20.683 ;   0.052  ; FF ; CELL ; 1      ; LABCELL_X35_Y11_N12       ; u_sys|u_synth|u_l2|form|Add0~113|cout                                                   ;
;   20.683 ;   0.000  ; FF ; IC   ; 2      ; LABCELL_X35_Y11_N15       ; u_sys|u_synth|u_l2|form|Add0~117|cin                                                    ;
;   20.683 ;   0.000  ; FF ; CELL ; 1      ; LABCELL_X35_Y11_N15       ; u_sys|u_synth|u_l2|form|Add0~117|cout                                                   ;
;   20.683 ;   0.000  ; FF ; IC   ; 2      ; LABCELL_X35_Y11_N18       ; u_sys|u_synth|u_l2|form|Add0~121|cin                                                    ;
;   20.735 ;   0.052  ; FF ; CELL ; 1      ; LABCELL_X35_Y11_N18       ; u_sys|u_synth|u_l2|form|Add0~121|cout                                                   ;
;   20.735 ;   0.000  ; FF ; IC   ; 2      ; LABCELL_X35_Y11_N21       ; u_sys|u_synth|u_l2|form|Add0~85|cin                                                     ;
;   20.735 ;   0.000  ; FF ; CELL ; 1      ; LABCELL_X35_Y11_N21       ; u_sys|u_synth|u_l2|form|Add0~85|cout                                                    ;
;   20.735 ;   0.000  ; FF ; IC   ; 2      ; LABCELL_X35_Y11_N24       ; u_sys|u_synth|u_l2|form|Add0~89|cin                                                     ;
;   20.801 ;   0.066  ; FF ; CELL ; 1      ; LABCELL_X35_Y11_N24       ; u_sys|u_synth|u_l2|form|Add0~89|cout                                                    ;
;   20.801 ;   0.000  ; FF ; IC   ; 2      ; LABCELL_X35_Y11_N27       ; u_sys|u_synth|u_l2|form|Add0~93|cin                                                     ;
;   20.801 ;   0.000  ; FF ; CELL ; 1      ; LABCELL_X35_Y11_N27       ; u_sys|u_synth|u_l2|form|Add0~93|cout                                                    ;
;   20.801 ;   0.000  ; FF ; IC   ; 2      ; LABCELL_X35_Y11_N30       ; u_sys|u_synth|u_l2|form|Add0~97|cin                                                     ;
;   20.931 ;   0.130  ; FF ; CELL ; 1      ; LABCELL_X35_Y11_N30       ; u_sys|u_synth|u_l2|form|Add0~97|cout                                                    ;
;   20.931 ;   0.000  ; FF ; IC   ; 2      ; LABCELL_X35_Y11_N33       ; u_sys|u_synth|u_l2|form|Add0~101|cin                                                    ;
;   20.931 ;   0.000  ; FF ; CELL ; 1      ; LABCELL_X35_Y11_N33       ; u_sys|u_synth|u_l2|form|Add0~101|cout                                                   ;
;   20.931 ;   0.000  ; FF ; IC   ; 2      ; LABCELL_X35_Y11_N36       ; u_sys|u_synth|u_l2|form|Add0~65|cin                                                     ;
;   20.983 ;   0.052  ; FF ; CELL ; 1      ; LABCELL_X35_Y11_N36       ; u_sys|u_synth|u_l2|form|Add0~65|cout                                                    ;
;   20.983 ;   0.000  ; FF ; IC   ; 2      ; LABCELL_X35_Y11_N39       ; u_sys|u_synth|u_l2|form|Add0~69|cin                                                     ;
;   20.983 ;   0.000  ; FF ; CELL ; 1      ; LABCELL_X35_Y11_N39       ; u_sys|u_synth|u_l2|form|Add0~69|cout                                                    ;
;   20.983 ;   0.000  ; FF ; IC   ; 2      ; LABCELL_X35_Y11_N42       ; u_sys|u_synth|u_l2|form|Add0~73|cin                                                     ;
;   21.035 ;   0.052  ; FF ; CELL ; 1      ; LABCELL_X35_Y11_N42       ; u_sys|u_synth|u_l2|form|Add0~73|cout                                                    ;
;   21.035 ;   0.000  ; FF ; IC   ; 2      ; LABCELL_X35_Y11_N45       ; u_sys|u_synth|u_l2|form|Add0~77|cin                                                     ;
;   21.035 ;   0.000  ; FF ; CELL ; 1      ; LABCELL_X35_Y11_N45       ; u_sys|u_synth|u_l2|form|Add0~77|cout                                                    ;
;   21.035 ;   0.000  ; FF ; IC   ; 2      ; LABCELL_X35_Y11_N48       ; u_sys|u_synth|u_l2|form|Add0~81|cin                                                     ;
;   21.087 ;   0.052  ; FF ; CELL ; 1      ; LABCELL_X35_Y11_N48       ; u_sys|u_synth|u_l2|form|Add0~81|cout                                                    ;
;   21.087 ;   0.000  ; FF ; IC   ; 2      ; LABCELL_X35_Y11_N51       ; u_sys|u_synth|u_l2|form|Add0~45|cin                                                     ;
;   21.087 ;   0.000  ; FF ; CELL ; 1      ; LABCELL_X35_Y11_N51       ; u_sys|u_synth|u_l2|form|Add0~45|cout                                                    ;
;   21.087 ;   0.000  ; FF ; IC   ; 2      ; LABCELL_X35_Y11_N54       ; u_sys|u_synth|u_l2|form|Add0~49|cin                                                     ;
;   21.136 ;   0.049  ; FF ; CELL ; 1      ; LABCELL_X35_Y11_N54       ; u_sys|u_synth|u_l2|form|Add0~49|cout                                                    ;
;   21.136 ;   0.000  ; FF ; IC   ; 2      ; LABCELL_X35_Y11_N57       ; u_sys|u_synth|u_l2|form|Add0~53|cin                                                     ;
;   21.136 ;   0.000  ; FF ; CELL ; 1      ; LABCELL_X35_Y11_N57       ; u_sys|u_synth|u_l2|form|Add0~53|cout                                                    ;
;   21.136 ;   0.000  ; FF ; IC   ; 2      ; LABCELL_X35_Y10_N0        ; u_sys|u_synth|u_l2|form|Add0~57|cin                                                     ;
;   21.257 ;   0.121  ; FF ; CELL ; 1      ; LABCELL_X35_Y10_N0        ; u_sys|u_synth|u_l2|form|Add0~57|cout                                                    ;
;   21.257 ;   0.000  ; FF ; IC   ; 2      ; LABCELL_X35_Y10_N3        ; u_sys|u_synth|u_l2|form|Add0~61|cin                                                     ;
;   21.257 ;   0.000  ; FF ; CELL ; 1      ; LABCELL_X35_Y10_N3        ; u_sys|u_synth|u_l2|form|Add0~61|cout                                                    ;
;   21.257 ;   0.000  ; FF ; IC   ; 2      ; LABCELL_X35_Y10_N6        ; u_sys|u_synth|u_l2|form|Add0~25|cin                                                     ;
;   21.309 ;   0.052  ; FF ; CELL ; 1      ; LABCELL_X35_Y10_N6        ; u_sys|u_synth|u_l2|form|Add0~25|cout                                                    ;
;   21.309 ;   0.000  ; FF ; IC   ; 2      ; LABCELL_X35_Y10_N9        ; u_sys|u_synth|u_l2|form|Add0~29|cin                                                     ;
;   21.309 ;   0.000  ; FF ; CELL ; 1      ; LABCELL_X35_Y10_N9        ; u_sys|u_synth|u_l2|form|Add0~29|cout                                                    ;
;   21.309 ;   0.000  ; FF ; IC   ; 2      ; LABCELL_X35_Y10_N12       ; u_sys|u_synth|u_l2|form|Add0~33|cin                                                     ;
;   21.361 ;   0.052  ; FF ; CELL ; 1      ; LABCELL_X35_Y10_N12       ; u_sys|u_synth|u_l2|form|Add0~33|cout                                                    ;
;   21.361 ;   0.000  ; FF ; IC   ; 2      ; LABCELL_X35_Y10_N15       ; u_sys|u_synth|u_l2|form|Add0~37|cin                                                     ;
;   21.361 ;   0.000  ; FF ; CELL ; 1      ; LABCELL_X35_Y10_N15       ; u_sys|u_synth|u_l2|form|Add0~37|cout                                                    ;
;   21.361 ;   0.000  ; FF ; IC   ; 2      ; LABCELL_X35_Y10_N18       ; u_sys|u_synth|u_l2|form|Add0~41|cin                                                     ;
;   21.413 ;   0.052  ; FF ; CELL ; 1      ; LABCELL_X35_Y10_N18       ; u_sys|u_synth|u_l2|form|Add0~41|cout                                                    ;
;   21.413 ;   0.000  ; FF ; IC   ; 2      ; LABCELL_X35_Y10_N21       ; u_sys|u_synth|u_l2|form|Add0~5|cin                                                      ;
;   21.413 ;   0.000  ; FF ; CELL ; 1      ; LABCELL_X35_Y10_N21       ; u_sys|u_synth|u_l2|form|Add0~5|cout                                                     ;
;   21.413 ;   0.000  ; FF ; IC   ; 2      ; LABCELL_X35_Y10_N24       ; u_sys|u_synth|u_l2|form|Add0~9|cin                                                      ;
;   21.479 ;   0.066  ; FF ; CELL ; 1      ; LABCELL_X35_Y10_N24       ; u_sys|u_synth|u_l2|form|Add0~9|cout                                                     ;
;   21.479 ;   0.000  ; FF ; IC   ; 2      ; LABCELL_X35_Y10_N27       ; u_sys|u_synth|u_l2|form|Add0~13|cin                                                     ;
;   21.479 ;   0.000  ; FF ; CELL ; 1      ; LABCELL_X35_Y10_N27       ; u_sys|u_synth|u_l2|form|Add0~13|cout                                                    ;
;   21.479 ;   0.000  ; FF ; IC   ; 2      ; LABCELL_X35_Y10_N30       ; u_sys|u_synth|u_l2|form|Add0~17|cin                                                     ;
;   21.609 ;   0.130  ; FF ; CELL ; 1      ; LABCELL_X35_Y10_N30       ; u_sys|u_synth|u_l2|form|Add0~17|cout                                                    ;
;   21.609 ;   0.000  ; FF ; IC   ; 2      ; LABCELL_X35_Y10_N33       ; u_sys|u_synth|u_l2|form|Add0~21|cin                                                     ;
;   21.762 ;   0.153  ; FR ; CELL ; 1      ; LABCELL_X35_Y10_N33       ; u_sys|u_synth|u_l2|form|Add0~21|sumout                                                  ;
;   22.090 ;   0.328  ; RR ; IC   ; 1      ; FF_X36_Y10_N32            ; u_sys|u_synth|u_l2|form|w_hi[30]|asdata                                                 ;
;   22.746 ;   0.656  ; RR ; CELL ; 1      ; FF_X36_Y10_N32            ; wpms_system:u_sys|wpms_synth_top:u_synth|wpms_l2_top:u_l2|wpms_formation:form|w_hi[30]  ;
+----------+----------+----+------+--------+---------------------------+-----------------------------------------------------------------------------------------+

+---------------------------------------------------------------------------------------------------------------------------------------------------------------+
; Data Required Path                                                                                                                                            ;
+----------+----------+----+------+--------+---------------------------+----------------------------------------------------------------------------------------+
; Total    ; Incr     ; RF ; Type ; Fanout ; Location                  ; Element                                                                                ;
+----------+----------+----+------+--------+---------------------------+----------------------------------------------------------------------------------------+
; 20.000   ; 20.000   ;    ;      ;        ;                           ; latch edge time                                                                        ;
; 24.338   ; 4.338    ;    ;      ;        ;                           ; clock path                                                                             ;
;   20.000 ;   0.000  ;    ;      ;        ;                           ; source latency                                                                         ;
;   20.000 ;   0.000  ;    ;      ; 1      ; PIN_V11                   ; FPGA_CLK1_50                                                                           ;
;   20.000 ;   0.000  ; RR ; IC   ; 1      ; IOIBUF_X32_Y0_N1          ; FPGA_CLK1_50~input|i                                                                   ;
;   20.785 ;   0.785  ; RR ; CELL ; 2      ; IOIBUF_X32_Y0_N1          ; FPGA_CLK1_50~input|o                                                                   ;
;   21.953 ;   1.168  ; RR ; IC   ; 1      ; PLLREFCLKSELECT_X0_Y7_N0  ; u_pll_sys|g_intel.g_one.u_pll|general[0].gpll~PLL_REFCLK_SELECT|clkin[0]               ;
;   22.265 ;   0.312  ; RR ; CELL ; 1      ; PLLREFCLKSELECT_X0_Y7_N0  ; u_pll_sys|g_intel.g_one.u_pll|general[0].gpll~PLL_REFCLK_SELECT|clkout                 ;
;   22.265 ;   0.000  ; RR ; IC   ; 10     ; FRACTIONALPLL_X0_Y1_N0    ; u_pll_sys|g_intel.g_one.u_pll|general[0].gpll~FRACTIONAL_PLL|refclkin                  ;
;   17.117 ;   -5.148 ; RR ; COMP ; 1      ; FRACTIONALPLL_X0_Y1_N0    ; u_pll_sys|g_intel.g_one.u_pll|general[0].gpll~FRACTIONAL_PLL|vcoph[0]                  ;
;   17.117 ;   0.000  ; RR ; IC   ; 1      ; PLLOUTPUTCOUNTER_X0_Y4_N1 ; u_pll_sys|g_intel.g_one.u_pll|general[0].gpll~PLL_OUTPUT_COUNTER|vco0ph[0]             ;
;   18.592 ;   1.475  ; RR ; CELL ; 1      ; PLLOUTPUTCOUNTER_X0_Y4_N1 ; u_pll_sys|g_intel.g_one.u_pll|general[0].gpll~PLL_OUTPUT_COUNTER|divclk                ;
;   19.544 ;   0.952  ; RR ; IC   ; 1      ; CLKCTRL_G3                ; u_pll_sys|g_intel.g_one.u_pll|outclk_wire[0]~CLKENA0|inclk                             ;
;   19.869 ;   0.325  ; RR ; CELL ; 13501  ; CLKCTRL_G3                ; u_pll_sys|g_intel.g_one.u_pll|outclk_wire[0]~CLKENA0|outclk                            ;
;   21.867 ;   1.998  ; RR ; IC   ; 1      ; FF_X36_Y10_N32            ; u_sys|u_synth|u_l2|form|w_hi[30]|clk                                                   ;
;   22.323 ;   0.456  ; RR ; CELL ; 1      ; FF_X36_Y10_N32            ; wpms_system:u_sys|wpms_synth_top:u_synth|wpms_l2_top:u_l2|wpms_formation:form|w_hi[30] ;
;   24.338 ;   2.015  ;    ;      ;        ;                           ; clock pessimism removed                                                                ;
; 24.258   ; -0.080   ;    ;      ;        ;                           ; clock uncertainty                                                                      ;
; 24.258   ; 0.000    ;    ; uTsu ; 1      ; FF_X36_Y10_N32            ; wpms_system:u_sys|wpms_synth_top:u_synth|wpms_l2_top:u_l2|wpms_formation:form|w_hi[30] ;
+----------+----------+----+------+--------+---------------------------+----------------------------------------------------------------------------------------+

----------------------------
; Extra Fitter Information ;
----------------------------
HTML report is unavailable in plain text report export.


Path #10: Setup slack is 1.547 
===============================================================================
+--------------------------------------------------------------------------------------------------------------+
; Path Summary                                                                                                 ;
+--------------------+-----------------------------------------------------------------------------------------+
; Property           ; Value                                                                                   ;
+--------------------+-----------------------------------------------------------------------------------------+
; From Node          ; wpms_system:u_sys|wpms_synth_top:u_synth|wpms_l2_top:u_l2|wpms_formation:form|x_mode[3] ;
; To Node            ; wpms_system:u_sys|wpms_synth_top:u_synth|wpms_l2_top:u_l2|wpms_formation:form|w_hi[23]  ;
; Launch Clock       ; u_pll_sys|g_intel.g_one.u_pll|general[0].gpll~PLL_OUTPUT_COUNTER|divclk                 ;
; Latch Clock        ; u_pll_sys|g_intel.g_one.u_pll|general[0].gpll~PLL_OUTPUT_COUNTER|divclk                 ;
; Data Arrival Time  ; 22.718                                                                                  ;
; Data Required Time ; 24.265                                                                                  ;
; Slack              ; 1.547                                                                                   ;
+--------------------+-----------------------------------------------------------------------------------------+

+--------------------------------------------------------------------------------------+
; Statistics                                                                           ;
+------------------------+--------+-------+-------------+------------+--------+--------+
; Property               ; Value  ; Count ; Total Delay ; % of Total ; Min    ; Max    ;
+------------------------+--------+-------+-------------+------------+--------+--------+
; Setup Relationship     ; 20.000 ;       ;             ;            ;        ;        ;
; Clock Skew             ; -0.114 ;       ;             ;            ;        ;        ;
; Data Delay             ; 18.259 ;       ;             ;            ;        ;        ;
; Number of Logic Levels ;        ; 9     ;             ;            ;        ;        ;
; Physical Delays        ;        ;       ;             ;            ;        ;        ;
;  Arrival Path          ;        ;       ;             ;            ;        ;        ;
;   Clock                ;        ;       ;             ;            ;        ;        ;
;    IC                  ;        ; 6     ; 4.758       ; 56         ; 0.000  ; 2.431  ;
;    Cell                ;        ; 5     ; 3.701       ; 44         ; 0.333  ; 1.702  ;
;    PLL Compensation    ;        ; 1     ; -4.000      ; 0          ; -4.000 ; -4.000 ;
;   Data                 ;        ;       ;             ;            ;        ;        ;
;    IC                  ;        ; 65    ; 5.720       ; 31         ; 0.000  ; 1.127  ;
;    Cell                ;        ; 66    ; 12.539      ; 69         ; 0.000  ; 4.401  ;
;    uTco                ;        ; 1     ; 0.000       ; 0          ; 0.000  ; 0.000  ;
;  Required Path         ;        ;       ;             ;            ;        ;        ;
;   Clock                ;        ;       ;             ;            ;        ;        ;
;    IC                  ;        ; 6     ; 4.118       ; 55         ; 0.000  ; 1.998  ;
;    Cell                ;        ; 5     ; 3.360       ; 45         ; 0.312  ; 1.475  ;
;    PLL Compensation    ;        ; 1     ; -5.148      ; 0          ; -5.148 ; -5.148 ;
+------------------------+--------+-------+-------------+------------+--------+--------+
Note: Negative delays are omitted from totals when calculating percentages

+----------------------------------------------------------------------------------------------------------------------------------------------------------------+
; Data Arrival Path                                                                                                                                              ;
+----------+----------+----+------+--------+---------------------------+-----------------------------------------------------------------------------------------+
; Total    ; Incr     ; RF ; Type ; Fanout ; Location                  ; Element                                                                                 ;
+----------+----------+----+------+--------+---------------------------+-----------------------------------------------------------------------------------------+
; 0.000    ; 0.000    ;    ;      ;        ;                           ; launch edge time                                                                        ;
; 4.459    ; 4.459    ;    ;      ;        ;                           ; clock path                                                                              ;
;   0.000  ;   0.000  ;    ;      ;        ;                           ; source latency                                                                          ;
;   0.000  ;   0.000  ;    ;      ; 1      ; PIN_V11                   ; FPGA_CLK1_50                                                                            ;
;   0.000  ;   0.000  ; RR ; IC   ; 1      ; IOIBUF_X32_Y0_N1          ; FPGA_CLK1_50~input|i                                                                    ;
;   0.785  ;   0.785  ; RR ; CELL ; 2      ; IOIBUF_X32_Y0_N1          ; FPGA_CLK1_50~input|o                                                                    ;
;   2.101  ;   1.316  ; RR ; IC   ; 1      ; PLLREFCLKSELECT_X0_Y7_N0  ; u_pll_sys|g_intel.g_one.u_pll|general[0].gpll~PLL_REFCLK_SELECT|clkin[0]                ;
;   2.434  ;   0.333  ; RR ; CELL ; 1      ; PLLREFCLKSELECT_X0_Y7_N0  ; u_pll_sys|g_intel.g_one.u_pll|general[0].gpll~PLL_REFCLK_SELECT|clkout                  ;
;   2.434  ;   0.000  ; RR ; IC   ; 10     ; FRACTIONALPLL_X0_Y1_N0    ; u_pll_sys|g_intel.g_one.u_pll|general[0].gpll~FRACTIONAL_PLL|refclkin                   ;
;   -1.566 ;   -4.000 ; RR ; COMP ; 1      ; FRACTIONALPLL_X0_Y1_N0    ; u_pll_sys|g_intel.g_one.u_pll|general[0].gpll~FRACTIONAL_PLL|vcoph[0]                   ;
;   -1.566 ;   0.000  ; RR ; IC   ; 1      ; PLLOUTPUTCOUNTER_X0_Y4_N1 ; u_pll_sys|g_intel.g_one.u_pll|general[0].gpll~PLL_OUTPUT_COUNTER|vco0ph[0]              ;
;   0.136  ;   1.702  ; RR ; CELL ; 1      ; PLLOUTPUTCOUNTER_X0_Y4_N1 ; u_pll_sys|g_intel.g_one.u_pll|general[0].gpll~PLL_OUTPUT_COUNTER|divclk                 ;
;   1.147  ;   1.011  ; RR ; IC   ; 1      ; CLKCTRL_G3                ; u_pll_sys|g_intel.g_one.u_pll|outclk_wire[0]~CLKENA0|inclk                              ;
;   1.495  ;   0.348  ; RR ; CELL ; 13501  ; CLKCTRL_G3                ; u_pll_sys|g_intel.g_one.u_pll|outclk_wire[0]~CLKENA0|outclk                             ;
;   3.926  ;   2.431  ; RR ; IC   ; 1      ; FF_X31_Y13_N41            ; u_sys|u_synth|u_l2|form|x_mode[3]|clk                                                   ;
;   4.459  ;   0.533  ; RR ; CELL ; 1      ; FF_X31_Y13_N41            ; wpms_system:u_sys|wpms_synth_top:u_synth|wpms_l2_top:u_l2|wpms_formation:form|x_mode[3] ;
; 22.718   ; 18.259   ;    ;      ;        ;                           ; data path                                                                               ;
;   4.459  ;   0.000  ;    ; uTco ; 1      ; FF_X31_Y13_N41            ; wpms_system:u_sys|wpms_synth_top:u_synth|wpms_l2_top:u_l2|wpms_formation:form|x_mode[3] ;
;   4.459  ;   0.000  ; RR ; CELL ; 6      ; FF_X31_Y13_N41            ; u_sys|u_synth|u_l2|form|x_mode[3]|q                                                     ;
;   4.792  ;   0.333  ; RR ; IC   ; 1      ; LABCELL_X31_Y13_N27       ; u_sys|u_synth|u_l2|form|Decoder0~0|datac                                                ;
;   5.322  ;   0.530  ; RF ; CELL ; 4      ; LABCELL_X31_Y13_N27       ; u_sys|u_synth|u_l2|form|Decoder0~0|combout                                              ;
;   5.648  ;   0.326  ; FF ; IC   ; 1      ; LABCELL_X31_Y13_N9        ; u_sys|u_synth|u_l2|form|WideOr3~1|dataf                                                 ;
;   5.739  ;   0.091  ; FF ; CELL ; 91     ; LABCELL_X31_Y13_N9        ; u_sys|u_synth|u_l2|form|WideOr3~1|combout                                               ;
;   5.946  ;   0.207  ; FF ; IC   ; 1      ; LABCELL_X31_Y13_N45       ; u_sys|u_synth|u_l2|form|Equal54~1|datac                                                 ;
;   6.496  ;   0.550  ; FF ; CELL ; 46     ; LABCELL_X31_Y13_N45       ; u_sys|u_synth|u_l2|form|Equal54~1|combout                                               ;
;   7.382  ;   0.886  ; FF ; IC   ; 1      ; LABCELL_X31_Y16_N48       ; u_sys|u_synth|u_l2|form|m_b[3]~3|datac                                                  ;
;   7.925  ;   0.543  ; FF ; CELL ; 2      ; LABCELL_X31_Y16_N48       ; u_sys|u_synth|u_l2|form|m_b[3]~3|combout                                                ;
;   8.523  ;   0.598  ; FF ; IC   ; 33     ; DSP_X32_Y12_N0            ; u_sys|u_synth|u_l2|form|Mult0~515|ay[3]                                                 ;
;   12.924 ;   4.401  ; FF ; CELL ; 1      ; DSP_X32_Y12_N0            ; u_sys|u_synth|u_l2|form|Mult0~515|resulta[11]                                           ;
;   14.051 ;   1.127  ; FF ; IC   ; 2      ; LABCELL_X33_Y12_N3        ; u_sys|u_synth|u_l2|form|Mult0~137|datac                                                 ;
;   14.958 ;   0.907  ; FF ; CELL ; 1      ; LABCELL_X33_Y12_N3        ; u_sys|u_synth|u_l2|form|Mult0~137|cout                                                  ;
;   14.958 ;   0.000  ; FF ; IC   ; 2      ; LABCELL_X33_Y12_N6        ; u_sys|u_synth|u_l2|form|Mult0~145|cin                                                   ;
;   15.010 ;   0.052  ; FF ; CELL ; 1      ; LABCELL_X33_Y12_N6        ; u_sys|u_synth|u_l2|form|Mult0~145|cout                                                  ;
;   15.010 ;   0.000  ; FF ; IC   ; 2      ; LABCELL_X33_Y12_N9        ; u_sys|u_synth|u_l2|form|Mult0~1|cin                                                     ;
;   15.010 ;   0.000  ; FF ; CELL ; 1      ; LABCELL_X33_Y12_N9        ; u_sys|u_synth|u_l2|form|Mult0~1|cout                                                    ;
;   15.010 ;   0.000  ; FF ; IC   ; 2      ; LABCELL_X33_Y12_N12       ; u_sys|u_synth|u_l2|form|Mult0~9|cin                                                     ;
;   15.062 ;   0.052  ; FF ; CELL ; 1      ; LABCELL_X33_Y12_N12       ; u_sys|u_synth|u_l2|form|Mult0~9|cout                                                    ;
;   15.062 ;   0.000  ; FF ; IC   ; 2      ; LABCELL_X33_Y12_N15       ; u_sys|u_synth|u_l2|form|Mult0~5|cin                                                     ;
;   15.062 ;   0.000  ; FF ; CELL ; 1      ; LABCELL_X33_Y12_N15       ; u_sys|u_synth|u_l2|form|Mult0~5|cout                                                    ;
;   15.062 ;   0.000  ; FF ; IC   ; 2      ; LABCELL_X33_Y12_N18       ; u_sys|u_synth|u_l2|form|Mult0~13|cin                                                    ;
;   15.114 ;   0.052  ; FF ; CELL ; 1      ; LABCELL_X33_Y12_N18       ; u_sys|u_synth|u_l2|form|Mult0~13|cout                                                   ;
;   15.114 ;   0.000  ; FF ; IC   ; 2      ; LABCELL_X33_Y12_N21       ; u_sys|u_synth|u_l2|form|Mult0~33|cin                                                    ;
;   15.114 ;   0.000  ; FF ; CELL ; 1      ; LABCELL_X33_Y12_N21       ; u_sys|u_synth|u_l2|form|Mult0~33|cout                                                   ;
;   15.114 ;   0.000  ; FF ; IC   ; 2      ; LABCELL_X33_Y12_N24       ; u_sys|u_synth|u_l2|form|Mult0~41|cin                                                    ;
;   15.180 ;   0.066  ; FF ; CELL ; 1      ; LABCELL_X33_Y12_N24       ; u_sys|u_synth|u_l2|form|Mult0~41|cout                                                   ;
;   15.180 ;   0.000  ; FF ; IC   ; 2      ; LABCELL_X33_Y12_N27       ; u_sys|u_synth|u_l2|form|Mult0~37|cin                                                    ;
;   15.180 ;   0.000  ; FF ; CELL ; 1      ; LABCELL_X33_Y12_N27       ; u_sys|u_synth|u_l2|form|Mult0~37|cout                                                   ;
;   15.180 ;   0.000  ; FF ; IC   ; 2      ; LABCELL_X33_Y12_N30       ; u_sys|u_synth|u_l2|form|Mult0~45|cin                                                    ;
;   15.658 ;   0.478  ; FF ; CELL ; 4      ; LABCELL_X33_Y12_N30       ; u_sys|u_synth|u_l2|form|Mult0~45|sumout                                                 ;
;   16.470 ;   0.812  ; FF ; IC   ; 1      ; MLABCELL_X34_Y11_N18      ; u_sys|u_synth|u_l2|form|ShiftRight1~84|datad                                            ;
;   17.125 ;   0.655  ; FF ; CELL ; 4      ; MLABCELL_X34_Y11_N18      ; u_sys|u_synth|u_l2|form|ShiftRight1~84|combout                                          ;
;   17.358 ;   0.233  ; FF ; IC   ; 1      ; MLABCELL_X34_Y11_N42      ; u_sys|u_synth|u_l2|form|ShiftRight1~146|datac                                           ;
;   17.909 ;   0.551  ; FF ; CELL ; 4      ; MLABCELL_X34_Y11_N42      ; u_sys|u_synth|u_l2|form|ShiftRight1~146|combout                                         ;
;   18.793 ;   0.884  ; FF ; IC   ; 2      ; LABCELL_X35_Y14_N54       ; u_sys|u_synth|u_l2|form|Add0~181|datac                                                  ;
;   19.736 ;   0.943  ; FF ; CELL ; 1      ; LABCELL_X35_Y14_N54       ; u_sys|u_synth|u_l2|form|Add0~181|cout                                                   ;
;   19.736 ;   0.000  ; FF ; IC   ; 2      ; LABCELL_X35_Y14_N57       ; u_sys|u_synth|u_l2|form|Add0~173|cin                                                    ;
;   19.736 ;   0.000  ; FF ; CELL ; 1      ; LABCELL_X35_Y14_N57       ; u_sys|u_synth|u_l2|form|Add0~173|cout                                                   ;
;   19.736 ;   0.000  ; FF ; IC   ; 2      ; LABCELL_X35_Y13_N30       ; u_sys|u_synth|u_l2|form|Add0~177|cin                                                    ;
;   19.892 ;   0.156  ; FF ; CELL ; 1      ; LABCELL_X35_Y13_N30       ; u_sys|u_synth|u_l2|form|Add0~177|cout                                                   ;
;   19.892 ;   0.000  ; FF ; IC   ; 2      ; LABCELL_X35_Y13_N33       ; u_sys|u_synth|u_l2|form|Add0~169|cin                                                    ;
;   19.892 ;   0.000  ; FF ; CELL ; 1      ; LABCELL_X35_Y13_N33       ; u_sys|u_synth|u_l2|form|Add0~169|cout                                                   ;
;   19.892 ;   0.000  ; FF ; IC   ; 2      ; LABCELL_X35_Y13_N36       ; u_sys|u_synth|u_l2|form|Add0~149|cin                                                    ;
;   19.944 ;   0.052  ; FF ; CELL ; 1      ; LABCELL_X35_Y13_N36       ; u_sys|u_synth|u_l2|form|Add0~149|cout                                                   ;
;   19.944 ;   0.000  ; FF ; IC   ; 2      ; LABCELL_X35_Y13_N39       ; u_sys|u_synth|u_l2|form|Add0~141|cin                                                    ;
;   19.944 ;   0.000  ; FF ; CELL ; 1      ; LABCELL_X35_Y13_N39       ; u_sys|u_synth|u_l2|form|Add0~141|cout                                                   ;
;   19.944 ;   0.000  ; FF ; IC   ; 2      ; LABCELL_X35_Y13_N42       ; u_sys|u_synth|u_l2|form|Add0~145|cin                                                    ;
;   19.996 ;   0.052  ; FF ; CELL ; 1      ; LABCELL_X35_Y13_N42       ; u_sys|u_synth|u_l2|form|Add0~145|cout                                                   ;
;   19.996 ;   0.000  ; FF ; IC   ; 2      ; LABCELL_X35_Y13_N45       ; u_sys|u_synth|u_l2|form|Add0~137|cin                                                    ;
;   19.996 ;   0.000  ; FF ; CELL ; 1      ; LABCELL_X35_Y13_N45       ; u_sys|u_synth|u_l2|form|Add0~137|cout                                                   ;
;   19.996 ;   0.000  ; FF ; IC   ; 2      ; LABCELL_X35_Y13_N48       ; u_sys|u_synth|u_l2|form|Add0~257|cin                                                    ;
;   20.048 ;   0.052  ; FF ; CELL ; 1      ; LABCELL_X35_Y13_N48       ; u_sys|u_synth|u_l2|form|Add0~257|cout                                                   ;
;   20.048 ;   0.000  ; FF ; IC   ; 2      ; LABCELL_X35_Y13_N51       ; u_sys|u_synth|u_l2|form|Add0~249|cin                                                    ;
;   20.048 ;   0.000  ; FF ; CELL ; 1      ; LABCELL_X35_Y13_N51       ; u_sys|u_synth|u_l2|form|Add0~249|cout                                                   ;
;   20.048 ;   0.000  ; FF ; IC   ; 2      ; LABCELL_X35_Y13_N54       ; u_sys|u_synth|u_l2|form|Add0~253|cin                                                    ;
;   20.097 ;   0.049  ; FF ; CELL ; 1      ; LABCELL_X35_Y13_N54       ; u_sys|u_synth|u_l2|form|Add0~253|cout                                                   ;
;   20.097 ;   0.000  ; FF ; IC   ; 2      ; LABCELL_X35_Y13_N57       ; u_sys|u_synth|u_l2|form|Add0~245|cin                                                    ;
;   20.097 ;   0.000  ; FF ; CELL ; 1      ; LABCELL_X35_Y13_N57       ; u_sys|u_synth|u_l2|form|Add0~245|cout                                                   ;
;   20.097 ;   0.000  ; FF ; IC   ; 2      ; LABCELL_X35_Y12_N30       ; u_sys|u_synth|u_l2|form|Add0~225|cin                                                    ;
;   20.253 ;   0.156  ; FF ; CELL ; 1      ; LABCELL_X35_Y12_N30       ; u_sys|u_synth|u_l2|form|Add0~225|cout                                                   ;
;   20.253 ;   0.000  ; FF ; IC   ; 2      ; LABCELL_X35_Y12_N33       ; u_sys|u_synth|u_l2|form|Add0~217|cin                                                    ;
;   20.253 ;   0.000  ; FF ; CELL ; 1      ; LABCELL_X35_Y12_N33       ; u_sys|u_synth|u_l2|form|Add0~217|cout                                                   ;
;   20.253 ;   0.000  ; FF ; IC   ; 2      ; LABCELL_X35_Y12_N36       ; u_sys|u_synth|u_l2|form|Add0~221|cin                                                    ;
;   20.305 ;   0.052  ; FF ; CELL ; 1      ; LABCELL_X35_Y12_N36       ; u_sys|u_synth|u_l2|form|Add0~221|cout                                                   ;
;   20.305 ;   0.000  ; FF ; IC   ; 2      ; LABCELL_X35_Y12_N39       ; u_sys|u_synth|u_l2|form|Add0~213|cin                                                    ;
;   20.305 ;   0.000  ; FF ; CELL ; 1      ; LABCELL_X35_Y12_N39       ; u_sys|u_synth|u_l2|form|Add0~213|cout                                                   ;
;   20.305 ;   0.000  ; FF ; IC   ; 2      ; LABCELL_X35_Y12_N42       ; u_sys|u_synth|u_l2|form|Add0~241|cin                                                    ;
;   20.357 ;   0.052  ; FF ; CELL ; 1      ; LABCELL_X35_Y12_N42       ; u_sys|u_synth|u_l2|form|Add0~241|cout                                                   ;
;   20.357 ;   0.000  ; FF ; IC   ; 2      ; LABCELL_X35_Y12_N45       ; u_sys|u_synth|u_l2|form|Add0~233|cin                                                    ;
;   20.357 ;   0.000  ; FF ; CELL ; 1      ; LABCELL_X35_Y12_N45       ; u_sys|u_synth|u_l2|form|Add0~233|cout                                                   ;
;   20.357 ;   0.000  ; FF ; IC   ; 2      ; LABCELL_X35_Y12_N48       ; u_sys|u_synth|u_l2|form|Add0~237|cin                                                    ;
;   20.409 ;   0.052  ; FF ; CELL ; 1      ; LABCELL_X35_Y12_N48       ; u_sys|u_synth|u_l2|form|Add0~237|cout                                                   ;
;   20.409 ;   0.000  ; FF ; IC   ; 2      ; LABCELL_X35_Y12_N51       ; u_sys|u_synth|u_l2|form|Add0~229|cin                                                    ;
;   20.409 ;   0.000  ; FF ; CELL ; 1      ; LABCELL_X35_Y12_N51       ; u_sys|u_synth|u_l2|form|Add0~229|cout                                                   ;
;   20.409 ;   0.000  ; FF ; IC   ; 2      ; LABCELL_X35_Y12_N54       ; u_sys|u_synth|u_l2|form|Add0~209|cin                                                    ;
;   20.458 ;   0.049  ; FF ; CELL ; 1      ; LABCELL_X35_Y12_N54       ; u_sys|u_synth|u_l2|form|Add0~209|cout                                                   ;
;   20.458 ;   0.000  ; FF ; IC   ; 2      ; LABCELL_X35_Y12_N57       ; u_sys|u_synth|u_l2|form|Add0~201|cin                                                    ;
;   20.458 ;   0.000  ; FF ; CELL ; 1      ; LABCELL_X35_Y12_N57       ; u_sys|u_synth|u_l2|form|Add0~201|cout                                                   ;
;   20.458 ;   0.000  ; FF ; IC   ; 2      ; LABCELL_X35_Y11_N0        ; u_sys|u_synth|u_l2|form|Add0~205|cin                                                    ;
;   20.579 ;   0.121  ; FF ; CELL ; 1      ; LABCELL_X35_Y11_N0        ; u_sys|u_synth|u_l2|form|Add0~205|cout                                                   ;
;   20.579 ;   0.000  ; FF ; IC   ; 2      ; LABCELL_X35_Y11_N3        ; u_sys|u_synth|u_l2|form|Add0~1|cin                                                      ;
;   20.579 ;   0.000  ; FF ; CELL ; 1      ; LABCELL_X35_Y11_N3        ; u_sys|u_synth|u_l2|form|Add0~1|cout                                                     ;
;   20.579 ;   0.000  ; FF ; IC   ; 2      ; LABCELL_X35_Y11_N6        ; u_sys|u_synth|u_l2|form|Add0~105|cin                                                    ;
;   20.631 ;   0.052  ; FF ; CELL ; 1      ; LABCELL_X35_Y11_N6        ; u_sys|u_synth|u_l2|form|Add0~105|cout                                                   ;
;   20.631 ;   0.000  ; FF ; IC   ; 2      ; LABCELL_X35_Y11_N9        ; u_sys|u_synth|u_l2|form|Add0~109|cin                                                    ;
;   20.631 ;   0.000  ; FF ; CELL ; 1      ; LABCELL_X35_Y11_N9        ; u_sys|u_synth|u_l2|form|Add0~109|cout                                                   ;
;   20.631 ;   0.000  ; FF ; IC   ; 2      ; LABCELL_X35_Y11_N12       ; u_sys|u_synth|u_l2|form|Add0~113|cin                                                    ;
;   20.683 ;   0.052  ; FF ; CELL ; 1      ; LABCELL_X35_Y11_N12       ; u_sys|u_synth|u_l2|form|Add0~113|cout                                                   ;
;   20.683 ;   0.000  ; FF ; IC   ; 2      ; LABCELL_X35_Y11_N15       ; u_sys|u_synth|u_l2|form|Add0~117|cin                                                    ;
;   20.683 ;   0.000  ; FF ; CELL ; 1      ; LABCELL_X35_Y11_N15       ; u_sys|u_synth|u_l2|form|Add0~117|cout                                                   ;
;   20.683 ;   0.000  ; FF ; IC   ; 2      ; LABCELL_X35_Y11_N18       ; u_sys|u_synth|u_l2|form|Add0~121|cin                                                    ;
;   20.735 ;   0.052  ; FF ; CELL ; 1      ; LABCELL_X35_Y11_N18       ; u_sys|u_synth|u_l2|form|Add0~121|cout                                                   ;
;   20.735 ;   0.000  ; FF ; IC   ; 2      ; LABCELL_X35_Y11_N21       ; u_sys|u_synth|u_l2|form|Add0~85|cin                                                     ;
;   20.735 ;   0.000  ; FF ; CELL ; 1      ; LABCELL_X35_Y11_N21       ; u_sys|u_synth|u_l2|form|Add0~85|cout                                                    ;
;   20.735 ;   0.000  ; FF ; IC   ; 2      ; LABCELL_X35_Y11_N24       ; u_sys|u_synth|u_l2|form|Add0~89|cin                                                     ;
;   20.801 ;   0.066  ; FF ; CELL ; 1      ; LABCELL_X35_Y11_N24       ; u_sys|u_synth|u_l2|form|Add0~89|cout                                                    ;
;   20.801 ;   0.000  ; FF ; IC   ; 2      ; LABCELL_X35_Y11_N27       ; u_sys|u_synth|u_l2|form|Add0~93|cin                                                     ;
;   20.801 ;   0.000  ; FF ; CELL ; 1      ; LABCELL_X35_Y11_N27       ; u_sys|u_synth|u_l2|form|Add0~93|cout                                                    ;
;   20.801 ;   0.000  ; FF ; IC   ; 2      ; LABCELL_X35_Y11_N30       ; u_sys|u_synth|u_l2|form|Add0~97|cin                                                     ;
;   20.931 ;   0.130  ; FF ; CELL ; 1      ; LABCELL_X35_Y11_N30       ; u_sys|u_synth|u_l2|form|Add0~97|cout                                                    ;
;   20.931 ;   0.000  ; FF ; IC   ; 2      ; LABCELL_X35_Y11_N33       ; u_sys|u_synth|u_l2|form|Add0~101|cin                                                    ;
;   20.931 ;   0.000  ; FF ; CELL ; 1      ; LABCELL_X35_Y11_N33       ; u_sys|u_synth|u_l2|form|Add0~101|cout                                                   ;
;   20.931 ;   0.000  ; FF ; IC   ; 2      ; LABCELL_X35_Y11_N36       ; u_sys|u_synth|u_l2|form|Add0~65|cin                                                     ;
;   20.983 ;   0.052  ; FF ; CELL ; 1      ; LABCELL_X35_Y11_N36       ; u_sys|u_synth|u_l2|form|Add0~65|cout                                                    ;
;   20.983 ;   0.000  ; FF ; IC   ; 2      ; LABCELL_X35_Y11_N39       ; u_sys|u_synth|u_l2|form|Add0~69|cin                                                     ;
;   20.983 ;   0.000  ; FF ; CELL ; 1      ; LABCELL_X35_Y11_N39       ; u_sys|u_synth|u_l2|form|Add0~69|cout                                                    ;
;   20.983 ;   0.000  ; FF ; IC   ; 2      ; LABCELL_X35_Y11_N42       ; u_sys|u_synth|u_l2|form|Add0~73|cin                                                     ;
;   21.035 ;   0.052  ; FF ; CELL ; 1      ; LABCELL_X35_Y11_N42       ; u_sys|u_synth|u_l2|form|Add0~73|cout                                                    ;
;   21.035 ;   0.000  ; FF ; IC   ; 2      ; LABCELL_X35_Y11_N45       ; u_sys|u_synth|u_l2|form|Add0~77|cin                                                     ;
;   21.035 ;   0.000  ; FF ; CELL ; 1      ; LABCELL_X35_Y11_N45       ; u_sys|u_synth|u_l2|form|Add0~77|cout                                                    ;
;   21.035 ;   0.000  ; FF ; IC   ; 2      ; LABCELL_X35_Y11_N48       ; u_sys|u_synth|u_l2|form|Add0~81|cin                                                     ;
;   21.087 ;   0.052  ; FF ; CELL ; 1      ; LABCELL_X35_Y11_N48       ; u_sys|u_synth|u_l2|form|Add0~81|cout                                                    ;
;   21.087 ;   0.000  ; FF ; IC   ; 2      ; LABCELL_X35_Y11_N51       ; u_sys|u_synth|u_l2|form|Add0~45|cin                                                     ;
;   21.087 ;   0.000  ; FF ; CELL ; 1      ; LABCELL_X35_Y11_N51       ; u_sys|u_synth|u_l2|form|Add0~45|cout                                                    ;
;   21.087 ;   0.000  ; FF ; IC   ; 2      ; LABCELL_X35_Y11_N54       ; u_sys|u_synth|u_l2|form|Add0~49|cin                                                     ;
;   21.136 ;   0.049  ; FF ; CELL ; 1      ; LABCELL_X35_Y11_N54       ; u_sys|u_synth|u_l2|form|Add0~49|cout                                                    ;
;   21.136 ;   0.000  ; FF ; IC   ; 2      ; LABCELL_X35_Y11_N57       ; u_sys|u_synth|u_l2|form|Add0~53|cin                                                     ;
;   21.136 ;   0.000  ; FF ; CELL ; 1      ; LABCELL_X35_Y11_N57       ; u_sys|u_synth|u_l2|form|Add0~53|cout                                                    ;
;   21.136 ;   0.000  ; FF ; IC   ; 2      ; LABCELL_X35_Y10_N0        ; u_sys|u_synth|u_l2|form|Add0~57|cin                                                     ;
;   21.257 ;   0.121  ; FF ; CELL ; 1      ; LABCELL_X35_Y10_N0        ; u_sys|u_synth|u_l2|form|Add0~57|cout                                                    ;
;   21.257 ;   0.000  ; FF ; IC   ; 2      ; LABCELL_X35_Y10_N3        ; u_sys|u_synth|u_l2|form|Add0~61|cin                                                     ;
;   21.257 ;   0.000  ; FF ; CELL ; 1      ; LABCELL_X35_Y10_N3        ; u_sys|u_synth|u_l2|form|Add0~61|cout                                                    ;
;   21.257 ;   0.000  ; FF ; IC   ; 2      ; LABCELL_X35_Y10_N6        ; u_sys|u_synth|u_l2|form|Add0~25|cin                                                     ;
;   21.309 ;   0.052  ; FF ; CELL ; 1      ; LABCELL_X35_Y10_N6        ; u_sys|u_synth|u_l2|form|Add0~25|cout                                                    ;
;   21.309 ;   0.000  ; FF ; IC   ; 2      ; LABCELL_X35_Y10_N9        ; u_sys|u_synth|u_l2|form|Add0~29|cin                                                     ;
;   21.309 ;   0.000  ; FF ; CELL ; 1      ; LABCELL_X35_Y10_N9        ; u_sys|u_synth|u_l2|form|Add0~29|cout                                                    ;
;   21.309 ;   0.000  ; FF ; IC   ; 2      ; LABCELL_X35_Y10_N12       ; u_sys|u_synth|u_l2|form|Add0~33|cin                                                     ;
;   21.732 ;   0.423  ; FF ; CELL ; 1      ; LABCELL_X35_Y10_N12       ; u_sys|u_synth|u_l2|form|Add0~33|sumout                                                  ;
;   22.046 ;   0.314  ; FF ; IC   ; 1      ; FF_X36_Y10_N47            ; u_sys|u_synth|u_l2|form|w_hi[23]|asdata                                                 ;
;   22.718 ;   0.672  ; FF ; CELL ; 1      ; FF_X36_Y10_N47            ; wpms_system:u_sys|wpms_synth_top:u_synth|wpms_l2_top:u_l2|wpms_formation:form|w_hi[23]  ;
+----------+----------+----+------+--------+---------------------------+-----------------------------------------------------------------------------------------+

+---------------------------------------------------------------------------------------------------------------------------------------------------------------+
; Data Required Path                                                                                                                                            ;
+----------+----------+----+------+--------+---------------------------+----------------------------------------------------------------------------------------+
; Total    ; Incr     ; RF ; Type ; Fanout ; Location                  ; Element                                                                                ;
+----------+----------+----+------+--------+---------------------------+----------------------------------------------------------------------------------------+
; 20.000   ; 20.000   ;    ;      ;        ;                           ; latch edge time                                                                        ;
; 24.345   ; 4.345    ;    ;      ;        ;                           ; clock path                                                                             ;
;   20.000 ;   0.000  ;    ;      ;        ;                           ; source latency                                                                         ;
;   20.000 ;   0.000  ;    ;      ; 1      ; PIN_V11                   ; FPGA_CLK1_50                                                                           ;
;   20.000 ;   0.000  ; RR ; IC   ; 1      ; IOIBUF_X32_Y0_N1          ; FPGA_CLK1_50~input|i                                                                   ;
;   20.785 ;   0.785  ; RR ; CELL ; 2      ; IOIBUF_X32_Y0_N1          ; FPGA_CLK1_50~input|o                                                                   ;
;   21.953 ;   1.168  ; RR ; IC   ; 1      ; PLLREFCLKSELECT_X0_Y7_N0  ; u_pll_sys|g_intel.g_one.u_pll|general[0].gpll~PLL_REFCLK_SELECT|clkin[0]               ;
;   22.265 ;   0.312  ; RR ; CELL ; 1      ; PLLREFCLKSELECT_X0_Y7_N0  ; u_pll_sys|g_intel.g_one.u_pll|general[0].gpll~PLL_REFCLK_SELECT|clkout                 ;
;   22.265 ;   0.000  ; RR ; IC   ; 10     ; FRACTIONALPLL_X0_Y1_N0    ; u_pll_sys|g_intel.g_one.u_pll|general[0].gpll~FRACTIONAL_PLL|refclkin                  ;
;   17.117 ;   -5.148 ; RR ; COMP ; 1      ; FRACTIONALPLL_X0_Y1_N0    ; u_pll_sys|g_intel.g_one.u_pll|general[0].gpll~FRACTIONAL_PLL|vcoph[0]                  ;
;   17.117 ;   0.000  ; RR ; IC   ; 1      ; PLLOUTPUTCOUNTER_X0_Y4_N1 ; u_pll_sys|g_intel.g_one.u_pll|general[0].gpll~PLL_OUTPUT_COUNTER|vco0ph[0]             ;
;   18.592 ;   1.475  ; RR ; CELL ; 1      ; PLLOUTPUTCOUNTER_X0_Y4_N1 ; u_pll_sys|g_intel.g_one.u_pll|general[0].gpll~PLL_OUTPUT_COUNTER|divclk                ;
;   19.544 ;   0.952  ; RR ; IC   ; 1      ; CLKCTRL_G3                ; u_pll_sys|g_intel.g_one.u_pll|outclk_wire[0]~CLKENA0|inclk                             ;
;   19.869 ;   0.325  ; RR ; CELL ; 13501  ; CLKCTRL_G3                ; u_pll_sys|g_intel.g_one.u_pll|outclk_wire[0]~CLKENA0|outclk                            ;
;   21.867 ;   1.998  ; RR ; IC   ; 1      ; FF_X36_Y10_N47            ; u_sys|u_synth|u_l2|form|w_hi[23]|clk                                                   ;
;   22.330 ;   0.463  ; RR ; CELL ; 1      ; FF_X36_Y10_N47            ; wpms_system:u_sys|wpms_synth_top:u_synth|wpms_l2_top:u_l2|wpms_formation:form|w_hi[23] ;
;   24.345 ;   2.015  ;    ;      ;        ;                           ; clock pessimism removed                                                                ;
; 24.265   ; -0.080   ;    ;      ;        ;                           ; clock uncertainty                                                                      ;
; 24.265   ; 0.000    ;    ; uTsu ; 1      ; FF_X36_Y10_N47            ; wpms_system:u_sys|wpms_synth_top:u_synth|wpms_l2_top:u_l2|wpms_formation:form|w_hi[23] ;
+----------+----------+----+------+--------+---------------------------+----------------------------------------------------------------------------------------+

----------------------------
; Extra Fitter Information ;
----------------------------
HTML report is unavailable in plain text report export.


